sha	date	subject	disposition
7070e499b0c3ab6d346b90e7d0e73a521cd2f4c7	2026-07-01T15:41:37Z	Merge pull request #17 from ctxrs/ctx/catalog-index-checkpoint-fix	Deferred: no independently portable change selected from metadata; inspect diff if a concrete need arises.
b2fe2d6a2956b26c839c7d74e69711db99195cec	2026-07-01T16:46:35Z	Harden public SDLC truthfulness gates	Deferred: no independently portable change selected from metadata; inspect diff if a concrete need arises.
5197f9a3db76758a73ced4f6eb7fe9c998949253	2026-07-01T14:55:30Z	search: make subagent history opt-in	Deferred: no independently portable change selected from metadata; inspect diff if a concrete need arises.
f7abab927dac58ae8e37a1e52d6b3d98f73b2f26	2026-07-01T14:58:43Z	sql: link touched files through capture sources	Deferred: no independently portable change selected from metadata; inspect diff if a concrete need arises.
8ad513fa6012c52798d97e25c29e6dd1a56a053c	2026-07-01T15:01:54Z	docs: add sql reference topic	Deferred: no independently portable change selected from metadata; inspect diff if a concrete need arises.
af0ea113fc967b720a0c4d825ac2c93cfd62b5a0	2026-07-01T15:02:50Z	skills: teach agents advanced ctx workflows	Deferred: no independently portable change selected from metadata; inspect diff if a concrete need arises.
0c84233da3b546b4b79aad0594f4849901b44f4c	2026-07-01T15:07:26Z	cli: clarify search filters and accept id prefixes	Deferred: no independently portable change selected from metadata; inspect diff if a concrete need arises.
3b879a4fbc020daca7554fa761365b56185411af	2026-07-01T15:08:49Z	docs: suppress weak docs search matches	Deferred: no independently portable change selected from metadata; inspect diff if a concrete need arises.
f7122b5cbfb036760ae0903167eaf45a8c0289d2	2026-07-01T15:11:58Z	doctor: report progress during health checks	Deferred: no independently portable change selected from metadata; inspect diff if a concrete need arises.
be847f9b9786e84c9aba78e99f26492191ff40c8	2026-07-01T15:13:26Z	docs: suggest recovery commands for missing topics	Deferred: no independently portable change selected from metadata; inspect diff if a concrete need arises.
6c4e96d53867dd140f351d83c7f7b7063f3317d0	2026-07-01T15:15:05Z	release: bump ctx to 0.13.0	Deferred: no independently portable change selected from metadata; inspect diff if a concrete need arises.
c1d3c5abcb6a3cce60f49025df1e7c4b83d942e5	2026-07-01T15:17:43Z	docs: expose mcp and upgrade topics	Excluded by fork guardrail: network, telemetry, updater, or release-signing surface.
05f9780b5154f4b21f62f4dd507b5aaf772fbccc	2026-07-01T15:19:29Z	search: keep legacy primary flag out of JSON	Deferred: no independently portable change selected from metadata; inspect diff if a concrete need arises.
b0a2b4bac2eb6c17d28aed30ddd854bdf852eaa3	2026-07-01T15:20:28Z	docs: clarify provider names in outputs	Deferred: provider/import change not selected; no bounded, demonstrated fork gap established in this pass.
8d83bc2318eeafa4008bfd0e62259ef5f5f8f690	2026-07-01T15:28:01Z	search: derive default filter state	Deferred: no independently portable change selected from metadata; inspect diff if a concrete need arises.
aee1500a1bde475890750114698e5a4c80d17e1f	2026-07-01T15:33:08Z	search: filter subagent sections by default	Deferred: no independently portable change selected from metadata; inspect diff if a concrete need arises.
59b64ba8769eddbcef6577d214332b6cde15c7df	2026-07-01T16:36:20Z	test: keep checkpoint helpers clippy-clean	Deferred: no independently portable change selected from metadata; inspect diff if a concrete need arises.
7a37b3743910456f9f3bbf4943b278494f29d3d5	2026-07-01T17:40:36Z	build: support Darwin CLI release artifacts from Linux	Deferred: no independently portable change selected from metadata; inspect diff if a concrete need arises.
e0508ed6ec4b48dca2e97cdaffec5b4c168db43c	2026-07-01T17:54:30Z	ci: cross-build macOS CLI artifacts on Linux	Deferred: no independently portable change selected from metadata; inspect diff if a concrete need arises.
5e58db0981079b7bab357b3616b233b68abb35af	2026-07-01T18:27:20Z	Merge branch 'ctx/in-repo-sdks'	Excluded by fork guardrail: SDK/contracts/build or hosted-install/release/marketing surface.
a00ba5f592c063727467e604799388debde594bf	2026-07-01T18:24:03Z	Add privacy-safe telemetry device identity	Excluded by fork guardrail: network, telemetry, updater, or release-signing surface.
88e95cbb8ddcde9b0e6ecdf9514b1267f947d224	2026-07-01T18:54:05Z	Harden ctx release and archive coverage	Deferred: no independently portable change selected from metadata; inspect diff if a concrete need arises.
b992ceb13aad29e00d461a5fe3ce3a8217a70add	2026-07-01T19:16:17Z	release: bump ctx to 0.14.0	Deferred: no independently portable change selected from metadata; inspect diff if a concrete need arises.
2d6384ce72129932faacc9e42696943c76b39ee0	2026-07-01T23:07:55Z	Add native personal agent history providers	Deferred: provider/import change not selected; no bounded, demonstrated fork gap established in this pass.
1115d2f5eb4fae2e72fa4053b128295d665ee94b	2026-07-01T23:23:37Z	Merge pull request #21 from ctxrs/codex/native-personal-agent-history	Deferred: provider/import change not selected; no bounded, demonstrated fork gap established in this pass.
0102a471e08097bb92f1be4940bc150522b63d3e	2026-07-01T23:57:40Z	release: bump ctx to 0.15.0	Deferred: no independently portable change selected from metadata; inspect diff if a concrete need arises.
aa803246aed0da9b1c40d9d4d627196cd5e272ef	2026-07-01T23:58:45Z	Merge pull request #22 from ctxrs/codex/ctx-0.15-release	Deferred: provider/import change not selected; no bounded, demonstrated fork gap established in this pass.
8da325a41c82660a24b14f2db45977ac127b61a1	2026-07-02T07:06:22Z	fix(cli): improve error for nonexistent import paths	Deferred: provider/import change not selected; no bounded, demonstrated fork gap established in this pass.
6e7e43a0f9853c7f1798f72e7de236028d7125f3	2026-07-02T14:23:32Z	polish import path validation test	Deferred: provider/import change not selected; no bounded, demonstrated fork gap established in this pass.
4aa676f238e0e0a2062e2a3366160980889aca20	2026-07-02T14:24:04Z	Merge pull request #23 from Atharvapatil2005/fix/nonexistent-import-path	Deferred: provider/import change not selected; no bounded, demonstrated fork gap established in this pass.
3e7a7834144192b6efe41779ae102889fe7cb717	2026-07-02T14:38:00Z	harden import source UX	Deferred: provider/import change not selected; no bounded, demonstrated fork gap established in this pass.
b3fa84963df1967ff261d1e99a2870a627da6818	2026-07-02T14:38:54Z	Merge pull request #24 from ctxrs/codex/import-source-ux-hardening	Deferred: provider/import change not selected; no bounded, demonstrated fork gap established in this pass.
1fd55abd44e0f0692df4de2ca1c834fc8b2e0758	2026-07-02T14:54:54Z	Update README banner headline	Deferred: no independently portable change selected from metadata; inspect diff if a concrete need arises.
b703bf41afa20ec08482f418e362060c46e3f7ab	2026-07-02T15:51:01Z	Merge pull request #25 from ctxrs/codex/readme-banner-agent-history	Deferred: provider/import change not selected; no bounded, demonstrated fork gap established in this pass.
3dc8188622699178903f08633affc5266861e8ac	2026-07-01T16:33:21Z	Add custom history JSONL import	Deferred: provider/import change not selected; no bounded, demonstrated fork gap established in this pass.
896b37f10099348e97d78aec4903458de3db9c2b	2026-07-01T18:18:30Z	Add history source plugin imports	Deferred: provider/import change not selected; no bounded, demonstrated fork gap established in this pass.
d3010a4b81f62494312bbd5e4afd684504326ba6	2026-07-01T20:12:19Z	Add search refresh for history source plugins	Deferred: no independently portable change selected from metadata; inspect diff if a concrete need arises.
9b5f0228db8ba0d4bfae620b9e736aca79f7a150	2026-07-02T16:11:51Z	Tighten history source plugin API	Deferred: no independently portable change selected from metadata; inspect diff if a concrete need arises.
0e4a7fa6242555194554478f3376061cc386efd9	2026-07-02T16:31:57Z	Link history source plugin docs from README	Deferred: no independently portable change selected from metadata; inspect diff if a concrete need arises.
ba0d203418900fff54c71948d9876f6727ebed7d	2026-07-02T17:21:21Z	Tighten history source plugin docs	Deferred: no independently portable change selected from metadata; inspect diff if a concrete need arises.
845d1e5ba989b92acdaf9d83e93442802c52ad6c	2026-07-02T17:57:38Z	Release ctx CLI 0.16.0	Deferred: no independently portable change selected from metadata; inspect diff if a concrete need arises.
908e0ed5cefc4dbedbf990023ed9ed60535db635	2026-07-02T23:58:47Z	Tighten search intent contract	Excluded by fork guardrail: SDK/contracts/build or hosted-install/release/marketing surface.
72b4e5cbd8a2387c2ed504a661502ae87ad40371	2026-07-03T00:12:22Z	Harden read-only search and doctor paths	Deferred: no independently portable change selected from metadata; inspect diff if a concrete need arises.
f9dd350c258da7c2d8641920608d564e7a40fa67	2026-07-03T00:28:09Z	Require providers for native path imports	Deferred: provider/import change not selected; no bounded, demonstrated fork gap established in this pass.
1c7583c9138d77ebdb649ef36bc98277131e9bc5	2026-07-03T00:39:33Z	Prepare 0.17.0 release hardening	Deferred: no independently portable change selected from metadata; inspect diff if a concrete need arises.
4da7c41cffeb402126136f2ae902f2ea039556ff	2026-07-03T03:28:03Z	Skip unreadable child dirs while probing providers	Deferred: provider/import change not selected; no bounded, demonstrated fork gap established in this pass.
cd8979c39daf00d9df8d14db80ff558a348f38d1	2026-07-03T03:33:45Z	Make file-only search exact	Deferred: no independently portable change selected from metadata; inspect diff if a concrete need arises.
9f357a459e6b005f02669ad6377e202b36ec3703	2026-07-03T03:33:58Z	Fail loudly on malformed config	Deferred: no independently portable change selected from metadata; inspect diff if a concrete need arises.
98158fafa17b43dc059de85a814db35644ceece1	2026-07-03T03:34:22Z	Harden upgrade diagnostics and locking	Excluded by fork guardrail: network, telemetry, updater, or release-signing surface.
e1b140fa0ec9637588368eaf86a3815c9698ec85	2026-07-03T03:36:02Z	Clarify local preview redaction state	Deferred: no independently portable change selected from metadata; inspect diff if a concrete need arises.
c91bb7f05ef62b9d62a3636064a976c9ceef8bf9	2026-07-03T03:38:53Z	Require search intent in SDKs	Excluded by fork guardrail: SDK/contracts/build or hosted-install/release/marketing surface.
2093d7443b0cc6e66a372eea33a5297631731d2e	2026-07-03T04:18:42Z	Scope provider provenance by source (#36)	Deferred: provider/import change not selected; no bounded, demonstrated fork gap established in this pass.
697922ed70ce12a15239012c42f13e4824275d80	2026-07-03T04:42:52Z	Initialize stores in refresh-off CLI tests (#37)	Deferred: no independently portable change selected from metadata; inspect diff if a concrete need arises.
bac5dd5927dae0270475c1c850c6a5e6eb59bf7d	2026-07-03T18:34:59Z	Add CLI install handoff diagnostics	Deferred: no independently portable change selected from metadata; inspect diff if a concrete need arises.
f57ed7ce3cfe4854ec49d5507f7dd00745b4ec2d	2026-07-03T20:12:21Z	Fix Pi session directory imports	Deferred: provider/import change not selected; no bounded, demonstrated fork gap established in this pass.
d5dee3d28e48d7c2a389f0a5d197561a62f73c19	2026-07-03T20:30:34Z	Prepare 0.19.0 release	Deferred: no independently portable change selected from metadata; inspect diff if a concrete need arises.
ac8c43f0e2e16346b8d2e0329c1d2750ddb29796	2026-07-03T21:12:18Z	fix(cli): prevent overflow panic in --since parsing (#38)	Deferred: no independently portable change selected from metadata; inspect diff if a concrete need arises.
ea566996f9d8d219aa03ef77d55c134a16b817b7	2026-07-03T23:21:06Z	Add Shelley native history provider	Deferred: provider/import change not selected; no bounded, demonstrated fork gap established in this pass.
cb33a721549564311b7fba363d3ba650a3e311cb	2026-07-03T22:30:46Z	Harden CLI parser boundaries	Deferred: no independently portable change selected from metadata; inspect diff if a concrete need arises.
48d764607afec4255b469139f0d391a8d6b95f1d	2026-07-03T22:39:34Z	Bound MCP and SQL result resources	Deferred: no independently portable change selected from metadata; inspect diff if a concrete need arises.
c4f5cf7d922c66bf0763278a0e5240431c624541	2026-07-03T22:41:48Z	Reject corrupt unsigned store fields	Deferred: no independently portable change selected from metadata; inspect diff if a concrete need arises.
78b3d50e2e2ac46b2c8d60d26bad80755405e1b5	2026-07-03T22:43:57Z	Guard OpenCode SQLite normalizer paths	Deferred: provider/import change not selected; no bounded, demonstrated fork gap established in this pass.
196df64eb0e6fd6050cfde0ad670c631e4c8ec68	2026-07-03T22:46:58Z	Tighten MCP framing and result caps	Deferred: no independently portable change selected from metadata; inspect diff if a concrete need arises.
0faa4f199629901110f0ef2fe257c7cec013d93b	2026-07-03T22:50:39Z	Reject negative provider SQLite indexes	Deferred: provider/import change not selected; no bounded, demonstrated fork gap established in this pass.
502a403d361322b3393f9b7a4f8d2f36a3959c1a	2026-07-03T22:54:48Z	Bound provider JSONL line reads	Deferred: provider/import change not selected; no bounded, demonstrated fork gap established in this pass.
b8d384386e1e3a6aebd6804ee6b54619213ed69e	2026-07-03T22:56:12Z	Reject symlinked provider path parents	Deferred: provider/import change not selected; no bounded, demonstrated fork gap established in this pass.
5e0fcf56e23edf8a2d11656f516df3640176d58a	2026-07-03T23:09:03Z	Cap upgrade network downloads	Excluded by fork guardrail: network, telemetry, updater, or release-signing surface.
28b000f9e5f38e41c62a23e27affc3a9af603651	2026-07-03T23:24:58Z	Reject malformed provider times	Deferred: provider/import change not selected; no bounded, demonstrated fork gap established in this pass.
81dde912b060cfd16168449ef5899b76b612551e	2026-07-03T23:26:25Z	Bound Codex catalog line reads	Deferred: provider/import change not selected; no bounded, demonstrated fork gap established in this pass.
0a779d9f24f66cf84bbf6874e9df1d511ae5cfa0	2026-07-03T23:29:09Z	Bound show event window queries	Deferred: no independently portable change selected from metadata; inspect diff if a concrete need arises.
86fb04bfec3335eb13c94cd1c3f2f4d6978aa7d8	2026-07-03T23:30:09Z	Limit provider session lookup	Deferred: provider/import change not selected; no bounded, demonstrated fork gap established in this pass.
bb13a6d57d8b10edc68036685a48b57d9b266252	2026-07-03T23:31:18Z	Cap history plugin manifests	Deferred: no independently portable change selected from metadata; inspect diff if a concrete need arises.
97a0b9557dabaa4f3a5cab0514a05cdc2e36dfc9	2026-07-03T23:33:33Z	Cap history plugin output lines	Deferred: no independently portable change selected from metadata; inspect diff if a concrete need arises.
9c8bac08fc89534a19b7e11b3be54e2f7bb57bdc	2026-07-04T01:42:37Z	Cap native provider SQLite values	Context for selected OpenCode bound; superseded/refined upstream; inspect with following commits.
c442373c976195c835b2e1dcb292a473c0b1dc8c	2026-07-04T01:45:21Z	Cap OpenClaw session sidecars	Deferred: no independently portable change selected from metadata; inspect diff if a concrete need arises.
f52a3835dcc38dba99d0a5867dbab90804c83628	2026-07-04T01:56:06Z	Reject invalid OpenCode timestamps	Deferred: provider/import change not selected; no bounded, demonstrated fork gap established in this pass.
583b5cd1b54b53ca9ab40c87a8f4614b5425f0a4	2026-07-04T02:07:39Z	Reject invalid Hermes timestamps	Deferred: no independently portable change selected from metadata; inspect diff if a concrete need arises.
22f0b922336391ef36ae24e6df816acb3c8a0f9e	2026-07-04T02:11:08Z	Avoid busy copied test binaries	Deferred: no independently portable change selected from metadata; inspect diff if a concrete need arises.
b0a5c3f543d7e745a17abf0ebbdd6894c297eafa	2026-07-04T05:12:51Z	Merge pull request #45 from ctxrs/ctx/cli-hardening-fuzz	Deferred: no independently portable change selected from metadata; inspect diff if a concrete need arises.
dcf424064a2456fae5d9217f88b88ccaa632f6ca	2026-07-04T07:27:04Z	Fall back to USERPROFILE when resolving home for provider discovery	Deferred: provider/import change not selected; no bounded, demonstrated fork gap established in this pass.
72170545ec8b4f89667d9d6de88c02467586847e	2026-07-04T08:35:43Z	fix(cli): avoid initializing the store for read-only commands	Deferred: no independently portable change selected from metadata; inspect diff if a concrete need arises.
2b08c7fbaa301306bcab105c86d9acfd178450a4	2026-07-04T09:27:04Z	fix(cli): validate explicit format import paths	Deferred: provider/import change not selected; no bounded, demonstrated fork gap established in this pass.
e249d52ccd2a3f17e2fe65d409ba94e96aafc548	2026-07-04T09:49:46Z	fix(cli): validate history source manifest paths	Deferred: no independently portable change selected from metadata; inspect diff if a concrete need arises.
19c81f76e224d912bbde5962612b12612890c3ca	2026-07-04T11:44:05Z	Add OMP (~/.omp/agent/sessions) to Pi provider default locations	Deferred: provider/import change not selected; no bounded, demonstrated fork gap established in this pass.
2c5d8376537d906e9a0e9b1da5c85f564519e340	2026-07-03T22:56:58Z	Harden Pi import support	Deferred: provider/import change not selected; no bounded, demonstrated fork gap established in this pass.
86bb1fcb29929d50552ad32fdd6c6c60001f6e8c	2026-07-04T13:50:37Z	Merge pull request #43 from ctxrs/codex/pi-import-hardening	Deferred: provider/import change not selected; no bounded, demonstrated fork gap established in this pass.
7fd1862ef1e6be88ab582192fd82bb4b6651f195	2026-07-04T19:24:48Z	style: format explicit import path error	Deferred: provider/import change not selected; no bounded, demonstrated fork gap established in this pass.
0b9438d7e4cafcfd6c02e07388bb397bf17d67fe	2026-07-04T19:24:48Z	style: format manifest path error	Deferred: no independently portable change selected from metadata; inspect diff if a concrete need arises.
13f53c377aafced8acb5965c5f5797d5e3e73029	2026-07-04T19:30:14Z	Merge pull request #46 from sin5ddd/fix/windows-home-discovery	Deferred: no independently portable change selected from metadata; inspect diff if a concrete need arises.
a18b887d3ff0d31d831682c4fd29baf037859432	2026-07-04T19:30:17Z	Merge pull request #47 from atharva-patill/fix/read-only-show-locate	Deferred: no independently portable change selected from metadata; inspect diff if a concrete need arises.
02fd57a8cb7cf19f0cde5a73e02290c846948a6a	2026-07-04T19:30:21Z	Merge pull request #48 from atharva-patill/fix/explicit-format-import-path	Deferred: provider/import change not selected; no bounded, demonstrated fork gap established in this pass.
9f2f614254a7cfab4383949da9d7b51da4f0e4bd	2026-07-04T19:30:24Z	Merge pull request #49 from atharva-patill/fix/history-source-manifest-path	Deferred: no independently portable change selected from metadata; inspect diff if a concrete need arises.
965699461edee2acff6392ada0dc0ebfbbb86a94	2026-07-04T19:30:28Z	Merge pull request #50 from msokh/pi-omp-agent-sessions	Deferred: no independently portable change selected from metadata; inspect diff if a concrete need arises.
04aa6e2acba41728cc1e938eed8b86d1cece77d1	2026-07-05T08:01:21Z	fix(cli): create parent directories for docs show output	Deferred: no independently portable change selected from metadata; inspect diff if a concrete need arises.
ed40912854bde3cf69fd50a069e1be879e15ccd1	2026-07-05T13:19:42Z	fix(cli): normalize whitespace-only search filters	Deferred: no independently portable change selected from metadata; inspect diff if a concrete need arises.
8d56d9f74234de9301b1c9903bb0dabc479827de	2026-07-05T15:12:43Z	Skip native JSONL files with no importable session header	Deferred: provider/import change not selected; no bounded, demonstrated fork gap established in this pass.
9de916cc793c9f75f6e56cbf749d8b6f194924cb	2026-07-05T17:01:10Z	Improve installer setup flow	Excluded by fork guardrail: SDK/contracts/build or hosted-install/release/marketing surface.
88118493f990ba53cfb4f6daff5add709fd85cdf	2026-07-05T17:02:05Z	Merge pull request #58 from ctxrs/codex/issue-51-installer-path	Excluded by fork guardrail: SDK/contracts/build or hosted-install/release/marketing surface.
ca5e25540ea49cca29c150e38c176cfc20bf65a5	2026-07-05T21:04:30Z	style(cli): format docs output fix	Deferred: no independently portable change selected from metadata; inspect diff if a concrete need arises.
bdb79e122083739c7fd956529f94cc8ccfb0abb2	2026-07-05T21:04:09Z	Harden native JSONL partial failures	Deferred: no independently portable change selected from metadata; inspect diff if a concrete need arises.
c4513cd6bbabe2f568b2f2789a5e2b098a7e476e	2026-07-05T21:06:42Z	Merge pull request #57 from daisuke8000/fix/skip-unimportable-native-jsonl	Deferred: provider/import change not selected; no bounded, demonstrated fork gap established in this pass.
9a61755d50b052ea486c0d5a5decd70daabfbf3a	2026-07-05T21:18:17Z	style(cli): format search filter fix	Deferred: no independently portable change selected from metadata; inspect diff if a concrete need arises.
34d1765b47f1516d778116314c44f351180c6756	2026-07-05T21:18:57Z	Merge pull request #54 from atharva-patill/fix/docs-show-output	Deferred: no independently portable change selected from metadata; inspect diff if a concrete need arises.
beb18177a0d125d605a3f8b3717a8e0d8f8ba032	2026-07-05T21:19:23Z	Merge pull request #55 from atharva-patill/fix/search-filter-normalization	Deferred: no independently portable change selected from metadata; inspect diff if a concrete need arises.
13ccbdbb49d16856b1125aefe9da6625707542d1	2026-07-05T22:58:59Z	Revert README skill install command	Deferred: no independently portable change selected from metadata; inspect diff if a concrete need arises.
6ce0ea7701a27ddd8800157c352ff9a5ab83d09f	2026-07-06T04:10:43Z	fix(cli): reject empty provider session values	Deferred: provider/import change not selected; no bounded, demonstrated fork gap established in this pass.
b05c9ff184112f19487a58e70560b1a227873bfb	2026-07-06T04:50:50Z	Add supported local agent history ingestion coverage	Deferred: no independently portable change selected from metadata; inspect diff if a concrete need arises.
94980f19d8e9bf4136e06ba5562343ac7304ec43	2026-07-06T12:39:37Z	fix(mcp): return tool results in content[0].text instead of only structuredContent	Deferred: no independently portable change selected from metadata; inspect diff if a concrete need arises.
d28a2a2f4e2720361c502f17abb06f9ec1cf0a4d	2026-07-06T14:38:10Z	Polish installer setup UX	Excluded by fork guardrail: SDK/contracts/build or hosted-install/release/marketing surface.
c67cba2eb17eaf4ceb886ea616ffc073d961e834	2026-07-06T15:23:00Z	fix(opencode): import actual session messages, not just metadata (#63)	Deferred: provider/import change not selected; no bounded, demonstrated fork gap established in this pass.
9051041d091123dc08fe07dd6fe95a3ccc0fb6c1	2026-07-06T15:26:45Z	Merge pull request #65 from ctxrs/ctx/install-ux-cleanup	Deferred: no independently portable change selected from metadata; inspect diff if a concrete need arises.
5d02611fae344ad62c8f07344cc28694437f9ca5	2026-07-06T14:43:55Z	Render readable MCP tool content	Deferred: no independently portable change selected from metadata; inspect diff if a concrete need arises.
79732f3bb76e96be527812f5186f966505454674	2026-07-06T15:34:58Z	Merge pull request #64 from robbe1912/fix/mcp-content-text	Deferred: no independently portable change selected from metadata; inspect diff if a concrete need arises.
871befdb836cf5d5f4053bedc61f9ff750de5bdd	2026-07-06T15:42:37Z	Merge pull request #61 from atharva-patill/fix/provider-session-validation	Deferred: provider/import change not selected; no bounded, demonstrated fork gap established in this pass.
9e74a53c3a07a3580c4df969e6c99f9d14018282	2026-07-06T16:09:53Z	Split large modules and add LOC gate	Deferred: no independently portable change selected from metadata; inspect diff if a concrete need arises.
8869ff28a9a98a48147adf594c5c6da589170243	2026-07-06T16:30:04Z	Merge pull request #67 from ctxrs/ctx/loc-gate-architectural-split	Deferred: no independently portable change selected from metadata; inspect diff if a concrete need arises.
997bc60b6cfd630a689f541e5131e641ad9f51a6	2026-07-06T19:27:50Z	make imports source-atomic by default	Deferred: provider/import change not selected; no bounded, demonstrated fork gap established in this pass.
d68b6666b406717a75acb0c4c28c153ed4192d51	2026-07-06T19:27:46Z	use supported-only provider matrix	Deferred: provider/import change not selected; no bounded, demonstrated fork gap established in this pass.
f7ab62839843da6174848a1730eee5684b67f4ab	2026-07-06T19:27:39Z	make ctx status strictly read-only	Deferred: no independently portable change selected from metadata; inspect diff if a concrete need arises.
2db019394a3348448204ab476b1744377f789236	2026-07-06T19:27:53Z	reject metadata-only provider imports	Deferred: provider/import change not selected; no bounded, demonstrated fork gap established in this pass.
0af39e95bf1e42fe38121f0fe7c91d930f477081	2026-07-06T20:52:53Z	Merge pull request #73 from ctxrs/ctx/hardening-status-read-only	Deferred: no independently portable change selected from metadata; inspect diff if a concrete need arises.
fa7461e4aedec89a7c5bd671033666b75fcbbf76	2026-07-06T20:53:06Z	Merge pull request #74 from ctxrs/ctx/hardening-support-supported-only	Deferred: no independently portable change selected from metadata; inspect diff if a concrete need arises.
7f8ae72cee8806a65953f780ae8c1a00583a4041	2026-07-06T20:53:19Z	Merge pull request #75 from ctxrs/ctx/hardening-import-atomic-default	Deferred: provider/import change not selected; no bounded, demonstrated fork gap established in this pass.
84d20222fcd55f62c539ec3f5eb854ce8a411b37	2026-07-06T20:53:38Z	Merge pull request #76 from ctxrs/ctx/hardening-provider-strict-real-messages	Deferred: provider/import change not selected; no bounded, demonstrated fork gap established in this pass.
afb1063b07ec8016783f31d7bdbac6eacceb31b6	2026-07-06T19:27:57Z	scope provider import identity by source	Excluded by fork guardrail: network, telemetry, updater, or release-signing surface.
9b2cbfe030d640c461270a0e0253c60ed7334591	2026-07-06T20:56:58Z	Merge pull request #77 from ctxrs/ctx/hardening-source-identity-cursors	Excluded by fork guardrail: network, telemetry, updater, or release-signing surface.
758f6375dd51d6aee265c2ce2a3360cde5ddb009	2026-07-06T17:45:06Z	feat(cli): add --quiet flag to suppress non-essential output	Deferred: no independently portable change selected from metadata; inspect diff if a concrete need arises.
f931495bab382889bd83a2b28775efa35af45cf1	2026-07-06T21:09:16Z	Polish quiet setup and status output	Deferred: no independently portable change selected from metadata; inspect diff if a concrete need arises.
aac9a4433317c9f83521280d2d29e6f8344545c1	2026-07-06T21:26:13Z	Merge pull request #70 from robbe1912/fix/quiet-flag	Deferred: no independently portable change selected from metadata; inspect diff if a concrete need arises.
be12088827a84b747094f23971cbb88b8adda591	2026-07-06T22:03:30Z	Unify setup inventory across history sources	Deferred: no independently portable change selected from metadata; inspect diff if a concrete need arises.
54baf7cbc7c2e8cdf6e681eb9fc1e66de4f13f4c	2026-07-06T22:04:12Z	Merge pull request #79 from ctxrs/ctx/history-inventory-setup	Deferred: no independently portable change selected from metadata; inspect diff if a concrete need arises.
8089392ebc746dd709d2e6069be1ea0309714da2	2026-07-06T20:43:41Z	docs: add unmanaged install guidance	Deferred: no independently portable change selected from metadata; inspect diff if a concrete need arises.
cfaeec9f1a426d0116ba01e74c6bef51d84c4881	2026-07-07T00:38:28Z	Merge pull request #78 from ctxrs/ctx/unmanaged-install-docs	Deferred: no independently portable change selected from metadata; inspect diff if a concrete need arises.
2f41fb363ece8d469085114336910f60bcda05ac	2026-07-06T22:13:27Z	add public GitHub Actions CI gate	Deferred: no independently portable change selected from metadata; inspect diff if a concrete need arises.
45699eedbf94950e454b7cf4af400183c636cc32	2026-07-07T00:59:29Z	Merge pull request #81 from ctxrs/ctx/gha-public-ci	Deferred: no independently portable change selected from metadata; inspect diff if a concrete need arises.
493e2fd01708f4e8af7c8b18b4a26035c9b765b7	2026-07-07T01:21:36Z	Fix public CI clippy baseline	Deferred: no independently portable change selected from metadata; inspect diff if a concrete need arises.
1e80e29a506c2f15c866eceb692abad9c6e6caad	2026-07-07T01:01:08Z	harden CI test environment	Deferred: no independently portable change selected from metadata; inspect diff if a concrete need arises.
89124f34a4bdbdb3909dd19a0610ce1f51167c64	2026-07-07T01:23:08Z	Merge pull request #83 from ctxrs/ctx/public-ci-clippy-baseline	Deferred: no independently portable change selected from metadata; inspect diff if a concrete need arises.
6c6dcc6a3e2ece78c3c6bd6e2d028523d67eb355	2026-07-07T01:25:37Z	Merge pull request #82 from ctxrs/ctx/ci-hermetic-bazel-env	Excluded by fork guardrail: SDK/contracts/build or hosted-install/release/marketing surface.
c1187b7000b483251c3fbf3d73318626125ef55d	2026-07-06T23:11:10Z	Add linux-aarch64 (ARM64) support	Deferred: no independently portable change selected from metadata; inspect diff if a concrete need arises.
488b3290dcb120b83cb2a55b1a5cce2e12ef29b0	2026-07-07T01:15:49Z	Complete linux-aarch64 release support	Deferred: no independently portable change selected from metadata; inspect diff if a concrete need arises.
a281d66752ef0c84cc0198c1187542a49cd00a21	2026-07-07T03:28:26Z	Honor CARGO_TARGET_DIR in release package audit	Deferred: no independently portable change selected from metadata; inspect diff if a concrete need arises.
849a63e34bcc6507136bb3c7b359bf74a67863a3	2026-07-07T03:35:45Z	Merge pull request #80 from shinhyo/linux-aarch64-support	Deferred: no independently portable change selected from metadata; inspect diff if a concrete need arises.
81ce1a1fca4bfe502b98ad0d896a98b6ecf2dfec	2026-07-07T03:42:37Z	Improve CLI lifecycle diagnostics (#84)	Deferred: no independently portable change selected from metadata; inspect diff if a concrete need arises.
16dfb048fd76dababf32c09de2aa9f440d9254d6	2026-07-07T01:26:40Z	Model Rust crates in Bazel	Excluded by fork guardrail: SDK/contracts/build or hosted-install/release/marketing surface.
b01c77f4a54ca84b2812870414b00c41c8d57ed7	2026-07-07T04:20:23Z	Merge pull request #85 from ctxrs/ctx/bazel-rust-graph	Excluded by fork guardrail: SDK/contracts/build or hosted-install/release/marketing surface.
7351fff7049a07a3e98b08f604b701f81c7a97fb	2026-07-06T17:24:50Z	Normalize legacy withheld local events	Deferred: no independently portable change selected from metadata; inspect diff if a concrete need arises.
c43b1b358e15dc50062f9fb5d4a5a24f88f19b92	2026-07-07T06:21:31Z	Retire local redaction state	Deferred: no independently portable change selected from metadata; inspect diff if a concrete need arises.
10551bb1ddabd6906b5e82db779a325dc3ddb5b5	2026-07-07T06:26:57Z	fix ci: report missing required docs paths	Deferred: no independently portable change selected from metadata; inspect diff if a concrete need arises.
a6dbe381a0334aca81c207a1990d2bee3a4d4414	2026-07-07T06:32:25Z	fix keep grep fallback consistent with rg	Deferred: no independently portable change selected from metadata; inspect diff if a concrete need arises.
589ae7d50d71ad3fd4729d0b39ed819fd2288fbf	2026-07-07T12:07:13Z	Merge pull request #68 from ctxrs/ctx/local-redaction-cleanup	Deferred: no independently portable change selected from metadata; inspect diff if a concrete need arises.
3b6c41508ceae17983889e7c978ef21f2bc9eb56	2026-07-07T11:44:45Z	fix(capture): skip oversized SQLite rows instead of aborting source	Candidate: skip oversized SQLite rows instead of aborting source; adapted locally.
235bc617488f68a840a8283849bfa467f42285ba	2026-07-07T12:45:32Z	Stage ctx 0.21.0 release	Deferred: no independently portable change selected from metadata; inspect diff if a concrete need arises.
ac79f4972971f69a127eecb0b770ec46461ba14e	2026-07-07T12:56:57Z	chore(capture): trim inline comments and fix Kilo attribution	Deferred: architecture/product direction is outside this fork’s local CLI/importer scope.
12f0d444896692fae291492f2f0d617941db3dac	2026-07-07T14:43:43Z	Merge pull request #86 from atharva-patill/fix/check-docs-diagnostics	Deferred: no independently portable change selected from metadata; inspect diff if a concrete need arises.
c772e9928adf4499e9eca3d65160abf86a99cf17	2026-07-07T14:45:53Z	Merge pull request #87 from atharva-patill/fix/bazel-conflict-scan	Excluded by fork guardrail: SDK/contracts/build or hosted-install/release/marketing surface.
ad5c32fadca06ec6fef15d606a743a77f4448f2b	2026-07-07T15:08:11Z	Merge pull request #91 from ctxrs/ctx/release-0.21-stage	Deferred: no independently portable change selected from metadata; inspect diff if a concrete need arises.
7b931bb2c1d1916c6bf4f8b8620fc0746f0c62dd	2026-07-07T17:11:20Z	Harden oversized SQLite value skips	Candidate hardening for oversized SQLite rows; reviewed alongside selected adaptation.
d061b5b456d02eedd70ebc3f74341ad3e0c9d343	2026-07-07T17:13:00Z	Test oversized SQLite skip accounting	Deferred: no independently portable change selected from metadata; inspect diff if a concrete need arises.
f4b7d2dd146221375e01b01fcf0032ef76e8d3a8	2026-07-07T17:16:34Z	Merge pull request #88 from robbe1912/fix/search-refresh-oversized-skip	Deferred: no independently portable change selected from metadata; inspect diff if a concrete need arises.
b9d1748aa55ca7819373eee5102094ca7159cf5d	2026-07-07T17:45:55Z	Import OpenCode Kilo message parts	Deferred: provider/import change not selected; no bounded, demonstrated fork gap established in this pass.
b1780cbea685329bafb914f9525d9e60eb0d3985	2026-07-07T17:47:11Z	Merge pull request #92 from ctxrs/agent/opencode-kilo-message-part-import-v2	Deferred: provider/import change not selected; no bounded, demonstrated fork gap established in this pass.
2eb7044ae4b4d6092c280814fa4a294be39b1ba4	2026-07-07T18:12:00Z	Update README to remove optional installation steps	Deferred: no independently portable change selected from metadata; inspect diff if a concrete need arises.
6d9e49810e815288c2f9237fd5b35f5773c35317	2026-07-07T22:21:04Z	Set provider import policy defaults (#95)	Deferred: provider/import change not selected; no bounded, demonstrated fork gap established in this pass.
b286839ed19bbfe885aff94eb9d842aea1635012	2026-07-07T18:15:19Z	Skip oversized Codex JSONL events	Candidate: bounded Codex JSONL line reads; implemented locally, verify behavior and tests.
77701ce92e97bfee70f48b3bce6b851aa14e5216	2026-07-08T04:08:16Z	Skip oversized provider JSONL records	Deferred: provider/import change not selected; no bounded, demonstrated fork gap established in this pass.
af4cd1c13b026cfd79aa1638ed24fd68740694ff	2026-07-08T04:13:08Z	Merge pull request #93 from j2h4u/fix/codex-skip-oversized-jsonl-line	Deferred: provider/import change not selected; no bounded, demonstrated fork gap established in this pass.
23e262ec76c49a8970fd94e8dec2d0179e8101ac	2026-07-08T04:15:41Z	Harden native provider imports	Deferred: provider/import change not selected; no bounded, demonstrated fork gap established in this pass.
f406dccda5df487a316b2cf0ff7251924fe3081a	2026-07-08T05:19:53Z	Align Codex oversized JSONL skip semantics	Deferred: architecture/product direction is outside this fork’s local CLI/importer scope.
6877522093a8dc00c3777129d3d1a3a22c553e74	2026-07-08T12:20:10Z	Migrate public CI to Buildkite hosted runners (#94)	Excluded by fork guardrail: SDK/contracts/build or hosted-install/release/marketing surface.
0462279f95c526884a3375e55857321763895c1d	2026-07-08T12:29:12Z	Add ctx integrations installers and real harness tests	Excluded by fork guardrail: SDK/contracts/build or hosted-install/release/marketing surface.
78742bf2441250c2ae35dea3f2f12da4d53bd31d	2026-07-08T07:13:24Z	python: handle invalid UTF-8 from local CLI	Deferred: no independently portable change selected from metadata; inspect diff if a concrete need arises.
618fe46dcde24198206c868feac9c3ad9dd85d21	2026-07-08T13:01:02Z	Merge pull request #97 from atharva-patill/fix/python-sdk-utf8-errors	Excluded by fork guardrail: SDK/contracts/build or hosted-install/release/marketing surface.
f8d3e57a422d24990e1c7602bc4728063f0b6554	2026-07-08T13:22:55Z	Update README with installation instructions	Deferred: no independently portable change selected from metadata; inspect diff if a concrete need arises.
b4db48fe7edf70e61b25fd6f3da9d27183f12bd8	2026-07-08T13:24:13Z	Fix grammar in README instructions	Deferred: no independently portable change selected from metadata; inspect diff if a concrete need arises.
1393a7ef0dc61fb2b9ce54274ae4a14111b8fa93	2026-07-08T16:04:46Z	Prepare ctx 0.22.0 release	Deferred: no independently portable change selected from metadata; inspect diff if a concrete need arises.
156b0c5b64c25326140ab14431d9767a4ce900aa	2026-07-08T18:32:13Z	Add multilingual scriptgram search (#101)	Deferred: no independently portable change selected from metadata; inspect diff if a concrete need arises.
40580a51e124e4d5427e24492277d89477aec8a2	2026-07-08T21:31:25Z	Prepare ctx 0.23.0 release candidate	Deferred: no independently portable change selected from metadata; inspect diff if a concrete need arises.
40e4145c430672167685ea98a3b050d97eecf3f0	2026-07-06T05:50:03Z	WIP semantic hybrid search and daemon	Deferred: architecture/product direction is outside this fork’s local CLI/importer scope.
5d5a2d07be47afe0b939dfb6831d6aac8707107f	2026-07-06T19:21:09Z	Harden semantic search daemon defaults	Deferred: architecture/product direction is outside this fork’s local CLI/importer scope.
b00f480935d78a6b3878c09b8c392e424444abdb	2026-07-07T04:56:48Z	Harden sqlite-vec semantic defaults	Deferred: architecture/product direction is outside this fork’s local CLI/importer scope.
15377e25032e811024724184d07a457bcd6b0997	2026-07-07T05:33:43Z	Finalize semantic default safety gates	Deferred: architecture/product direction is outside this fork’s local CLI/importer scope.
416a3a3f81f7c505677166a6597f4f67a61e5687	2026-07-07T05:59:39Z	Split semantic module for CI loc gate	Deferred: architecture/product direction is outside this fork’s local CLI/importer scope.
603be5f53fafa16aa5961383e0e5d53b1deff3f4	2026-07-07T06:25:15Z	Align Bazel Rust toolchain with semantic deps	Excluded by fork guardrail: SDK/contracts/build or hosted-install/release/marketing surface.
2f1d593a03299c257b0ab72e2ab22ea3253d357d	2026-07-07T06:30:06Z	Fix Bazel native semantic split inputs	Excluded by fork guardrail: SDK/contracts/build or hosted-install/release/marketing surface.
e5df7473dc741f6027ac6212e4ce6785b6b5f792	2026-07-07T18:54:19Z	Dogfood daemon semantic indexing defaults	Deferred: architecture/product direction is outside this fork’s local CLI/importer scope.
ff6f2aa0bfa42fd173bdc2143f7572fc018c29ec	2026-07-08T02:32:18Z	Harden local semantic indexing defaults	Deferred: architecture/product direction is outside this fork’s local CLI/importer scope.
5e4c277e60108b20f12e9f2fd931d009f214a5ed	2026-07-08T03:20:15Z	Harden semantic readiness during local backfill	Deferred: architecture/product direction is outside this fork’s local CLI/importer scope.
a4c320516b018169f1c23e6e871c5cda3d20128f	2026-07-08T04:55:34Z	Harden local semantic daemon throughput	Deferred: architecture/product direction is outside this fork’s local CLI/importer scope.
57355b2bc801c43bb80b85666ab4008e9c932750	2026-07-08T05:11:37Z	Record clean semantic backfill dogfood estimate	Deferred: architecture/product direction is outside this fork’s local CLI/importer scope.
2137b43268d06781895f86a65d372aca0f2f144e	2026-07-08T13:46:21Z	Harden semantic readiness dogfood path	Deferred: architecture/product direction is outside this fork’s local CLI/importer scope.
ece62ae8e4e78dc73af6052559ac40ab92983ac3	2026-07-08T17:03:45Z	Gate local semantic search behind opt-in	Deferred: architecture/product direction is outside this fork’s local CLI/importer scope.
2e279125f379afc8e724681948170bff008834a0	2026-07-08T17:28:44Z	Default daemon maintenance to opt-in	Deferred: architecture/product direction is outside this fork’s local CLI/importer scope.
3582b4757cdccc77d8a68099d6bb551ceb96b0a0	2026-07-08T18:29:42Z	Fix public CI gates for semantic search	Deferred: architecture/product direction is outside this fork’s local CLI/importer scope.
e51016a36cf5936d01b7dc6d3afdf3bdc4c5c329	2026-07-08T20:24:58Z	Align public CI Rust toolchain with workspace	Deferred: no independently portable change selected from metadata; inspect diff if a concrete need arises.
2c9209d9f158a28a8cb88cea545b5875c8c7dc8a	2026-07-08T21:48:20Z	Fix Rust 1.88 public CI lints	Deferred: no independently portable change selected from metadata; inspect diff if a concrete need arises.
4fa2aab77118d217065bf119cc36a6e0f8988abf	2026-07-08T23:12:45Z	Fix public CI Rust toolchain bootstrap	Deferred: no independently portable change selected from metadata; inspect diff if a concrete need arises.
a57a78972a1a3d203f138392e4568496ae55ddf5	2026-07-09T00:23:21Z	Remove stale LOC exceptions after rebase	Deferred: no independently portable change selected from metadata; inspect diff if a concrete need arises.
9348721191d937e8d2bff5cd238da225a14e25ca	2026-07-09T00:28:14Z	Refresh Bazel lock inputs	Excluded by fork guardrail: SDK/contracts/build or hosted-install/release/marketing surface.
b068e4a3fa52a7575e46a8c780b0d13a91dc69b8	2026-07-09T01:12:03Z	Honor computed Bazel resource limits	Excluded by fork guardrail: SDK/contracts/build or hosted-install/release/marketing surface.
8db5ecaa2e049cec4f8b38888b0c28a4d873fcee	2026-07-09T02:35:03Z	Split public Buildkite gate	Excluded by fork guardrail: SDK/contracts/build or hosted-install/release/marketing surface.
b400a55acb0de23127466d69bb3da3f47d3fc43f	2026-07-09T02:43:36Z	Isolate public Buildkite job tool roots	Excluded by fork guardrail: SDK/contracts/build or hosted-install/release/marketing surface.
713a966a1bf82b03c03e62b60c901da31f1ab6db	2026-07-09T02:48:57Z	Run public Buildkite smoke mode	Excluded by fork guardrail: SDK/contracts/build or hosted-install/release/marketing surface.
540e7b0c18b65a7252cfe0a1fe441eb042c6db65	2026-07-09T03:20:29Z	Limit hosted public CI to lean smoke	Deferred: no independently portable change selected from metadata; inspect diff if a concrete need arises.
475e35134e12cbe92bb2209396b1e95b361a8b82	2026-07-09T03:22:03Z	Add MiMo Code provider support	Deferred: provider/import change not selected; no bounded, demonstrated fork gap established in this pass.
8c399ff9b982ef41824632485f3d545bfe71e7ae	2026-07-09T03:26:39Z	Merge pull request #99 from ctxrs/codex/semantic-hybrid-search	Deferred: architecture/product direction is outside this fork’s local CLI/importer scope.
b7ec388ec421408ebf4e473a9575bbbb5932ce21	2026-07-09T03:44:22Z	Prepare ctx 0.24.0 release candidate	Deferred: no independently portable change selected from metadata; inspect diff if a concrete need arises.
468edecfc2b8e8a89cd330f9e54f278e416d8dc2	2026-07-09T06:06:29Z	Merge pull request #104 from ctxrs/codex/release-0.24.0	Deferred: provider/import change not selected; no bounded, demonstrated fork gap established in this pass.
f931321f0cfbf4c1bd883c7eb56a9b33ebf3ee03	2026-07-09T06:29:02Z	Harden MiMo Code native provider support	Deferred: provider/import change not selected; no bounded, demonstrated fork gap established in this pass.
f3a4fee7bf2a6daedec1b7c074cca71b42703a07	2026-07-09T06:36:39Z	Add MiMo Code provider support	Deferred: provider/import change not selected; no bounded, demonstrated fork gap established in this pass.
10f733c8889ddcc75c0e038ce749119ff9e179f1	2026-07-09T07:30:56Z	Narrow semantic release support to Linux x64	Deferred: architecture/product direction is outside this fork’s local CLI/importer scope.
a19b4265fe0d8c781c74c625510356133e1fabad	2026-07-09T08:03:51Z	Keep public release checks green	Deferred: no independently portable change selected from metadata; inspect diff if a concrete need arises.
c5bc3b0c1499c10cbb3fdc15ef403e1b07343ce4	2026-07-09T08:08:28Z	Merge pull request #105 from ctxrs/codex/release-0.24.0-macos-build-fix	Deferred: provider/import change not selected; no bounded, demonstrated fork gap established in this pass.
f62e8f7971c93ae4d3967a2016dac32c70f9261f	2026-07-09T09:01:24Z	Fix Factory AI Droid import: support new session format with nested message content/role	Deferred: provider/import change not selected; no bounded, demonstrated fork gap established in this pass.
f280a8318c915399c89acdbaeef11d5d4b144f0f	2026-07-09T15:10:23Z	Add MiMo Code integration installers	Excluded by fork guardrail: SDK/contracts/build or hosted-install/release/marketing surface.
424dface0a069b849472f7669f3c77da7efbe5b7	2026-07-09T15:26:49Z	Merge pull request #108 from ctxrs/ctx/mimocode-integrations	Deferred: no independently portable change selected from metadata; inspect diff if a concrete need arises.
607174ecf63832e7f60dafb98ff69df97a2a7cb1	2026-07-09T16:34:45Z	Harden MiMo integration installers	Excluded by fork guardrail: SDK/contracts/build or hosted-install/release/marketing surface.
fae65d21ce904751e52560a067325b999e4add93	2026-07-09T16:37:59Z	Merge pull request #109 from ctxrs/ctx/mimocode-review-fixes	Deferred: no independently portable change selected from metadata; inspect diff if a concrete need arises.
355c261d4af2cc1215e24ba5dd442ffe2ba08658	2026-07-09T17:23:03Z	Split JSON type fields	Deferred: no independently portable change selected from metadata; inspect diff if a concrete need arises.
3d186d181f3beef379aa1bcb383246bcf2351810	2026-07-09T17:59:53Z	Merge pull request #103 from atharva-patill/fix/python-sdk-citation-item-type	Excluded by fork guardrail: SDK/contracts/build or hosted-install/release/marketing surface.
12c1e3933b171a31a1d156fa2322438276250177	2026-07-09T18:35:02Z	Use real Droid native fixture shape	Deferred: no independently portable change selected from metadata; inspect diff if a concrete need arises.
1d882ede45f21fef4807458b6a13cfede117047e	2026-07-09T20:33:25Z	Merge pull request #107 from rNoz/rnoz/factory-failure	Deferred: no independently portable change selected from metadata; inspect diff if a concrete need arises.
0975367f3234d8dc84fef9357e3db2ac000b0d60	2026-07-09T21:42:24Z	Fix Linux x64 release glibc baseline	Deferred: no independently portable change selected from metadata; inspect diff if a concrete need arises.
90ff662319fd28cf77540fa181b3883103cb8662	2026-07-09T21:57:12Z	Refresh native JSON LOC exception	Deferred: no independently portable change selected from metadata; inspect diff if a concrete need arises.
71c261de1a7e2dbf82a3497c6cb01ce85c0577c1	2026-07-09T21:59:48Z	Merge pull request #114 from ctxrs/ctx/linux-release-compat	Deferred: no independently portable change selected from metadata; inspect diff if a concrete need arises.
6c1becfab8df859d8fda33795797908902f96646	2026-07-10T01:59:59Z	Handle real AstrBot SQLite schemas	Deferred: no independently portable change selected from metadata; inspect diff if a concrete need arises.
a2eadee1fdad623397980730e9ee545fd5d3b1d5	2026-07-10T04:19:17Z	Show upgrade error details in text status	Excluded by fork guardrail: network, telemetry, updater, or release-signing surface.
5d297faccff7628c9d71f9ae25b5927cf4cb1f73	2026-07-10T04:23:38Z	Handle real native fixture shapes	Deferred: no independently portable change selected from metadata; inspect diff if a concrete need arises.
82caf51b591e2cb85016f8cd90c6548bfd3ded0d	2026-07-10T18:09:48Z	Merge pull request #116 from atharva-patill/fix/upgrade-status-error-details	Excluded by fork guardrail: network, telemetry, updater, or release-signing surface.
b6adf1707af5481237fd991de65647a485c25bb5	2026-07-10T18:39:25Z	Support real native provider history shapes	Deferred: provider/import change not selected; no bounded, demonstrated fork gap established in this pass.
eb22ebf6211cc2f125eb6cdbbd8448036ac08f44	2026-07-10T18:42:22Z	Reconcile reviewed provider fixes with PR #115	Deferred: provider/import change not selected; no bounded, demonstrated fork gap established in this pass.
0154103f3dbab46699bac94b087f9a5b0537f4f3	2026-07-10T19:23:46Z	Harden native provider path and shape handling	Deferred: provider/import change not selected; no bounded, demonstrated fork gap established in this pass.
f525b232274711ae94a00d3ff0791d36eed6bd97	2026-07-10T19:27:35Z	Merge pull request #115 from ctxrs/ctx/astrbot-real-fixture-schema	Deferred: no independently portable change selected from metadata; inspect diff if a concrete need arises.
f03319b12ce34ec9eec4be4875a14bf307c4446d	2026-07-10T19:54:49Z	Refresh Bazel lock for jsonc-parser	Excluded by fork guardrail: SDK/contracts/build or hosted-install/release/marketing surface.
c585a33c82ecfd0447299bbc0d227285af84c7f8	2026-07-10T20:00:52Z	Merge pull request #120 from ctxrs/codex/refresh-bazel-jsonc-lock	Excluded by fork guardrail: SDK/contracts/build or hosted-install/release/marketing surface.
d02cc728f70cedf1b6dbce37e8e81fa7cb20abef	2026-07-10T20:44:07Z	Canonicalize search filters in runtime	Deferred: no independently portable change selected from metadata; inspect diff if a concrete need arises.
e83cd3c9ca36f03819478dafe7898ccd915425e1	2026-07-10T20:45:28Z	Merge pull request #117 from atharva-patill/fix/search-trim-filter-serialization	Deferred: no independently portable change selected from metadata; inspect diff if a concrete need arises.
35b67295a2dd02de9330e609021c4e8772d1f613	2026-07-11T04:24:22Z	Use the canonical command label in ctx status	Deferred: no independently portable change selected from metadata; inspect diff if a concrete need arises.
8f702cb8033254caa9e154939be024c72edd06f9	2026-07-11T05:03:48Z	Harden cross-platform CLI release construction	Deferred: no independently portable change selected from metadata; inspect diff if a concrete need arises.
957fbbeb21a859e9b9d48224037f57cd8e32266a	2026-07-11T05:13:52Z	Merge pull request #122 from ctxrs/ctx/release-platform-hardening	Deferred: no independently portable change selected from metadata; inspect diff if a concrete need arises.
ef31654c087269a0e2a7b7c84075df9e1477fd12	2026-07-11T06:15:03Z	Report coarse local execution capabilities	Deferred: no independently portable change selected from metadata; inspect diff if a concrete need arises.
57f097db9b359ea2c83377fcbd3e442438ee3b5f	2026-07-11T13:16:12Z	Merge pull request #121 from atharva-patill/fix/status-command-label	Deferred: no independently portable change selected from metadata; inspect diff if a concrete need arises.
7c2b24b70468aaff914a9bd5d60f43be61bc61fc	2026-07-11T13:22:29Z	Merge pull request #123 from ctxrs/codex/hardware-capability-telemetry	Excluded by fork guardrail: network, telemetry, updater, or release-signing surface.
5719bbec664411636455fa5ae87fc7f8339dd350	2026-07-11T21:36:00Z	Fix index wait default when semantic indexing is disabled	Deferred: architecture/product direction is outside this fork’s local CLI/importer scope.
980f788bc5bdaf03820dede5371169a618f51d3a	2026-07-11T21:38:08Z	Reconcile completed scheduled upgrades in status	Excluded by fork guardrail: network, telemetry, updater, or release-signing surface.
5f683934fb9d276298a00f744723383b9cb27fb7	2026-07-11T16:04:27Z	Bound Hermes import transactions	Deferred: provider/import change not selected; no bounded, demonstrated fork gap established in this pass.
35f7304097173f9573ea46d1d9ef9c07f8f3290c	2026-07-11T21:51:00Z	Harden bulk FTS imports	Deferred: provider/import change not selected; no bounded, demonstrated fork gap established in this pass.
e2eb7bbb74617ac58d61152718a9d114ed930c48	2026-07-11T21:53:21Z	Merge pull request #124 from j2h4u/agent/bound-native-import-wal	Deferred: provider/import change not selected; no bounded, demonstrated fork gap established in this pass.
f8a8d0300f487195684dbfcff92a5fc74d5f08cb	2026-07-11T21:59:34Z	Allow auto-upgrade probes after JSON commands	Excluded by fork guardrail: network, telemetry, updater, or release-signing surface.
12afb0191aa0fab9eb76bfa9b706f07b5ca25efd	2026-07-12T03:42:46Z	Tolerate malformed rows during search refresh (#129)	Deferred: no independently portable change selected from metadata; inspect diff if a concrete need arises.
2643eb4b104217853dc53e2b02c6bcae40137f61	2026-07-12T05:22:51Z	Prefer conversational search results	Deferred: no independently portable change selected from metadata; inspect diff if a concrete need arises.
6b14420d31e8d6f524c39b29f247c2fcfe53f3a0	2026-07-12T05:29:25Z	Merge pull request #130 from ctxrs/ctx/message-summary-ranking	Deferred: no independently portable change selected from metadata; inspect diff if a concrete need arises.
c59c62ef9d03cb1a61c42a3035fd916755c068a4	2026-07-12T05:29:33Z	Default lexical search to OR semantics	Deferred: architecture/product direction is outside this fork’s local CLI/importer scope.
761a4de91b6390be93e90cd7bbad96811657300d	2026-07-12T05:35:15Z	Merge pull request #131 from ctxrs/ctx/or-default-search	Deferred: no independently portable change selected from metadata; inspect diff if a concrete need arises.
998984637fd43d89fefb562a1b368d0438a33a09	2026-07-12T16:24:19Z	feat: add opt-in cross-platform semantic daemon	Deferred: architecture/product direction is outside this fork’s local CLI/importer scope.
bb92b4198a1839fe39a0fd9bcba5f0f20a59ee5d	2026-07-12T16:35:39Z	Merge pull request #132 from ctxrs/codex/semantic-accelerator-integrated	Deferred: architecture/product direction is outside this fork’s local CLI/importer scope.
547e4cd334fd38d6788553f08c3956ec01c3ccd0	2026-07-12T16:40:18Z	fix: bind ONNX proof to CPU backend	Deferred: no independently portable change selected from metadata; inspect diff if a concrete need arises.
d0d8a11c319f293c5f5c70d62eeef2f31ec75c62	2026-07-12T16:41:02Z	Merge pull request #133 from ctxrs/codex/native-semantic-proof-integrity	Deferred: architecture/product direction is outside this fork’s local CLI/importer scope.
e73813839c3c01acfa764a3c2c7a7e75d2654996	2026-07-12T16:42:02Z	fix: align native semantic platform gates	Deferred: architecture/product direction is outside this fork’s local CLI/importer scope.
51ab9b3a56bc33bbe0900a00637151790035fe01	2026-07-12T16:49:22Z	Merge pull request #134 from ctxrs/codex/native-semantic-platform-gates	Deferred: architecture/product direction is outside this fork’s local CLI/importer scope.
4567670a7ee446412ff9b0b93a7b1695ea0b9d72	2026-07-12T17:15:14Z	Fix stable Clippy compatibility	Deferred: no independently portable change selected from metadata; inspect diff if a concrete need arises.
6201ad4cfb67056d4645dbe4e9f69a3b6db35230	2026-07-12T17:21:51Z	Merge pull request #135 from ctxrs/codex/clippy-question-mark	Deferred: provider/import change not selected; no bounded, demonstrated fork gap established in this pass.
aba2bc9df61f9de1950829694ff7c203312f68f0	2026-07-12T17:23:35Z	Refresh release LOC baselines	Deferred: no independently portable change selected from metadata; inspect diff if a concrete need arises.
848865903de4026d3895c2df7a9fd22bd4c9efd7	2026-07-12T17:32:33Z	Merge pull request #136 from ctxrs/codex/release-gate-baseline	Deferred: provider/import change not selected; no bounded, demonstrated fork gap established in this pass.
6f49ceb20aa5a3db82191667bc8def33475aeb4c	2026-07-12T17:35:26Z	Model semantic CLI dependencies in Bazel	Excluded by fork guardrail: SDK/contracts/build or hosted-install/release/marketing surface.
f0f589a436af36a3d7ea3b7ec8deef0e4619bbff	2026-07-12T17:42:59Z	Merge pull request #137 from ctxrs/codex/bazel-semantic-model	Excluded by fork guardrail: SDK/contracts/build or hosted-install/release/marketing surface.
c2cff765cf5f6bf8807a164cb83f7a6d98b8b77b	2026-07-12T18:45:20Z	Update native smoke for semantic releases	Deferred: architecture/product direction is outside this fork’s local CLI/importer scope.
538eded8a327aec869c4879c2655fd630114f9a0	2026-07-12T18:45:44Z	Merge pull request #138 from ctxrs/codex/native-semantic-smoke	Deferred: architecture/product direction is outside this fork’s local CLI/importer scope.
147e0bf092050e816c76a6ad35d2fe9f27ce39df	2026-07-12T21:05:20Z	Bound bulk search finalization on populated indexes	Deferred: no independently portable change selected from metadata; inspect diff if a concrete need arises.
4159cb2b61e9a9a60d7ba44f33b4bc59c05404ad	2026-07-12T20:10:11Z	Bound FTS merge recovery steps	Deferred: no independently portable change selected from metadata; inspect diff if a concrete need arises.
48823c0c3d40cdc2829a87a79d4810a4be2105fe	2026-07-12T21:12:15Z	Merge pull request #140 from ctxrs/codex/bound-clean-setup-wal	Deferred: provider/import change not selected; no bounded, demonstrated fork gap established in this pass.
f967d6fab237b83b2f7ea527e82a05bb287d062b	2026-07-12T20:50:58Z	Clean up semantic model download cache	Deferred: architecture/product direction is outside this fork’s local CLI/importer scope.
05b78fcd84917d8c17780eca1cf216b772df0af7	2026-07-12T21:50:28Z	Merge pull request #141 from ctxrs/codex/semantic-model-cache-cleanup	Deferred: architecture/product direction is outside this fork’s local CLI/importer scope.
3713a9c1f203e653e1150080ec93aec653381def	2026-07-12T20:43:36Z	Avoid rescanning FTS rows during lexical search	Deferred: no independently portable change selected from metadata; inspect diff if a concrete need arises.
2a4389ac480fd553ee1dbe5ecb1e76038496ad0f	2026-07-12T22:45:08Z	Merge pull request #142 from ctxrs/agent/lexical-search-single-scan	Deferred: no independently portable change selected from metadata; inspect diff if a concrete need arises.
bd4a69096ff1895b90e719d7947c20c4b55ab0f9	2026-07-12T21:08:46Z	Skip unchanged native search refreshes	Deferred: no independently portable change selected from metadata; inspect diff if a concrete need arises.
8cba28111025541bbd0d019c9a4db8ad14cf8fc6	2026-07-12T23:41:38Z	Merge pull request #144 from ctxrs/agent/skip-unchanged-native-reimports	Deferred: provider/import change not selected; no bounded, demonstrated fork gap established in this pass.
590611b95362a32ec4b12f0d83fe01cdb7108c61	2026-07-12T21:00:37Z	release: sign and notarize macOS CLI artifacts	Deferred: no independently portable change selected from metadata; inspect diff if a concrete need arises.
1dbf809340710bccaa9513d35c18830a3d984fff	2026-07-12T21:47:38Z	release: harden macOS signing trust boundaries	Excluded by fork guardrail: network, telemetry, updater, or release-signing surface.
35a33b828e2c91add7e99d00ecca936a44f6e738	2026-07-12T22:12:06Z	release: bind final macOS runtime archives	Deferred: no independently portable change selected from metadata; inspect diff if a concrete need arises.
66350a238009d2bfdde3ff0c3ce467146db2258b	2026-07-12T22:20:00Z	release: verify actual macOS CMS signer	Deferred: no independently portable change selected from metadata; inspect diff if a concrete need arises.
7e09524c793ea7b6010ead80cfdd17b7f514fe52	2026-07-12T22:32:23Z	release: accept Apple critical signing extension	Excluded by fork guardrail: network, telemetry, updater, or release-signing surface.
9d5baaa5ceeee1c2f9208415f595ce18c0e3e18c	2026-07-12T22:37:21Z	release: parse macOS CodeDirectory runtime flags	Deferred: no independently portable change selected from metadata; inspect diff if a concrete need arises.
08520ae60417a0249a7111d0b3abed6a142174b3	2026-07-12T23:32:29Z	release: verify quarantined standalone macOS CLI	Deferred: no independently portable change selected from metadata; inspect diff if a concrete need arises.
c23c9975b2c6aff2593b6b31189a44252f425ad5	2026-07-12T23:48:04Z	Merge pull request #143 from ctxrs/codex/macos-cli-signing	Excluded by fork guardrail: network, telemetry, updater, or release-signing surface.
b245265a8b48dec9f2179148641054ffb3152688	2026-07-13T01:06:42Z	Prepare ctx 0.25.0 release candidate	Deferred: no independently portable change selected from metadata; inspect diff if a concrete need arises.
b354650928bd097a74b8fd6de7cdd9834a35cf06	2026-07-13T01:16:53Z	Merge pull request #145 from ctxrs/ctx/release-0.25.0	Deferred: no independently portable change selected from metadata; inspect diff if a concrete need arises.
8db712594f814ca69dcc86ad66c808b89a8317be	2026-07-13T01:38:14Z	Bound Linux release build parallelism	Deferred: no independently portable change selected from metadata; inspect diff if a concrete need arises.
fc76bc7e11ce5fb372eb856c2848af447ae0ab0d	2026-07-13T01:38:51Z	Merge pull request #146 from ctxrs/ctx/release-0.25-build	Deferred: no independently portable change selected from metadata; inspect diff if a concrete need arises.
af4055622d430da2b1df576a29276b90193fc1da	2026-07-13T01:56:28Z	Update Windows release DLL contract	Excluded by fork guardrail: SDK/contracts/build or hosted-install/release/marketing surface.
b1f5c29342d12b36c26837585bee5fa5605a4af9	2026-07-13T01:56:55Z	Merge pull request #147 from ctxrs/codex/release-0.25-windows-compat	Deferred: provider/import change not selected; no bounded, demonstrated fork gap established in this pass.
5f4512232b4d1de326d0873184660ca17b4d5faf	2026-07-13T02:01:50Z	Allow cold Gatekeeper assessment	Deferred: no independently portable change selected from metadata; inspect diff if a concrete need arises.
8e6932b56415f667e0df726fd1e80da3990d0a6b	2026-07-13T02:02:00Z	Merge pull request #148 from ctxrs/codex/release-0.25-macos-quarantine-timeout	Deferred: provider/import change not selected; no bounded, demonstrated fork gap established in this pass.
3af0343d9125eecf929f234cba66009952f06b94	2026-07-13T02:14:41Z	Make macOS release execution headless	Deferred: no independently portable change selected from metadata; inspect diff if a concrete need arises.
9343565c91a6fbe4666819c6d44836a13e0874a3	2026-07-13T02:31:36Z	Merge pull request #149 from ctxrs/codex/release-0.25-macos-headless-exec	Deferred: provider/import change not selected; no bounded, demonstrated fork gap established in this pass.
16e8c9b5654fa9d375056e3d12e2bba7a3304b84	2026-07-13T02:34:09Z	Gate semantic Read import on Unix	Deferred: architecture/product direction is outside this fork’s local CLI/importer scope.
5dfc3f0771a2bf5b7479026576694706c732ef48	2026-07-13T02:34:31Z	Merge pull request #150 from ctxrs/codex/release-0.25-windows-warning	Deferred: provider/import change not selected; no bounded, demonstrated fork gap established in this pass.
e8826b3b3a2e94f03c298027283cd9055bbe000e	2026-07-13T03:57:34Z	Skip submodule sync for macOS runtime archive	Deferred: no independently portable change selected from metadata; inspect diff if a concrete need arises.
26c99f1fe87cc49660ed024866846b73b247d14e	2026-07-13T04:32:45Z	Merge pull request #151 from ctxrs/codex/release-0.25-macos-source-archive	Deferred: provider/import change not selected; no bounded, demonstrated fork gap established in this pass.
e6394bc0a31c9a3051a31c8d09c0fc2383e3f1c7	2026-07-13T07:33:13Z	Harden Windows semantic release runtime	Deferred: architecture/product direction is outside this fork’s local CLI/importer scope.
8ee759ab1efc0cad4d7b6d05027a7fe7e7f0d0a7	2026-07-13T07:33:52Z	Merge pull request #152 from ctxrs/ctx/release-0.25-windows-semantic-smoke	Deferred: architecture/product direction is outside this fork’s local CLI/importer scope.
ddb80eee6c3699df00103f9f88ff1aa7537b8e68	2026-07-13T11:11:12Z	Bound partial provider import transactions	Deferred: provider/import change not selected; no bounded, demonstrated fork gap established in this pass.
ffb54b60ecc6efb2bea63083dd785b6958c53c95	2026-07-13T11:29:34Z	Preserve partial import FTS merge bounds	Deferred: provider/import change not selected; no bounded, demonstrated fork gap established in this pass.
13e3995aa04552d1d9b9bd04c351917b7918376a	2026-07-13T12:42:45Z	Skip full search refresh for OpenClaw imports	Deferred: provider/import change not selected; no bounded, demonstrated fork gap established in this pass.
489c4bf3c418abb40b38ecb4930d98ac853fd141	2026-07-13T14:17:54Z	Allow reviewed macOS x64 preview proof for 0.25	Deferred: no independently portable change selected from metadata; inspect diff if a concrete need arises.
13d9f0153bfdf78729a722f5cd5162da5163850f	2026-07-13T14:35:18Z	Merge pull request #155 from ctxrs/ctx/release-0.25-preview-proof	Deferred: no independently portable change selected from metadata; inspect diff if a concrete need arises.
56ca39bb5eb7e1270a5b8c0df129c507eb255892	2026-07-13T15:39:04Z	Verify macOS attestations against candidate source	Deferred: no independently portable change selected from metadata; inspect diff if a concrete need arises.
7e82b09fa40648748452f963b0f54606e2cd12ab	2026-07-13T15:39:52Z	Merge pull request #157 from ctxrs/ctx/release-0.25-preview-proof	Deferred: no independently portable change selected from metadata; inspect diff if a concrete need arises.
8ce53fee31d34bba0ae5b339ac601e87159d93d7	2026-07-13T16:03:26Z	Make incremental provider search exhaustive	Deferred: provider/import change not selected; no bounded, demonstrated fork gap established in this pass.
58a402b9dccab2f158a526c397d0033d057400d3	2026-07-13T16:57:32Z	Merge pull request #154 from j2h4u/agent/bounded-partial-imports	Deferred: provider/import change not selected; no bounded, demonstrated fork gap established in this pass.
d2a11ed87482fe52e6a63e5443e2c0ddbd49fc93	2026-07-13T19:20:05Z	Make tolerant provider import the sole behavior	Deferred: provider/import change not selected; no bounded, demonstrated fork gap established in this pass.
c7f83ae5ee7da4160eafa022d385c5707e31b888	2026-07-13T20:00:20Z	Merge pull request #162 from ctxrs/codex/tolerant-imports	Deferred: provider/import change not selected; no bounded, demonstrated fork gap established in this pass.
b4a43ba48f19eaf0974e95ff377340bb4b97d72a	2026-07-14T06:30:23Z	Canonicalize test temp roots on macOS	Deferred: no independently portable change selected from metadata; inspect diff if a concrete need arises.
b567095923ed53c3e53e54e363279c261aaecf3d	2026-07-14T06:32:02Z	Merge pull request #165 from ctxrs/ctx/issue-161-macos-temp-canonical	Deferred: no independently portable change selected from metadata; inspect diff if a concrete need arises.
616fab7ead4b5f3387a678f5fa6b418e9b71e67d	2026-07-14T19:17:15Z	Clarify provider retention helper names	Deferred: provider/import change not selected; no bounded, demonstrated fork gap established in this pass.
f5d8d90cb7e5c596ce5c271a1b01e7ff0a75d843	2026-07-14T19:20:31Z	Merge pull request #167 from ctxrs/ctx/retention-policy-naming	Deferred: no independently portable change selected from metadata; inspect diff if a concrete need arises.
64272b3ab96dc35969628ecefe8e37e84b3899cb	2026-07-14T20:06:27Z	De-overload provider retention metadata	Deferred: provider/import change not selected; no bounded, demonstrated fork gap established in this pass.
c80a53073888bae5b9bf70055aadb70acbf29068	2026-07-14T20:07:40Z	Merge pull request #168 from ctxrs/ctx/deoverload-content-retention	Deferred: no independently portable change selected from metadata; inspect diff if a concrete need arises.
0c24408664ed3ab922838747b4a9b16bf9c5f38d	2026-07-16T15:13:54Z	fix(history): repair duplicate provider sessions	Deferred: provider/import change not selected; no bounded, demonstrated fork gap established in this pass.
e75d76a392331226fdc49a9e32b661580494b998	2026-07-16T17:35:52Z	fix(history): complete provider identity cleanup	Excluded by fork guardrail: network, telemetry, updater, or release-signing surface.
34b5e15d94467a5d258fa60122d8149a879a3101	2026-07-16T20:20:27Z	perf(history): bound provider repair projections	Deferred: provider/import change not selected; no bounded, demonstrated fork gap established in this pass.
64ae7b6d4048a6539f6f52bc467249c754048563	2026-07-16T20:47:59Z	refactor(history): isolate v47 provider repair	Deferred: provider/import change not selected; no bounded, demonstrated fork gap established in this pass.
cba4f530bd3a3dbf8bc0b9d66cf2da17d0d11bb7	2026-07-16T20:48:47Z	Merge pull request #174 from ctxrs/ctx/issue-171-provider-session	Deferred: provider/import change not selected; no bounded, demonstrated fork gap established in this pass.
39a3675124b182189f8a22b14ed76d0b4924d1a8	2026-07-17T02:00:00Z	Strip symbols from release binaries	Deferred: no independently portable change selected from metadata; inspect diff if a concrete need arises.
ba7ccb37c0eed97aaaba02a5da83bad4e05bf9c0	2026-07-17T02:02:47Z	Merge pull request #178 from ctxrs/codex/strip-release-symbols	Deferred: provider/import change not selected; no bounded, demonstrated fork gap established in this pass.
4f757f9c3959758b2469d203aff1a66067988384	2026-07-27T16:10:17Z	feat(v0.26): establish local-first platform foundation	Deferred: no independently portable change selected from metadata; inspect diff if a concrete need arises.
1f05b3d49b44fb76e469f01670f80d1f6ed1f7ae	2026-07-27T16:11:11Z	feat(v0.26): add source-backed complete-content retrieval	Deferred: architecture/product direction is outside this fork’s local CLI/importer scope.
893cd04d4025273482e03eb094feff0454ff4a8e	2026-07-27T16:11:51Z	feat(v0.26): cut ingestion over to NativePath	Deferred: no independently portable change selected from metadata; inspect diff if a concrete need arises.
7689b4176711ca970929f77fb8c829872b03f251	2026-07-27T16:12:33Z	feat(v0.26): add local usage and release readiness	Deferred: no independently portable change selected from metadata; inspect diff if a concrete need arises.
8d1bd993f8dbbfff313abd92a2f71defa72bd3b5	2026-07-27T16:23:33Z	feat(v0.26): finalize referrals and release hardening	Deferred: no independently portable change selected from metadata; inspect diff if a concrete need arises.
ae5297f279dcda93f00b21990552202966c1ced6	2026-07-27T16:42:59Z	Merge pull request #187 from ctxrs/release/v0.26-platform-foundation	Deferred: no independently portable change selected from metadata; inspect diff if a concrete need arises.
457dce909d4f0a1ad66b3a089899706a534c2810	2026-07-27T16:43:36Z	Merge pull request #188 from ctxrs/release/v0.26-complete-content	Deferred: no independently portable change selected from metadata; inspect diff if a concrete need arises.
1cd1fe8292461598941cb531de8ad4d67b884308	2026-07-27T16:44:02Z	Merge pull request #189 from ctxrs/release/v0.26-nativepath	Deferred: no independently portable change selected from metadata; inspect diff if a concrete need arises.
0fa8ef57da4b3719084871d6516c7c1c91ba4c3c	2026-07-27T16:44:29Z	Merge pull request #190 from ctxrs/release/v0.26-local-usage	Deferred: no independently portable change selected from metadata; inspect diff if a concrete need arises.
09ee9cfebdc570acfbaabfcaef3b18ae336c49c0	2026-07-27T16:44:57Z	Merge pull request #191 from ctxrs/release/v0.26-final-hardening	Deferred: no independently portable change selected from metadata; inspect diff if a concrete need arises.
116f8f78cd2657ef3495b7d042e42db27818e774	2026-07-27T19:51:30Z	feat(pro): simplify signed artifact delivery (#194)	Deferred: no independently portable change selected from metadata; inspect diff if a concrete need arises.
b99790de0345e75c8512b24da84f101ae60c0086	2026-07-27T21:27:03Z	fix(pro): support Linux without a persistent keyring (#197)	Deferred: no independently portable change selected from metadata; inspect diff if a concrete need arises.
21f105e0460654657723f209559a5ee09e6a0957	2026-07-27T21:41:46Z	Fix NativePath stalls and redesign index watch (#192)	Deferred: no independently portable change selected from metadata; inspect diff if a concrete need arises.
0f07e57a0004f0dc78b65e2a875ba647791963c6	2026-07-27T23:15:59Z	Remove the --json CLI flag (#201)	Deferred: no independently portable change selected from metadata; inspect diff if a concrete need arises.
c4fa8f5d39ba83c1d76c309974edc760bca3d810	2026-07-27T22:56:29Z	feat(pro): prepare production commercial channels	Deferred: no independently portable change selected from metadata; inspect diff if a concrete need arises.
8884e47be49ee850074265b260ee0b9e297eef17	2026-07-27T23:32:57Z	fix(pro): harden production qualification flow	Deferred: no independently portable change selected from metadata; inspect diff if a concrete need arises.
f3ceb581ea2e7ede6db2aea50d8bd4042e8508bf	2026-07-27T23:53:30Z	fix(pro): close qualification execution races	Deferred: no independently portable change selected from metadata; inspect diff if a concrete need arises.
15366da9c215eb24e32937f164d22aacff26360d	2026-07-27T23:54:25Z	Merge pull request #202 from ctxrs/ctx/v026-production-control-plane-20260727	Deferred: no independently portable change selected from metadata; inspect diff if a concrete need arises.
f40dc81b0457c6dff5ca5a858de3702ddc206da0	2026-07-28T01:19:03Z	fix(pro): refresh auth while Checkout polls	Deferred: no independently portable change selected from metadata; inspect diff if a concrete need arises.
91e260c843a3c8609e1c191f9fccbdbaf4b01af6	2026-07-28T01:19:34Z	Merge pull request #203 from ctxrs/codex/v026-checkout-token-refresh	Deferred: provider/import change not selected; no bounded, demonstrated fork gap established in this pass.
d2ad86954e7a36c38931f19bddeb3635e47c6304	2026-07-28T19:25:10Z	Add source-backed projection and lexical generation foundation	Deferred: architecture/product direction is outside this fork’s local CLI/importer scope.
a13cd8cdf121ecbe42660f00d0310d8964bfb4e4	2026-07-28T19:43:06Z	Add pinned source-backed lexical queries	Deferred: architecture/product direction is outside this fork’s local CLI/importer scope.
5ce2a641863da1dee8ee01545e8938f5254cd1d8	2026-07-28T19:47:14Z	Add Codex source-backed cold and append ingestion	Deferred: architecture/product direction is outside this fork’s local CLI/importer scope.
228703145c088aa62562c5daea198a157007b3fc	2026-07-28T19:52:03Z	Add source-backed Codex end-to-end benchmark harness	Deferred: architecture/product direction is outside this fork’s local CLI/importer scope.
530b6f8ccea86be7cdda2c03d92c0331e806670f	2026-07-28T19:59:35Z	Wire Codex search and show to source-backed index	Deferred: architecture/product direction is outside this fork’s local CLI/importer scope.
e2fb3da63b8e5305e66f23a91dd569bf93167812	2026-07-28T20:03:22Z	Keep source-backed indexing total for sparse Codex rows	Deferred: architecture/product direction is outside this fork’s local CLI/importer scope.
5434134ecc0991ba09bbd756beed355b440a799e	2026-07-28T20:08:32Z	Make unchanged Codex refresh metadata constant-time	Deferred: provider/import change not selected; no bounded, demonstrated fork gap established in this pass.
f728f65365d91e51956ea52f2e04c81fdf54e641	2026-07-28T20:27:07Z	Store lexical identities in canonical binary form	Deferred: no independently portable change selected from metadata; inspect diff if a concrete need arises.
937d9876aa45d7fe8e21b91fd4b88011e7c599b2	2026-07-28T20:34:10Z	Specialize Codex source-backed projection	Deferred: architecture/product direction is outside this fork’s local CLI/importer scope.
39262fb2c35a97051e97780beca6f65862fbf0e7	2026-07-28T20:35:28Z	Expose source-backed cold-path operation counters	Deferred: architecture/product direction is outside this fork’s local CLI/importer scope.
6a6b32437b72b5c63fcffccf84c826362f13cf22	2026-07-28T20:48:30Z	perf(codex): prefilter NativePath records before parsing	Deferred: provider/import change not selected; no bounded, demonstrated fork gap established in this pass.
14c9d4e004b9206ed82b72b93352aac61e4bf13a	2026-07-28T20:51:25Z	Parallelize cold Codex source-backed scans	Deferred: architecture/product direction is outside this fork’s local CLI/importer scope.
60b2e80ff5e6e15a77606450cde2f32c48c69953	2026-07-28T20:54:13Z	Report parallel source-backed scan attribution	Deferred: architecture/product direction is outside this fork’s local CLI/importer scope.
34d3b4c77438483e7e1071b5e515d7764ec85090	2026-07-28T21:01:28Z	Batch source-backed Codex scan pages	Deferred: architecture/product direction is outside this fork’s local CLI/importer scope.
afeb6ae575c668b17710d7cdbf75c9a403d53663	2026-07-28T21:24:38Z	Add lifecycle authority witnesses	Deferred: no independently portable change selected from metadata; inspect diff if a concrete need arises.
87105062e394e2495a3901be1c77b1d816efd6af	2026-07-28T21:38:16Z	Add indexed history relationship filters	Deferred: no independently portable change selected from metadata; inspect diff if a concrete need arises.
dae4b4d157cdfc16a9df574dd22122d3aedbc5f7	2026-07-28T21:41:46Z	Complete Codex source-backed lifecycle refresh	Deferred: architecture/product direction is outside this fork’s local CLI/importer scope.
c5aee39500b22be172c7645037763c344f5743f8	2026-07-28T21:49:17Z	Populate Codex indexed lineage fields	Deferred: provider/import change not selected; no bounded, demonstrated fork gap established in this pass.
0b35dd439b941c700e2eeb4ce5e824d48120ab06	2026-07-28T21:43:04Z	Add Gemini source-backed projection adapter	Deferred: architecture/product direction is outside this fork’s local CLI/importer scope.
7f2ff7345813bcc8562176ca72d199e4bb081402	2026-07-28T21:44:34Z	Fix Gemini source-backed seam integration	Deferred: architecture/product direction is outside this fork’s local CLI/importer scope.
5597a41e1b983bae914b3b9bd999c01277b82a02	2026-07-28T21:41:54Z	Add source-backed Kimi compound adapter	Deferred: architecture/product direction is outside this fork’s local CLI/importer scope.
4a7681c1d182088767beacacfd41e4ab19c4a1e6	2026-07-28T21:41:44Z	Add OpenClaw source-backed JSONL adapter	Deferred: architecture/product direction is outside this fork’s local CLI/importer scope.
010cfcfbee6b56ea282dad2e705ddde4a9a1071d	2026-07-28T21:46:05Z	Populate OpenClaw lexical lineage fields	Deferred: no independently portable change selected from metadata; inspect diff if a concrete need arises.
f9036e4ec8d0aa65bc9c6c92c5f4cb2f62c83cdd	2026-07-28T21:41:45Z	Add Claude source-backed adapter	Deferred: architecture/product direction is outside this fork’s local CLI/importer scope.
301af42148962a02f1438a274fbe47657ea995b2	2026-07-28T21:45:44Z	Populate Claude source-backed lineage	Deferred: architecture/product direction is outside this fork’s local CLI/importer scope.
19ab697dd41c16897a64e1d630a249ed7e7472ee	2026-07-28T21:42:45Z	Add Junie source-backed session adapter	Deferred: architecture/product direction is outside this fork’s local CLI/importer scope.
b183dc53fd6736a16eb41b0f0bafb5426c1a3528	2026-07-28T21:45:05Z	Populate Junie lexical lineage fields	Deferred: no independently portable change selected from metadata; inspect diff if a concrete need arises.
7d25bf958f1e34fca748bc84521c74fa1a76a1f8	2026-07-28T21:46:08Z	Fix Junie source-backed core imports	Deferred: architecture/product direction is outside this fork’s local CLI/importer scope.
907bca6db2422ca7c1dac36c4b4a4f8c5e93b403	2026-07-28T21:44:06Z	feat(deepagents): add source-backed SQLite adapter	Deferred: architecture/product direction is outside this fork’s local CLI/importer scope.
3ec76b7032fe8baa451db0c5c8a8642912f51a8e	2026-07-28T21:46:32Z	feat(deepagents): populate source-backed lineage fields	Deferred: architecture/product direction is outside this fork’s local CLI/importer scope.
22bbcceb4c90724a195ca9b9e3da145d4caa8c4b	2026-07-28T21:43:40Z	Add Lingma source-backed SQLite adapter	Deferred: architecture/product direction is outside this fork’s local CLI/importer scope.
e5dfce582a6dbba5cf933c86c176301f95cdbc1a	2026-07-28T21:46:41Z	Adapt Lingma projection to relationship index fields	Deferred: no independently portable change selected from metadata; inspect diff if a concrete need arises.
d4506997dc2eaeca377fcc1f284c3ee051dbf7aa	2026-07-28T21:44:46Z	Add OpenHands source-backed event adapter	Deferred: architecture/product direction is outside this fork’s local CLI/importer scope.
fa6b4cef13995537d03e941b24dd18ea7e2842d8	2026-07-28T21:47:15Z	Populate OpenHands indexed lineage fields	Deferred: no independently portable change selected from metadata; inspect diff if a concrete need arises.
f281108cda49cae9a385300ec50c89474bd03621	2026-07-28T21:44:31Z	capture: add CodeBuddy source-backed adapter	Deferred: architecture/product direction is outside this fork’s local CLI/importer scope.
119ff1ccf3068ebedc34a2ca6c80be5e6f3d4fe1	2026-07-28T21:47:14Z	capture: populate CodeBuddy source-backed filters	Deferred: architecture/product direction is outside this fork’s local CLI/importer scope.
c2840007e046251a94224bb2afa9823ae2d2dc4d	2026-07-28T21:44:55Z	Add source-backed Trae ItemTable adapter	Deferred: architecture/product direction is outside this fork’s local CLI/importer scope.
7ee2e5d7ed68c8e598b0084b530728338aac0a2b	2026-07-28T21:44:39Z	Add source-backed Firebender adapter	Deferred: architecture/product direction is outside this fork’s local CLI/importer scope.
d22ac60402600a88ecbec156bf74445d50468af4	2026-07-28T21:48:15Z	Bind Firebender lexical lineage fields	Deferred: no independently portable change selected from metadata; inspect diff if a concrete need arises.
db22674b2cc5ae1e6ad16aa3c442f78cd10c51b9	2026-07-28T21:44:19Z	Add Kiro source-backed SQLite adapter	Deferred: architecture/product direction is outside this fork’s local CLI/importer scope.
6b0a2af429d8cc1fe77731d79b9fe14dd789ad70	2026-07-28T21:46:41Z	Add source-backed Auggie adapter	Deferred: architecture/product direction is outside this fork’s local CLI/importer scope.
1250a33063974beada10bc6c886944a3ff3061b0	2026-07-28T21:46:34Z	Add NanoClaw source-backed project adapter	Deferred: architecture/product direction is outside this fork’s local CLI/importer scope.
8f6045f37533165204553f7e973567d2fef97667	2026-07-28T21:49:11Z	Fix NanoClaw source-backed error propagation	Deferred: architecture/product direction is outside this fork’s local CLI/importer scope.
2e60909aa0da71cc19daba6713dfb83e36c1fe3c	2026-07-28T21:48:25Z	Add Pi source-backed JSONL adapter	Deferred: architecture/product direction is outside this fork’s local CLI/importer scope.
bdcd2ba56a0737fe5d0ea2f08cd61d6d0fe51e50	2026-07-28T21:42:07Z	capture(mistral-vibe): add source-backed adapter	Deferred: architecture/product direction is outside this fork’s local CLI/importer scope.
da55597a0d4d8b3855533f8db83712980271b305	2026-07-28T21:48:01Z	capture(mistral-vibe): index source lineage metadata	Deferred: no independently portable change selected from metadata; inspect diff if a concrete need arises.
7e8f381135fea82cfff4f7068bf5f40313467e68	2026-07-28T21:45:08Z	Add AstrBot source-backed adapter	Deferred: architecture/product direction is outside this fork’s local CLI/importer scope.
c72cd4cbb2816c66c693973aedc586b6441ba128	2026-07-28T21:47:02Z	Populate AstrBot source-backed filters	Deferred: architecture/product direction is outside this fork’s local CLI/importer scope.
dd257c355594c4aca838d842bdd2dcb0710b55b8	2026-07-28T21:49:23Z	Fix AstrBot SQLite error conversion	Deferred: no independently portable change selected from metadata; inspect diff if a concrete need arises.
79b7479c42632c1f520373485f7e8458fe86d7cd	2026-07-28T21:50:20Z	Expose AstrBot adapter to provider registration	Deferred: provider/import change not selected; no bounded, demonstrated fork gap established in this pass.
1805b92d51b132388a02ad517952cea1be91c603	2026-07-28T21:46:53Z	feat(warp): add source-backed SQLite adapter	Deferred: architecture/product direction is outside this fork’s local CLI/importer scope.
f98f2bf96cb26ee648c01992e2e4ef4fa12d37f3	2026-07-28T21:50:19Z	feat(warp): project indexed lineage filters	Deferred: no independently portable change selected from metadata; inspect diff if a concrete need arises.
83684a89c4d4c1f253e308d9ebf399b6b1446966	2026-07-28T21:47:06Z	Add Mux source-backed adapter	Deferred: architecture/product direction is outside this fork’s local CLI/importer scope.
1dfd6ea5bccba87b2f38ef807d4fe1bc7441c551	2026-07-28T21:51:42Z	Adapt Mux source projection to relationship index	Deferred: no independently portable change selected from metadata; inspect diff if a concrete need arises.
1d75a71130ff8624f60983cefb779e9cc0d93f6a	2026-07-28T21:49:46Z	refactor(pro): add source-backed canonical feed	Deferred: architecture/product direction is outside this fork’s local CLI/importer scope.
6320d4ffeb2645674fcbc5df0bfc1ce575dfa7bc	2026-07-28T21:49:21Z	Add Continue source-backed adapter	Deferred: architecture/product direction is outside this fork’s local CLI/importer scope.
2a688130bbfabd6c4c698a7d38c384e6b3a5eec4	2026-07-28T21:51:09Z	Populate Continue lexical lineage fields	Deferred: no independently portable change selected from metadata; inspect diff if a concrete need arises.
74f14466df54b3829378fdaa8dd2e08bd31e622c	2026-07-28T21:46:15Z	Route Core CLI through source-backed generations	Deferred: architecture/product direction is outside this fork’s local CLI/importer scope.
9d019960c8f3802a74f9f6c2f1e7366565161a31	2026-07-28T21:46:30Z	Test normal source-backed Core routing	Deferred: architecture/product direction is outside this fork’s local CLI/importer scope.
e0b07f9870a1d13377211aaabf09ade4f0b09e48	2026-07-28T21:50:56Z	Wire Core routing to indexed relationship filters	Deferred: no independently portable change selected from metadata; inspect diff if a concrete need arises.
6535774a2e636516afc00698a809de44d927cef0	2026-07-28T21:49:33Z	Add source-backed ForgeCode adapter	Deferred: architecture/product direction is outside this fork’s local CLI/importer scope.
a499dc8c29f4f6e60e6c27eb59f6d9a4c802806b	2026-07-28T21:52:16Z	Populate ForgeCode indexed lineage fields	Deferred: no independently portable change selected from metadata; inspect diff if a concrete need arises.
e6ca212b3dedc1dad9438190cf15d9b542406c8d	2026-07-28T21:51:12Z	Add Goose source-backed SQLite adapter	Deferred: architecture/product direction is outside this fork’s local CLI/importer scope.
3caf1a780858ca65df9a52f270388f18bbd1693d	2026-07-28T21:52:17Z	Populate Goose indexed lineage fields	Deferred: no independently portable change selected from metadata; inspect diff if a concrete need arises.
4463bf9026fd0d815886cf43cd64610c65411152	2026-07-28T21:55:20Z	Fix Continue source-backed discovery import	Deferred: architecture/product direction is outside this fork’s local CLI/importer scope.
7a9c06b2eadd3e2869ed51f13ad3fb7eb37038cf	2026-07-28T21:45:54Z	feat(capture): add Shelley source-backed adapter	Deferred: architecture/product direction is outside this fork’s local CLI/importer scope.
8a0803bcf8c9cc1d55fcb937a3da4ce7acf39d13	2026-07-28T21:53:56Z	feat(capture): project Shelley lineage filters	Deferred: no independently portable change selected from metadata; inspect diff if a concrete need arises.
619acad9380a1d1bec7abcb9f25a77f9aab9a396	2026-07-28T21:46:27Z	Add Crush source-backed SQLite adapter	Deferred: architecture/product direction is outside this fork’s local CLI/importer scope.
23d5617af4d8a42dffa53e67ed943adfc8296494	2026-07-28T21:51:09Z	Index Crush session lineage metadata	Deferred: no independently portable change selected from metadata; inspect diff if a concrete need arises.
9a2b486f7dd0da60b1576ca809634269f925d4c3	2026-07-28T21:54:46Z	Fix Crush source scan result plumbing	Deferred: no independently portable change selected from metadata; inspect diff if a concrete need arises.
29a1677aaa776b05c6aa092fc3d9ad113e574052	2026-07-28T21:53:32Z	test(index): qualify source-backed crash recovery	Deferred: architecture/product direction is outside this fork’s local CLI/importer scope.
990d567eb95106050a38ed3ade3ffda7b8db8b03	2026-07-28T21:54:49Z	test(index): allow focused recovery reproductions	Deferred: no independently portable change selected from metadata; inspect diff if a concrete need arises.
5460f30fc764cb4e67fe8b820a8790393a8c085e	2026-07-28T21:49:21Z	Add shared source-backed native JSONL adapters	Deferred: architecture/product direction is outside this fork’s local CLI/importer scope.
35669be9f7d7321a9f1fca32932caf0e30420859	2026-07-28T21:54:46Z	Populate native JSONL source document lineage	Deferred: no independently portable change selected from metadata; inspect diff if a concrete need arises.
a585cd8e4e409a04a6fd2adb0b27107db40ef652	2026-07-28T21:56:52Z	Separate Codex discovery and locator formats	Deferred: provider/import change not selected; no bounded, demonstrated fork gap established in this pass.
a9d8023a5edf14780d6054dbd3071166591af224	2026-07-28T21:50:25Z	Add source-backed OpenCode family adapter	Deferred: architecture/product direction is outside this fork’s local CLI/importer scope.
cfe5ba814e1b218f5e1bbb0466fa5416ee244d0f	2026-07-28T21:51:43Z	Populate OpenCode source-backed lineage fields	Deferred: architecture/product direction is outside this fork’s local CLI/importer scope.
de6200f7f31c71375c77756343017497eb3c7d6a	2026-07-28T21:56:01Z	Fix OpenCode source-backed module boundaries	Deferred: architecture/product direction is outside this fork’s local CLI/importer scope.
b9cf8ef468088ec9fc2b422e302f8aae62877aea	2026-07-28T21:50:55Z	Add Zed source-backed provider adapter	Deferred: architecture/product direction is outside this fork’s local CLI/importer scope.
8d5d7e852f0a4e5c912169239d0e2cd8a6654f91	2026-07-28T21:55:55Z	Populate Zed source-backed lineage filters	Deferred: architecture/product direction is outside this fork’s local CLI/importer scope.
7ee21dc28aad19c55ddc19f8d363a8f4bb6f429c	2026-07-28T21:56:57Z	Fix Zed source record evidence ownership	Deferred: no independently portable change selected from metadata; inspect diff if a concrete need arises.
190e75dcd72552ef9531f8c2e3faf4477b28d28a	2026-07-28T21:44:57Z	Add Cursor source-backed transcript adapter	Deferred: architecture/product direction is outside this fork’s local CLI/importer scope.
bfb775e00ec866a46ce81a73f3dfafaa972960ee	2026-07-28T21:46:21Z	feat(history): add Hermes source-backed adapter	Deferred: architecture/product direction is outside this fork’s local CLI/importer scope.
b46def71a6d8036d4c093a41e42a0740171471b2	2026-07-28T21:55:07Z	feat(history): project Hermes lineage filters	Deferred: no independently portable change selected from metadata; inspect diff if a concrete need arises.
2c0b6ca4d7ffbd50459edbc9074e232c0c886f45	2026-07-28T21:56:34Z	fix(history): route Hermes SQLite errors	Deferred: no independently portable change selected from metadata; inspect diff if a concrete need arises.
caa5924b7d2995beb7c6e84a063e1cc797d8f0fd	2026-07-28T21:53:52Z	capture: add Rovo source-backed adapter	Deferred: architecture/product direction is outside this fork’s local CLI/importer scope.
ffc85448deb81ef64811f9b9039c18a47eb264ef	2026-07-28T21:57:25Z	capture: index Rovo session lineage	Deferred: no independently portable change selected from metadata; inspect diff if a concrete need arises.
1ddf26f18e7eceb5763ed0f6a8d93a8c3be2c693	2026-07-28T21:58:20Z	capture: fix Rovo adapter provider import	Deferred: provider/import change not selected; no bounded, demonstrated fork gap established in this pass.
f92beaf36d185ef344bae8463e1b96275e77a4ff	2026-07-28T21:56:54Z	Add source-backed Cline and Roo task adapters	Deferred: architecture/product direction is outside this fork’s local CLI/importer scope.
db797b660ceb86a53be4ce75c506b7adf846250d	2026-07-28T21:59:37Z	Populate task JSON index lineage fields	Deferred: no independently portable change selected from metadata; inspect diff if a concrete need arises.
efd6afbb2346f7302637f190d9c7e4dd404ad52c	2026-07-28T21:55:29Z	Add source-backed relational projection	Deferred: architecture/product direction is outside this fork’s local CLI/importer scope.
6f7d24f37fbe5c0a77fd013bab45908a5a6e169f	2026-07-28T21:55:41Z	Expose source-backed SQL compatibility reader	Deferred: architecture/product direction is outside this fork’s local CLI/importer scope.
5dcbd6febf5f0297fa7eba8b920699a8a1d48c47	2026-07-28T21:57:33Z	Add daemon-owned source refresh coordinator	Deferred: architecture/product direction is outside this fork’s local CLI/importer scope.
6aa0e5c1288d1f0d1d9e9b82b2789fcfb815a2bd	2026-07-28T21:53:46Z	Prepare semantic sidecar for source-backed metadata	Deferred: architecture/product direction is outside this fork’s local CLI/importer scope.
5ae5c5adcc3808c59025e9e43009eb050e53596b	2026-07-28T21:53:54Z	Add independent source-backed semantic frontier	Deferred: architecture/product direction is outside this fork’s local CLI/importer scope.
fe69b93416755dac5709ffddf7341de9871e5387	2026-07-28T22:05:22Z	fix(index): reclaim abandoned crash candidates	Deferred: no independently portable change selected from metadata; inspect diff if a concrete need arises.
e62b60fbfbc2e38541e46f293dc2a8ebeee0b48a	2026-07-28T22:05:51Z	Add bounded source-backed data migration state	Deferred: architecture/product direction is outside this fork’s local CLI/importer scope.
a04b6672a96b049a1bcef770f97fcf93c94a5e5f	2026-07-28T22:06:17Z	Expose setup and import migration gates	Deferred: provider/import change not selected; no bounded, demonstrated fork gap established in this pass.
dbe1e33f904533d5a686cf017ef5b968685f2389	2026-07-28T22:08:11Z	Fix Hermes source scan result inference	Deferred: no independently portable change selected from metadata; inspect diff if a concrete need arises.
1823f80ddf4037b8835715f29f1e52a01e59ff14	2026-07-28T22:19:03Z	ci: gate source-backed recovery with Bazel	Excluded by fork guardrail: SDK/contracts/build or hosted-install/release/marketing surface.
e50b1e612379d8bbae2a978ea3871f5fa315f9a2	2026-07-28T22:21:14Z	Add pinned semantic event keyset pages	Deferred: architecture/product direction is outside this fork’s local CLI/importer scope.
b42017a467e3692fc53c7d9a27e464bdf752292a	2026-07-28T22:23:17Z	Refresh Bazel module dependency inputs	Excluded by fork guardrail: SDK/contracts/build or hosted-install/release/marketing surface.
0d9151bbadb31e5a6e195e3388b00799d42fbe34	2026-07-28T22:08:16Z	Route Core source refresh through daemon ownership	Deferred: architecture/product direction is outside this fork’s local CLI/importer scope.
ac5d46e2bcf015512bf3e5135d4f5b472599a53b	2026-07-28T22:31:14Z	feat(capture): add source-backed custom history adapter	Deferred: architecture/product direction is outside this fork’s local CLI/importer scope.
07ce68f096992346c9b30edab0ace708f0e3a7d6	2026-07-28T22:31:48Z	Harden ordinary source access with root handles	Deferred: no independently portable change selected from metadata; inspect diff if a concrete need arises.
51eb337e8cd3c78c9a30748d6be84139d96757b4	2026-07-28T22:37:28Z	feat(history): bind SQLite reads to authorized source files	Deferred: no independently portable change selected from metadata; inspect diff if a concrete need arises.
d521fc13c3fdc7e4cc652f636b50b6f76bd30a74	2026-07-28T22:41:02Z	feat(pro): define source-backed materialization protocol	Excluded by fork guardrail: SDK/contracts/build or hosted-install/release/marketing surface.
d733f0d5d8ead0e1e2305fdeca54fa3c31f421c1	2026-07-28T22:41:56Z	Keep internal Pro handoff out of public source	Deferred: no independently portable change selected from metadata; inspect diff if a concrete need arises.
2a06d563f53122b13b278135451dd7d6c01b708f	2026-07-28T22:42:19Z	docs(history): specify safe SQLite WAL boundary	Deferred: no independently portable change selected from metadata; inspect diff if a concrete need arises.
734105daf764216871c29798520fad24bcb4b33f	2026-07-28T22:44:46Z	Harden Kimi compound source authority	Deferred: no independently portable change selected from metadata; inspect diff if a concrete need arises.
dade4adf917e56c43df5ea602d9cb67a3e194f68	2026-07-28T22:47:40Z	Bind shared source discovery to root handles	Deferred: no independently portable change selected from metadata; inspect diff if a concrete need arises.
7b2f7bb15e6fd441f7ca8399a3a46a4c0e519f17	2026-07-28T22:46:46Z	Bind Auggie document sources to retained authorities	Deferred: no independently portable change selected from metadata; inspect diff if a concrete need arises.
bf349b9de2b2ac41a753430964d55c3603e630ba	2026-07-28T22:47:45Z	Make Bazel release packaging authoritative	Excluded by fork guardrail: SDK/contracts/build or hosted-install/release/marketing surface.
0c4a7622fabd4c4c1cbab1515101d30a842ca91c	2026-07-28T22:51:04Z	Remove temporary Codex source-backed harness	Deferred: architecture/product direction is outside this fork’s local CLI/importer scope.
f61f2988d42656b5c4419ef35c0dc4ba6fd38679	2026-07-28T22:51:31Z	Harden Mistral Vibe compound source authority	Deferred: no independently portable change selected from metadata; inspect diff if a concrete need arises.
a31080f2b9e1bc6194892bf509dc2c22545b11a0	2026-07-28T22:50:44Z	Test source broker root safety regressions	Deferred: no independently portable change selected from metadata; inspect diff if a concrete need arises.
d1b3148216eb2732e412d21cedc6fdb2fb91e597	2026-07-28T22:51:29Z	fix(history): guard Firebender SQLite reads	Deferred: no independently portable change selected from metadata; inspect diff if a concrete need arises.
a14d5cfe4598c740c6d1efe47a896a16b1fd8fa2	2026-07-28T22:55:21Z	Bind OpenHands tree sources to retained authorities	Deferred: no independently portable change selected from metadata; inspect diff if a concrete need arises.
2fd85a2ad3b31fce78126fb5080accd57261a0a0	2026-07-28T22:54:55Z	Keep source safety tests cross-target clean	Deferred: no independently portable change selected from metadata; inspect diff if a concrete need arises.
3c84fe9052fc70c8e8253c4ea320bbc3906fb267	2026-07-28T22:55:48Z	Test shared discovery root revalidation	Deferred: no independently portable change selected from metadata; inspect diff if a concrete need arises.
01e24ca2cb13ac17deb148628c569ee263cbd4f4	2026-07-28T22:56:56Z	feat(capture): coordinate source-backed providers	Deferred: architecture/product direction is outside this fork’s local CLI/importer scope.
396a63abdb353650a7c45c919a317bd553681e55	2026-07-28T22:57:39Z	Replace semantic vectors with flat F32 segments	Deferred: architecture/product direction is outside this fork’s local CLI/importer scope.
9e37a9155973386b9ec03c1593f4316d4bb6ec4a	2026-07-28T22:59:17Z	Replace sqlite-vec dependency with memmap2	Deferred: no independently portable change selected from metadata; inspect diff if a concrete need arises.
4e29e9df9954742f86e811fe0ef877ce0bc44274	2026-07-28T23:02:10Z	Bind compound SQLite readers to guarded snapshots	Deferred: no independently portable change selected from metadata; inspect diff if a concrete need arises.
a6e56de56e65b2770115497e5a57dcb850857b20	2026-07-28T23:09:23Z	Preserve guarded Crush closure in shared refresh	Deferred: no independently portable change selected from metadata; inspect diff if a concrete need arises.
292996c3bf4bef8e9f888129fa659f83c6d637fb	2026-07-28T23:06:07Z	fix(history): guard NanoClaw compound source reads	Deferred: no independently portable change selected from metadata; inspect diff if a concrete need arises.
2b4c055c3abf5241ccd012a77c454d9748de8d28	2026-07-28T23:02:54Z	fix(history): guard shared SQLite source opens	Deferred: no independently portable change selected from metadata; inspect diff if a concrete need arises.
7325a74381618400875ff5bdd657f3d0e6f93651	2026-07-28T23:10:30Z	fix(history): guard shared SQLite source probes	Deferred: no independently portable change selected from metadata; inspect diff if a concrete need arises.
638830edcfcff2534c2da8a4db2bcc34c33cdb99	2026-07-28T23:14:09Z	Preserve NanoClaw safety regression coverage	Deferred: no independently portable change selected from metadata; inspect diff if a concrete need arises.
72bd0880a3e5ca83a81e9bb3f9ee224db7d5a72b	2026-07-28T23:12:54Z	fix(capture): use Win32 handle reads for Windows sources	Deferred: no independently portable change selected from metadata; inspect diff if a concrete need arises.
ca48a59212e1ca760c57638bfc36d6df21e4f1b1	2026-07-28T23:08:53Z	feat(history): guard source-backed SQLite adapters	Deferred: architecture/product direction is outside this fork’s local CLI/importer scope.
a589e061b32902770ffbd8e30d37bc7be3c7c874	2026-07-28T23:13:28Z	fix(history): validate SQLite scans before page release	Deferred: no independently portable change selected from metadata; inspect diff if a concrete need arises.
9693757e0d52aea0545c0fbcb7637f49e3b0ef43	2026-07-28T22:51:29Z	fix(history): guard Firebender SQLite reads	Deferred: no independently portable change selected from metadata; inspect diff if a concrete need arises.
2873b83291cfd79ca9fdd6d6c4a156a3e9be23fa	2026-07-28T23:03:29Z	fix(history): guard Trae SQLite reads	Deferred: no independently portable change selected from metadata; inspect diff if a concrete need arises.
54b3f5199497e0e92e822f8d292bdfe243a4bd4a	2026-07-28T23:15:19Z	fix(history): guard Kiro SQLite reads	Deferred: no independently portable change selected from metadata; inspect diff if a concrete need arises.
e74c68bac9940d596cf360fd8f74c7e369f9573a	2026-07-28T23:15:19Z	fix(history): guard ForgeCode SQLite reads	Deferred: no independently portable change selected from metadata; inspect diff if a concrete need arises.
a0fa909047df28c1c67b8be2d0c77320bac88b8e	2026-07-28T23:18:03Z	feat(capture): build automatic source registry	Deferred: no independently portable change selected from metadata; inspect diff if a concrete need arises.
6ff82c08320fc7aac7596fa1b2abea28e3f3e2cd	2026-07-28T23:21:50Z	Retain root authority for native JSONL sources	Deferred: no independently portable change selected from metadata; inspect diff if a concrete need arises.
5b587993dcc045ff52e3d250154849c57b337da0	2026-07-28T23:23:03Z	refactor(capture): remove Crush local publisher	Deferred: no independently portable change selected from metadata; inspect diff if a concrete need arises.
eb98d208ec147db6b0daf6018e41c3f14b0b9117	2026-07-28T23:20:26Z	Route show hydration through provider registry	Deferred: provider/import change not selected; no bounded, demonstrated fork gap established in this pass.
309137db7f8e6216f5a0e82f03e6f4e9a5244366	2026-07-28T22:59:19Z	Harden OpenClaw compound source authority	Deferred: no independently portable change selected from metadata; inspect diff if a concrete need arises.
007f5eb3782d55da5e808fcecca0128dac3d43bc	2026-07-28T23:09:19Z	Harden Mux compound source authority	Deferred: no independently portable change selected from metadata; inspect diff if a concrete need arises.
40b79a72faf7d24bd371f946c3f5045454270663	2026-07-28T23:13:41Z	Harden Rovo Dev compound source authority	Deferred: no independently portable change selected from metadata; inspect diff if a concrete need arises.
343fa19ce94db0c44838414ea682903da8325037	2026-07-28T23:21:24Z	Harden CodeBuddy compound source authority	Deferred: no independently portable change selected from metadata; inspect diff if a concrete need arises.
e1d15d52b911a8ad767f1aa7ae3c6ef9c0e4d877	2026-07-28T23:23:31Z	Test compound authority swap rejection	Deferred: no independently portable change selected from metadata; inspect diff if a concrete need arises.
61d869a62e371decea150030ce8306b11f3bc189	2026-07-28T23:27:21Z	Route semantic hydration through source registry	Deferred: architecture/product direction is outside this fork’s local CLI/importer scope.
2a9027c62f2abff4fbdfbf0b4e016af15057bf0a	2026-07-28T23:21:52Z	feat(history): read SQLite WAL through root-handle VFS	Deferred: no independently portable change selected from metadata; inspect diff if a concrete need arises.
f55579a03d4bb641220ac797021299605a8d5e0e	2026-07-28T23:25:11Z	feat(cli): refresh all source-backed providers in daemon	Deferred: architecture/product direction is outside this fork’s local CLI/importer scope.
9b1009e4b4957243da2cb759083ae4450a6e0857	2026-07-28T23:38:32Z	Expose retained provider directory capability	Deferred: provider/import change not selected; no bounded, demonstrated fork gap established in this pass.
50ccf204cc851304c4f5d0841f11c07d5397d619	2026-07-28T23:37:34Z	Route source search refresh by provider metadata	Deferred: provider/import change not selected; no bounded, demonstrated fork gap established in this pass.
8e1b4daa0e70423f1ec999b59c7711efa330f402	2026-07-28T23:06:42Z	Bind Continue session trees to retained authorities	Deferred: no independently portable change selected from metadata; inspect diff if a concrete need arises.
b60792e276cec30a379563b6e61e5f98dcb0cd50	2026-07-28T23:17:42Z	Bind Junie session trees to retained authorities	Deferred: no independently portable change selected from metadata; inspect diff if a concrete need arises.
07f0d216b3156bf44d0afb4699c64dad1e64156b	2026-07-28T23:37:51Z	Bind Cline and Roo task trees to retained authorities	Deferred: no independently portable change selected from metadata; inspect diff if a concrete need arises.
18bcd6b59574b7478f1852e5b790cd19ffd3f2d9	2026-07-28T23:42:52Z	Remove Codex-only refresh compatibility helper	Deferred: provider/import change not selected; no bounded, demonstrated fork gap established in this pass.
0d5a233dfd072b01935061c2d2502ebd745433bb	2026-07-28T23:41:18Z	Harden Goose SQLite source snapshots	Deferred: no independently portable change selected from metadata; inspect diff if a concrete need arises.
94b4d9ecf3ebaa44b753731e06ff517c003bb936	2026-07-28T23:41:40Z	Harden Zed SQLite source snapshots	Deferred: no independently portable change selected from metadata; inspect diff if a concrete need arises.
5c7a92d3ba0d8cd5fcf1b775f6aab648d33b044b	2026-07-28T23:45:25Z	Finish Zed source snapshots before publication	Deferred: no independently portable change selected from metadata; inspect diff if a concrete need arises.
fb4d6b83a367555934048575745aad25e6740a61	2026-07-28T23:46:58Z	feat(capture): retain automatic selector authority	Deferred: no independently portable change selected from metadata; inspect diff if a concrete need arises.
a9688a88a40db7b551d9255faf4fcf176e625691	2026-07-28T23:45:55Z	fix(index): close lexical generation integrity gaps	Deferred: architecture/product direction is outside this fork’s local CLI/importer scope.
a5935d392585e3b000efd3fb01b543d48212d335	2026-07-28T23:47:56Z	fix(history): read NanoClaw compound WAL via root VFS	Deferred: no independently portable change selected from metadata; inspect diff if a concrete need arises.
16811a13e983e082c9b911414f586fc4645ab6b2	2026-07-28T23:48:41Z	fix(history): route shared SQLite reads through root VFS	Deferred: no independently portable change selected from metadata; inspect diff if a concrete need arises.
60f8c4f97befe6dd30b75785e5cd935599f6b89d	2026-07-28T23:48:18Z	feat(cli): add source-refresh-only daemon mode	Deferred: architecture/product direction is outside this fork’s local CLI/importer scope.
0be7e3f507cf53c8fc418e89351235fb5563e366	2026-07-28T23:55:43Z	Report authoritative source refresh phase timings	Deferred: no independently portable change selected from metadata; inspect diff if a concrete need arises.
94ea22d09df09eadc6787055845baef0a3744d10	2026-07-28T23:54:41Z	fix(history): read provider WALs through root handles	Deferred: provider/import change not selected; no bounded, demonstrated fork gap established in this pass.
3599aa4d4c1eb87c8beceb24470b972b8e5f4600	2026-07-29T00:05:33Z	test(daemon): freeze source refresh qualification schema	Deferred: architecture/product direction is outside this fork’s local CLI/importer scope.
ca74a481d29f3b8dd999691737cd00c305ecdc76	2026-07-29T00:07:27Z	fix(daemon): apply live config reloads truthfully	Deferred: architecture/product direction is outside this fork’s local CLI/importer scope.
a0e67da8f19237035e6e76afc8f4f7d7a6035556	2026-07-29T00:05:54Z	Read Goose and Zed WAL through root handles	Deferred: no independently portable change selected from metadata; inspect diff if a concrete need arises.
0ea9998c6aecd6c65fed92107cbd3254c2b5e681	2026-07-28T23:41:47Z	Harden custom history source access with retained handles	Deferred: no independently portable change selected from metadata; inspect diff if a concrete need arises.
b781f77142cf3c978bb315c0224bb48e7412fa4e	2026-07-28T23:44:46Z	Harden Codex ordinary source access with retained handles	Deferred: provider/import change not selected; no bounded, demonstrated fork gap established in this pass.
d40bd3bc1e8d2ede005082cc906d97e8d817a82f	2026-07-28T23:47:40Z	Harden Pi ordinary source access with retained handles	Deferred: no independently portable change selected from metadata; inspect diff if a concrete need arises.
ccbb30ea96b24f20fdbcf918163b58ea8f404423	2026-07-28T23:48:31Z	Harden Claude ordinary source access with retained handles	Deferred: provider/import change not selected; no bounded, demonstrated fork gap established in this pass.
d43acfdcb32a3c1c5def66d84ddf525aa3d41bad	2026-07-29T00:01:59Z	Add source-backed Codex prompt history adapter	Deferred: architecture/product direction is outside this fork’s local CLI/importer scope.
a64b4b580f90b3710db7539b4c61d9d95ea72bd3	2026-07-29T00:08:10Z	Migrate five SQLite readers to root-handle VFS	Deferred: no independently portable change selected from metadata; inspect diff if a concrete need arises.
a4cf7c830f45bf2f8e68704d0637466301afdac5	2026-07-29T00:03:01Z	feat(capture): retain SQLite roots for source-backed routes	Deferred: architecture/product direction is outside this fork’s local CLI/importer scope.
1064ed5cbd9c943f58e7daf2ce4560579e7d79a4	2026-07-29T00:16:49Z	test(capture): accept retained-root swap failures	Deferred: no independently portable change selected from metadata; inspect diff if a concrete need arises.
9e6df3aab49eb9348f6dbcf90478d94a73491ce9	2026-07-29T00:12:42Z	feat(pro): bind queries to source authority	Deferred: no independently portable change selected from metadata; inspect diff if a concrete need arises.
4b861b703b513efd980f1b3b182c93d2eb8f2f36	2026-07-29T00:36:36Z	feat(capture): retain source publication handoff evidence	Deferred: no independently portable change selected from metadata; inspect diff if a concrete need arises.
566f252b0a18facba74e8e086c31cf6b3e7ff9a9	2026-07-29T00:44:37Z	refactor(upgrade): make v0.26 a fresh history epoch	Excluded by fork guardrail: network, telemetry, updater, or release-signing surface.
72557cfccd12ffb99e860fa27ca67b69a5ce32bd	2026-07-29T00:39:26Z	Register source-backed Codex prompt history	Deferred: architecture/product direction is outside this fork’s local CLI/importer scope.
910fc6f8974f128e03fcf524835791b31e2225fd	2026-07-29T00:44:33Z	Add durable removals and source event pages	Deferred: no independently portable change selected from metadata; inspect diff if a concrete need arises.
6f038178a5ffe0ba03e5959ddf2d1196e4e3ccb1	2026-07-29T00:51:47Z	feat(capture): persist certified removals in generations	Deferred: architecture/product direction is outside this fork’s local CLI/importer scope.
0d7396795965ae5ae96fd45b84865dc8523ad9f2	2026-07-29T00:46:26Z	cut over show to source-backed generations	Deferred: architecture/product direction is outside this fork’s local CLI/importer scope.
076c7dff165fd3f51504f294e0c653b311a9166c	2026-07-29T00:47:13Z	Cut SQL consumers over to source-backed projection	Deferred: architecture/product direction is outside this fork’s local CLI/importer scope.
04340aa0fa248a4ec8e8e4b6dd0c56976011ff98	2026-07-29T01:06:29Z	Use stock SQLite for provider snapshots	Deferred: provider/import change not selected; no bounded, demonstrated fork gap established in this pass.
6a567fc27b14e2ccb39189f6b0613eb3f30179e8	2026-07-29T01:19:44Z	refactor(daemon): cut history cadence to source refresh	Deferred: architecture/product direction is outside this fork’s local CLI/importer scope.
c3a017500da1d76e0bdb716d138bc122f7f17d58	2026-07-29T01:29:19Z	feat(pro): add pinned source runtime provider	Deferred: provider/import change not selected; no bounded, demonstrated fork gap established in this pass.
7b71ed6566fd8350b9ad777efbfbd728295e3c23	2026-07-29T01:38:40Z	Retain source manifest with daemon resolver	Deferred: architecture/product direction is outside this fork’s local CLI/importer scope.
61d495c8d67e6d64b0ef7dda4a7f7cf4563c0ef2	2026-07-29T01:37:55Z	Add ordered batch source hydration contract	Excluded by fork guardrail: SDK/contracts/build or hosted-install/release/marketing surface.
6754332b60fe43f302919c2b61485543a2479ee8	2026-07-29T01:53:02Z	Batch source hydration for Pro materialization	Deferred: no independently portable change selected from metadata; inspect diff if a concrete need arises.
2d588d0c2af66946c07e9f6a38004176efb356a0	2026-07-29T01:30:36Z	Bind source generation policy to lexical manifests	Deferred: architecture/product direction is outside this fork’s local CLI/importer scope.
00af48a4f3f40f25241a340b4a82d99a8089792e	2026-07-29T02:32:41Z	Index full source-backed provider bodies	Deferred: architecture/product direction is outside this fork’s local CLI/importer scope.
ec212653f55a92b145dc858928abb5e04c8b5821	2026-07-29T02:32:05Z	Index full policy text for provider group B	Deferred: provider/import change not selected; no bounded, demonstrated fork gap established in this pass.
3e273659844144549e3196df0e70df0fc888e114	2026-07-29T01:31:08Z	fix(capture): hydrate Junie and Mux from native sources	Deferred: no independently portable change selected from metadata; inspect diff if a concrete need arises.
9fed42064e5fef8008742b2b5ad0898eef034aa9	2026-07-29T02:22:30Z	Hydrate AstrBot and Lingma source content exactly	Deferred: no independently portable change selected from metadata; inspect diff if a concrete need arises.
27c0046f1b0d7123811d3a248dc6cfb02b07b646	2026-07-29T02:01:45Z	Remove stored content from relational projection	Deferred: no independently portable change selected from metadata; inspect diff if a concrete need arises.
7de2244c528359a0d35f88699108eb84d0a20160	2026-07-29T02:26:32Z	Cut semantic search over to source-backed hydration	Deferred: architecture/product direction is outside this fork’s local CLI/importer scope.
a3419a45ee0382a36a9a672e6a1f6fe7098c0680	2026-07-29T02:24:59Z	Wire source-backed Pro daemon catch-up	Deferred: architecture/product direction is outside this fork’s local CLI/importer scope.
2a241a7e0ecfbb3f680805932d5a06e731cb0d5a	2026-07-29T02:59:28Z	fix(capture): retain full source-backed provider bodies	Deferred: architecture/product direction is outside this fork’s local CLI/importer scope.
1e1b02355fc46e90bab8d372bea326aba0f9b8de	2026-07-29T02:49:38Z	feat(import): cut explicit sources over to catalog	Deferred: provider/import change not selected; no bounded, demonstrated fork gap established in this pass.
d43aae23e7e1c822d0c91231a98e1f7875a8bf4e	2026-07-29T03:05:29Z	Remove residual lexical preview limits	Deferred: no independently portable change selected from metadata; inspect diff if a concrete need arises.
3de7ba28ccec8e076753af057671ced073061c42	2026-07-29T03:11:42Z	Make source-backed search the sole production route	Deferred: architecture/product direction is outside this fork’s local CLI/importer scope.
96f58d842cb2db38869971713408a177d5844938	2026-07-29T03:17:56Z	Route automatic imports through source refresh	Deferred: provider/import change not selected; no bounded, demonstrated fork gap established in this pass.
b4c68a8fa850884273f346f2b14eb577a67f84c1	2026-07-29T03:21:52Z	Cut locate over to source-backed metadata	Deferred: architecture/product direction is outside this fork’s local CLI/importer scope.
3b19b56c999743aeade2e706c5dce2435d8fff52	2026-07-29T03:24:02Z	Support normal source-backed search intents	Deferred: architecture/product direction is outside this fork’s local CLI/importer scope.
e5b5355bb0e47b617dd8507df3e4c93bdba29329	2026-07-29T03:25:20Z	Delete obsolete provider B Store publication tests	Deferred: provider/import change not selected; no bounded, demonstrated fork gap established in this pass.
035f36cdb9eaa666cdc6e14dc63fa8c72b9a7a8b	2026-07-29T03:25:16Z	Delete provider C legacy publication tests	Deferred: provider/import change not selected; no bounded, demonstrated fork gap established in this pass.
56e918e747419dfca334f8691fdd634339662aa0	2026-07-29T03:25:50Z	Remove legacy Junie and Mux provider paths	Deferred: provider/import change not selected; no bounded, demonstrated fork gap established in this pass.
b9872ee906230d3f5c5c607ae6937d0d5fb8564b	2026-07-29T03:25:46Z	Delete legacy AstrBot and Lingma Store ingestion	Deferred: no independently portable change selected from metadata; inspect diff if a concrete need arises.
c7ca26039b56fed74bfa45740ca8af51aafbb2eb	2026-07-29T03:26:09Z	Delete obsolete provider publication test leaves	Deferred: provider/import change not selected; no bounded, demonstrated fork gap established in this pass.
f25927c62355fd8d589b6022857ef1308681e8fa	2026-07-29T03:26:18Z	Wire source-backed relational daemon catch-up	Deferred: architecture/product direction is outside this fork’s local CLI/importer scope.
56c56901977322cf50d5c6480e92d2c1e7146de3	2026-07-29T03:31:16Z	Cut over setup and status to source epoch	Deferred: no independently portable change selected from metadata; inspect diff if a concrete need arises.
d634c32a61def457b5d7972442f015aed45abf4b	2026-07-29T03:33:44Z	Make MCP search source-backed only	Deferred: architecture/product direction is outside this fork’s local CLI/importer scope.
dd1d18775f5c3d10a1187d9eedbdc01cdcb63cd8	2026-07-29T03:35:00Z	Fail SQL closed on stale source generation	Deferred: architecture/product direction is outside this fork’s local CLI/importer scope.
5e160b42a680395d7aa9a6167948f96188488cc5	2026-07-29T03:37:49Z	Delete legacy canonical history daemon	Deferred: architecture/product direction is outside this fork’s local CLI/importer scope.
c7663bc11e17465bed91a1faca0d6a40fec3a049	2026-07-29T03:39:54Z	Delete legacy Store-backed search implementation	Deferred: no independently portable change selected from metadata; inspect diff if a concrete need arises.
a4d772aa1514802515f25949f816a94bb3d8d4a1	2026-07-29T03:42:00Z	Delete legacy Store-backed query helpers	Deferred: no independently portable change selected from metadata; inspect diff if a concrete need arises.
dc8168a929696c88a849d1e8271843f298b3a3fc	2026-07-29T03:50:50Z	Cut index status over to source epoch	Deferred: no independently portable change selected from metadata; inspect diff if a concrete need arises.
e5777e38f22064d37aa5db3eaa272fc51ad24cc1	2026-07-29T03:50:50Z	Fix source-backed test compilation	Deferred: architecture/product direction is outside this fork’s local CLI/importer scope.
9058c3f528870588c143aff35a5ce36ab21ad9ad	2026-07-29T03:51:17Z	Delete legacy Store telemetry helpers	Excluded by fork guardrail: network, telemetry, updater, or release-signing surface.
972eae26abdf2e2e080fa6defd11804229dcc3a1	2026-07-29T03:52:21Z	Cut doctor over to source epoch	Deferred: no independently portable change selected from metadata; inspect diff if a concrete need arises.
03b40bfa2059b4b834fcc421ac276120926fbb9a	2026-07-29T03:56:21Z	Delete legacy Store import substrate	Deferred: provider/import change not selected; no bounded, demonstrated fork gap established in this pass.
c3cfb28c2b23364b8ab898a0247c2c927a8e9cdf	2026-07-29T03:59:08Z	Shrink explicit source inventory helper	Deferred: no independently portable change selected from metadata; inspect diff if a concrete need arises.
d5005e2a517aa5b574882e0b4e06cd7b7b01dd18	2026-07-29T04:04:08Z	Delete legacy import reporting substrate	Deferred: provider/import change not selected; no bounded, demonstrated fork gap established in this pass.
716dc0f672f087401347541318d1cbfd4173993c	2026-07-29T04:06:01Z	Remove legacy history plugin executor	Deferred: no independently portable change selected from metadata; inspect diff if a concrete need arises.
70a064455bedf32ee89c1d3de96628d8a8bf5f51	2026-07-29T04:09:50Z	Align plugin tests with source-backed epoch	Deferred: architecture/product direction is outside this fork’s local CLI/importer scope.
1d696bfb46f272a9e5df22c066f951516e27f292	2026-07-29T04:07:53Z	Activate qualified source-backed semantic search	Deferred: architecture/product direction is outside this fork’s local CLI/importer scope.
4220f56d3ffba514d8018f46e8d0984c547d5be0	2026-07-29T04:14:45Z	Keep semantic backend resolution source-backed	Deferred: architecture/product direction is outside this fork’s local CLI/importer scope.
c780735c75a8c61fe4a60d42657967df67d7fbb8	2026-07-29T04:23:51Z	feat(pro): stream source manifest admission	Deferred: no independently portable change selected from metadata; inspect diff if a concrete need arises.
9817bc724a924148d30aea26ce5c466e655d4688	2026-07-29T04:33:37Z	test(cli): remove stale history plugin execution coverage	Deferred: no independently portable change selected from metadata; inspect diff if a concrete need arises.
6e0b186539fef2280e3134baf4c1d70d8a0ea889	2026-07-29T04:40:44Z	Use stable search projection paths	Deferred: no independently portable change selected from metadata; inspect diff if a concrete need arises.
841178f152475720e7686b7b3a593fbf31bc6e86	2026-07-29T04:40:07Z	Delete legacy AstrBot Store publisher	Deferred: no independently portable change selected from metadata; inspect diff if a concrete need arises.
2d9ed6db0afe6394f24b2a069f70ac7d77604127	2026-07-29T04:41:51Z	Remove obsolete AstrBot import options	Deferred: provider/import change not selected; no bounded, demonstrated fork gap established in this pass.
ae0175efabc4cfa441c9e271dc7938a9e96acd25	2026-07-29T05:02:23Z	Remove ForgeCode Store publication path	Deferred: no independently portable change selected from metadata; inspect diff if a concrete need arises.
306cb0d20b5d75517994da7fbe2ebb743b1575a3	2026-07-29T05:11:45Z	refactor(capture): delete Junie and Mux Store publishers	Deferred: no independently portable change selected from metadata; inspect diff if a concrete need arises.
97a349e5922efa3dc21c09698dd3d26d6ed709f6	2026-07-29T05:29:05Z	Delete legacy Hermes Store publisher	Deferred: no independently portable change selected from metadata; inspect diff if a concrete need arises.
5b28de9c2ddf8b517c0a477c9fc639f716a4bd75	2026-07-29T05:31:33Z	Delete DeepAgents Store publication path	Deferred: no independently portable change selected from metadata; inspect diff if a concrete need arises.
321f0240079c69c65632ac9d3da46fc87d4ea8d1	2026-07-29T05:49:41Z	refactor(nanoclaw): retire legacy Store publisher	Deferred: no independently portable change selected from metadata; inspect diff if a concrete need arises.
0ce2a852ebda193247d9585bde725e5dea0b7d62	2026-07-29T05:50:35Z	refactor(capture): remove Goose Store publisher	Deferred: no independently portable change selected from metadata; inspect diff if a concrete need arises.
68a7494ac17d8e40833a8af132e009104734d25d	2026-07-29T05:57:49Z	Finish copied SQLite snapshots before admission	Deferred: no independently portable change selected from metadata; inspect diff if a concrete need arises.
3016a5aee31b5c45e507b40257cffbabbe9270f6	2026-07-29T06:02:27Z	Cut Pro materialization over to source generations	Deferred: architecture/product direction is outside this fork’s local CLI/importer scope.
0becaf16896a3ebfe7be38930d00aa2f8519c004	2026-07-29T05:58:12Z	refactor(semantic): own source-backed search documents	Deferred: architecture/product direction is outside this fork’s local CLI/importer scope.
f27f130fcb7cb38c2b24f8e7fd2bd2172de9d163	2026-07-29T05:58:06Z	refactor(sql): rehome SQL under source projection	Deferred: no independently portable change selected from metadata; inspect diff if a concrete need arises.
04dd36e53c59adbcaa477b7c75462ca45e6b54a5	2026-07-29T06:04:44Z	Remove Firebender Store publication path	Deferred: no independently portable change selected from metadata; inspect diff if a concrete need arises.
f1da6f53580ff54f76e36ef3ddfadf104f294904	2026-07-29T06:03:55Z	refactor(auggie): retire legacy Store publisher	Deferred: no independently portable change selected from metadata; inspect diff if a concrete need arises.
7e4667ea33f69607251e22830e9e35d777ae56fe	2026-07-29T06:09:20Z	refactor(pro): delete legacy import output catch-up	Deferred: provider/import change not selected; no bounded, demonstrated fork gap established in this pass.
27bb217c7095fcd431a7274f614ae869564dd568	2026-07-29T06:25:45Z	refactor(semantic): delete Store reconciliation path	Deferred: architecture/product direction is outside this fork’s local CLI/importer scope.
b94f04c945d837fee4db9321612206c72eb6a99a	2026-07-29T06:13:48Z	Delete OpenClaw Store publication path	Deferred: no independently portable change selected from metadata; inspect diff if a concrete need arises.
626078dc1008689664eaa0dc684f86db0bcd5de3	2026-07-29T06:22:48Z	refactor(capture): retire Trae Store publisher	Deferred: no independently portable change selected from metadata; inspect diff if a concrete need arises.
708de38387c3863056f1c7e21ed0419fbb20e819	2026-07-29T06:34:43Z	refactor(capture): remove legacy Store import API	Deferred: provider/import change not selected; no bounded, demonstrated fork gap established in this pass.
bba68417e0ffd1c0e98f396d56258d0df5a97ffa	2026-07-29T06:32:42Z	fix(history): admit stock SQLite idle WAL transition	Deferred: no independently portable change selected from metadata; inspect diff if a concrete need arises.
bd2d389e0d120728f3e278d74aff4cfa6b6fd98a	2026-07-29T06:37:38Z	test(capture): delete Store-era import suites	Deferred: provider/import change not selected; no bounded, demonstrated fork gap established in this pass.
c264ef5e9264f7046cd968fd69a91153bb1fb445	2026-07-29T06:36:17Z	refactor(pro): prune legacy output transport	Deferred: no independently portable change selected from metadata; inspect diff if a concrete need arises.
80ca4a871263efeeb801851a0be636042b8a603b	2026-07-29T06:45:19Z	refactor(capture): remove retired Store shims	Deferred: no independently portable change selected from metadata; inspect diff if a concrete need arises.
38a738222ab835ef33ba440ce12fb189aac475ee	2026-07-29T06:46:26Z	refactor(capture): retire legacy text provider publishers	Deferred: provider/import change not selected; no bounded, demonstrated fork gap established in this pass.
aa915472f28686028df39aa342e0e9f795bf425b	2026-07-29T06:47:20Z	Complete source-backed setup and status cutover	Deferred: architecture/product direction is outside this fork’s local CLI/importer scope.
574cc75c1aa594a5825723c9e6ff173bf01aaefa	2026-07-29T06:55:55Z	fix(daemon): autostart on fresh v0.26 roots	Deferred: architecture/product direction is outside this fork’s local CLI/importer scope.
d573f861fb5dea45acfc621051b8b298d4aee1fb	2026-07-29T06:54:18Z	fix(codex): align source-backed hydration eligibility	Deferred: architecture/product direction is outside this fork’s local CLI/importer scope.
2be52cd268dbb93228ef3c4b7e3248037bcb579b	2026-07-29T06:56:38Z	refactor(capture): retire legacy provider publishers	Deferred: provider/import change not selected; no bounded, demonstrated fork gap established in this pass.
ce9d84c41bff6256fa132f47e8a324988d786e56	2026-07-29T07:01:24Z	test(semantic): remove legacy Store fixtures	Deferred: architecture/product direction is outside this fork’s local CLI/importer scope.
e29e2f582d23f82aab4bf1359864be21855063e0	2026-07-29T00:44:37Z	refactor(upgrade): make v0.26 a fresh history epoch	Excluded by fork guardrail: network, telemetry, updater, or release-signing surface.
cf0eab55ec9d419cb5c28ed55a83b5af89504259	2026-07-29T07:03:50Z	test(search): convert refresh lifecycle to source-backed assertions	Deferred: architecture/product direction is outside this fork’s local CLI/importer scope.
ed64a8c0d1983165f7944fa63e885aa386be46dd	2026-07-29T07:12:40Z	refactor(capture): retire legacy CLI provider publishers	Deferred: provider/import change not selected; no bounded, demonstrated fork gap established in this pass.
1e7d9c519faf8c1605db254c833ea037ba597ccc	2026-07-29T07:12:50Z	refactor(codex): retire legacy Store publisher	Deferred: provider/import change not selected; no bounded, demonstrated fork gap established in this pass.
ab5f6ae4a0e811dd4e0b0280965e5a733ff36be0	2026-07-29T07:22:05Z	refactor(search): remove legacy SQLite search crate	Deferred: no independently portable change selected from metadata; inspect diff if a concrete need arises.
b127cffc9a152546c364688936b26197996e7301	2026-07-29T07:20:26Z	remove legacy provider Store publishers	Deferred: provider/import change not selected; no bounded, demonstrated fork gap established in this pass.
d617cfb14eecd1523df8b7eb37997c2b914c697f	2026-07-29T07:28:37Z	refactor(capture): remove residual Store-era APIs	Deferred: no independently portable change selected from metadata; inspect diff if a concrete need arises.
d75205c99a1b423affd0cae9201692c59483d66d	2026-07-29T07:27:17Z	fix(daemon): retry incomplete cold generations	Deferred: architecture/product direction is outside this fork’s local CLI/importer scope.
8ae2da65fc5cfcddd217f1a7d7292181f0dfd6e3	2026-07-29T07:36:21Z	refactor(store): retain only source-backed SQL projection	Deferred: architecture/product direction is outside this fork’s local CLI/importer scope.
b88042785712ca346e29e7a5044828b1893029e7	2026-07-29T07:33:02Z	fix(cursor): hydrate short source-backed messages exactly	Deferred: architecture/product direction is outside this fork’s local CLI/importer scope.
8ff649bfc9fc0d8a5d3ce3f9fa303e3b738bea2b	2026-07-29T07:38:00Z	refactor(store): remove released history fixtures	Deferred: no independently portable change selected from metadata; inspect diff if a concrete need arises.
f9ef40fdb68f46dfb1ccb00bc9283238ccfa2afe	2026-07-29T07:38:21Z	test(capture): migrate SQLite hydration fixtures	Deferred: no independently portable change selected from metadata; inspect diff if a concrete need arises.
1acfc1236cf6dbca69c8e3ee3267b77e2b59497a	2026-07-29T07:41:18Z	refactor(capture): remove relational Store coupling	Deferred: no independently portable change selected from metadata; inspect diff if a concrete need arises.
9c9a5674e09df40f0f7e655e325d38065797b690	2026-07-29T07:45:19Z	refactor(capture): remove released cursor importer substrate	Deferred: provider/import change not selected; no bounded, demonstrated fork gap established in this pass.
82ca38f0d4e715b1b7565b253346b975e75943ef	2026-07-29T07:50:53Z	refactor(import): remove legacy Store error classification	Deferred: provider/import change not selected; no bounded, demonstrated fork gap established in this pass.
738d73a2f9ca9a695f971eb882a59f820f9a42f0	2026-07-29T07:50:41Z	refactor(codex): unify source-backed eligibility contract	Excluded by fork guardrail: SDK/contracts/build or hosted-install/release/marketing surface.
2243339f23d373badc063c7eb3a5ab5e429cb244	2026-07-29T07:56:31Z	fix(pro): support owner-private credential fallback	Deferred: no independently portable change selected from metadata; inspect diff if a concrete need arises.
cf5c363ae75b7c58a78edbcf8e8f78f596bef1ef	2026-07-29T07:59:08Z	build(bazel): remove deleted import dispatch fixture	Excluded by fork guardrail: SDK/contracts/build or hosted-install/release/marketing surface.
90231add5e1cfc6a84fabddf7811a2df6b3115a6	2026-07-29T08:01:34Z	test(history): remove legacy Store fixtures	Deferred: no independently portable change selected from metadata; inspect diff if a concrete need arises.
c083216f1c46cad1c2709664dc22f673d6005b16	2026-07-29T08:07:50Z	refactor(capture): localize source-backed registrations	Deferred: architecture/product direction is outside this fork’s local CLI/importer scope.
02b7169c292467cad613a16b807665e0d1430790	2026-07-29T08:10:31Z	refactor(cursor): retire Store output replay	Deferred: provider/import change not selected; no bounded, demonstrated fork gap established in this pass.
df05e8458e6ff8c0c24cff4202ece3e9d52c5e4a	2026-07-29T08:20:40Z	build(bazel): refresh source-backed dependency lock	Excluded by fork guardrail: SDK/contracts/build or hosted-install/release/marketing surface.
7234afc66e2075ab2061b77edf5346c37fcee2bf	2026-07-29T08:28:28Z	fix(cli): use purpose-based durable state paths	Deferred: no independently portable change selected from metadata; inspect diff if a concrete need arises.
5e788b2b12010f5abe040d35d1b9a1c15380afec	2026-07-29T08:32:31Z	fix(pro): describe secure local credential fallback	Deferred: no independently portable change selected from metadata; inspect diff if a concrete need arises.
8f15480fb95da519ef1c904065ba8b5050c2de32	2026-07-29T08:40:40Z	docs: cut public tooling over to source-backed search	Deferred: architecture/product direction is outside this fork’s local CLI/importer scope.
a6af695b1a2ddd561b30b87be3505d604e3f37ea	2026-07-29T08:41:12Z	fix(pro): stop offering legacy output materialization	Deferred: no independently portable change selected from metadata; inspect diff if a concrete need arises.
9f9cc87355976ebd520360262a0ce5e56414b238	2026-07-29T08:46:51Z	fix(astrbot): certify complete exact hydration	Deferred: no independently portable change selected from metadata; inspect diff if a concrete need arises.
caa00515cd70a3868f6e5655949602d135d90437	2026-07-29T08:47:16Z	refactor(hydration): remove partial provider support state	Deferred: provider/import change not selected; no bounded, demonstrated fork gap established in this pass.
06f03d9d928fa84cc6d482c93ba2d63dd25cceff	2026-07-29T08:49:10Z	refactor(capture): remove legacy replay scaffolding	Deferred: no independently portable change selected from metadata; inspect diff if a concrete need arises.
94f7dd68b753bb1e7418ca7e00021b93eafe3416	2026-07-29T08:51:15Z	refactor(capture): remove unreachable summary replay state	Deferred: no independently portable change selected from metadata; inspect diff if a concrete need arises.
c9bd313b2a7b0604a24ffc8638f935475b5c4834	2026-07-29T08:52:14Z	build(capture): use production library for qualification	Deferred: no independently portable change selected from metadata; inspect diff if a concrete need arises.
a95af07ea9cf241c9c48251b8244b252d7926458	2026-07-29T08:52:48Z	build(capture): remove obsolete qualification cfg	Deferred: no independently portable change selected from metadata; inspect diff if a concrete need arises.
2cda6deb294e557a103cc2ed3ad3fba4e0474c7a	2026-07-29T08:56:46Z	refactor(goose): remove residual output replay lane	Deferred: no independently portable change selected from metadata; inspect diff if a concrete need arises.
3e84e20ab2581a487eb9d6d5fe98c93aee27a72a	2026-07-29T08:57:38Z	refactor(gemini): retire transient output replay	Deferred: provider/import change not selected; no bounded, demonstrated fork gap established in this pass.
e737ac51d1a74dbdfc06144ca0ca259871377011	2026-07-29T09:01:18Z	refactor(codex): retire legacy nativepath profiles	Deferred: provider/import change not selected; no bounded, demonstrated fork gap established in this pass.
1c97e1ab18f521d9f25e3632e4770a59217244cc	2026-07-29T09:18:59Z	refactor(protocol): remove legacy journal authority	Excluded by fork guardrail: SDK/contracts/build or hosted-install/release/marketing surface.
2a50b874260f80b689cd7e875ac010460546934e	2026-07-29T09:27:55Z	Rename relational projection crate	Deferred: no independently portable change selected from metadata; inspect diff if a concrete need arises.
848ecf104e9cb8d3dcc99881f3617dcf7cf5e5f3	2026-07-29T09:30:28Z	build: regenerate relational crate module lock	Deferred: no independently portable change selected from metadata; inspect diff if a concrete need arises.
fb236769120328c61cc9efd244269340a69e22e3	2026-07-29T09:32:46Z	feat(capture): enable explicit Codex session source route	Deferred: provider/import change not selected; no bounded, demonstrated fork gap established in this pass.
5415b293760be4383bc8f11ba761dc9b90f651e6	2026-07-29T09:39:07Z	docs: describe source-authoritative search storage	Deferred: no independently portable change selected from metadata; inspect diff if a concrete need arises.
083870bec66680469d6e795f902d08f5b88c26f2	2026-07-29T09:38:46Z	test(perf): qualify source-backed refresh	Deferred: architecture/product direction is outside this fork’s local CLI/importer scope.
d94c50904a634c1d7d40c0c20e7263b2956f5050	2026-07-29T09:42:52Z	Make source show policies provider-authoritative	Deferred: provider/import change not selected; no bounded, demonstrated fork gap established in this pass.
0a3733f9e52508ad2e69253f99ad913162a1ee2e	2026-07-29T09:44:21Z	refactor: retire structured complete-content resolver	Deferred: no independently portable change selected from metadata; inspect diff if a concrete need arises.
f380234527ae5b170e5822f1f3fc180a800fd4b8	2026-07-29T10:01:28Z	Fix lexical status publication authority	Deferred: no independently portable change selected from metadata; inspect diff if a concrete need arises.
a1bc1915686eb5098a91dc5ded7c3f02bbd72c25	2026-07-29T09:59:53Z	test(pro): enforce fresh-epoch lifecycle authority	Deferred: no independently portable change selected from metadata; inspect diff if a concrete need arises.
ec77696a97b71c193daca3ff9858d7c16a1e9652	2026-07-29T10:07:07Z	test(cli): remove residual legacy Store fixtures	Deferred: no independently portable change selected from metadata; inspect diff if a concrete need arises.
d9f80823e2f924ad60c749094e986fa7f22188cc	2026-07-29T10:06:56Z	test(cli): retire legacy setup import Store fixtures	Deferred: provider/import change not selected; no bounded, demonstrated fork gap established in this pass.
4e74c483ea482ce7af58b0de712d689e723778b9	2026-07-29T10:10:34Z	test(cli): decouple provider acceptance from SQL catch-up	Deferred: provider/import change not selected; no bounded, demonstrated fork gap established in this pass.
69bdfd68be2d8373e1692bed4c48fb5d49a0f1ca	2026-07-29T10:18:14Z	fix(protocol): preserve typed source citations	Excluded by fork guardrail: SDK/contracts/build or hosted-install/release/marketing surface.
24bc4554d325b7f54fef18b2cf3c3e4165594f99	2026-07-29T10:26:00Z	Remove residual Codex dead code	Deferred: provider/import change not selected; no bounded, demonstrated fork gap established in this pass.
d7c496c03e12f9cd455ec21be9b1a7f6ec4793c7	2026-07-29T10:35:26Z	test(codex): assert decoded source hydration	Deferred: provider/import change not selected; no bounded, demonstrated fork gap established in this pass.
b0121d5229eac1da54fb39fe5d8dea1ce577531a	2026-07-29T10:29:11Z	test: qualify source-backed acceptance fixtures	Deferred: architecture/product direction is outside this fork’s local CLI/importer scope.
9d11827289ff9c068a07a06fc88ea092767e6acd	2026-07-29T10:33:28Z	refactor: delete residual provider export machinery	Deferred: provider/import change not selected; no bounded, demonstrated fork gap established in this pass.
a8b676e419da1af1de0084ff4e9301a2aac843aa	2026-07-29T10:38:21Z	fix(history): fail closed on SQLite leaf swaps	Deferred: no independently portable change selected from metadata; inspect diff if a concrete need arises.
287719a449b2e115ac0f752fca493ce6fcfb4952	2026-07-29T10:45:09Z	test: align analytics with source-backed telemetry	Excluded by fork guardrail: network, telemetry, updater, or release-signing surface.
542703096b759f6e72e94f2a5fc2359e6afdce57	2026-07-29T10:53:43Z	refactor(history): remove residual provider dead code	Deferred: provider/import change not selected; no bounded, demonstrated fork gap established in this pass.
55eec62110eae8c22c22c86a28b76a5c6901b955	2026-07-29T10:53:43Z	refactor(capture): remove dead custom history machinery	Deferred: no independently portable change selected from metadata; inspect diff if a concrete need arises.
f6732e8d3cd0acdd4513fa334042d7388f49f9bd	2026-07-29T10:55:06Z	test(cli): align local usage SQL with source epoch	Deferred: no independently portable change selected from metadata; inspect diff if a concrete need arises.
d9f64bbf5f5f242d2068b982ab4b3fac51161953	2026-07-29T11:08:16Z	fix(mcp): preserve typed source-backed contracts	Excluded by fork guardrail: SDK/contracts/build or hosted-install/release/marketing surface.
62f279695a79e6db49eb92727a4fa6e0216eb58f	2026-07-29T11:09:24Z	refactor(capture): prune provider-local cutover dead code	Deferred: provider/import change not selected; no bounded, demonstrated fork gap established in this pass.
6f7eecb3163444b9c56ae14eb78bbf227014e07d	2026-07-29T11:11:56Z	refactor(semantic): remove legacy worker status machinery	Deferred: architecture/product direction is outside this fork’s local CLI/importer scope.
9de842fd7e01f1196832799755dfcb5b34232354	2026-07-29T11:15:07Z	refactor(capture): prune Cline and Pi dead machinery	Deferred: no independently portable change selected from metadata; inspect diff if a concrete need arises.
41e53fef55f2e74dd5d01bf7aa721dcd573fa81a	2026-07-29T11:22:37Z	test(relational): align catch-up fixture with SQL views	Deferred: no independently portable change selected from metadata; inspect diff if a concrete need arises.
030087ee7be686bccb0ac01b0b2ba8a4f6bef435	2026-07-29T11:25:56Z	refactor(capture): prune residual provider dead code	Deferred: provider/import change not selected; no bounded, demonstrated fork gap established in this pass.
22ff5a75294bb8b527502af4f80691d7d3a65a5d	2026-07-29T11:29:13Z	fix(release): allow isolated Linux build roots	Deferred: no independently portable change selected from metadata; inspect diff if a concrete need arises.
170a4ab50ed6a1aac9c966ab1540d141765c1f02	2026-07-29T11:28:32Z	refactor(cli): remove retired cutover residue	Deferred: no independently portable change selected from metadata; inspect diff if a concrete need arises.
e50614cf88df6e2a838ebe64a8df628362fe6f07	2026-07-29T11:50:20Z	fix source refresh retry after cold scan failure	Deferred: no independently portable change selected from metadata; inspect diff if a concrete need arises.
4104f89bb669d6a3df866167202d0943e189714e	2026-07-29T11:49:32Z	fix(release): harden native smoke data root	Deferred: no independently portable change selected from metadata; inspect diff if a concrete need arises.
f000cddc501e99a12d4cc73909750a97b7fd5c7d	2026-07-29T11:52:08Z	fix(release): support persistent Linux build cache	Deferred: no independently portable change selected from metadata; inspect diff if a concrete need arises.
4cd453786fa1c5ea8fc7255fe010062e61e848f9	2026-07-29T11:59:18Z	fix(daemon): isolate concurrent status publications	Deferred: architecture/product direction is outside this fork’s local CLI/importer scope.
b3df7364a9031413b027d9dbfe572cb107797f51	2026-07-29T12:23:51Z	fix(show): classify missing Codex source as unavailable	Deferred: provider/import change not selected; no bounded, demonstrated fork gap established in this pass.
4351fbe05068f71ac5e8f8fa71a88994cf2e2a7d	2026-07-29T12:40:38Z	fix(show): classify absent Codex tree source as unavailable	Deferred: provider/import change not selected; no bounded, demonstrated fork gap established in this pass.
1a2bec11cd932564715622d2cb73c80f4513f309	2026-07-29T12:56:36Z	fix(daemon): wait for requested runtime configuration	Deferred: architecture/product direction is outside this fork’s local CLI/importer scope.
32e21d89c4f31bfa2cab06cac651a9e7d0ee9313	2026-07-29T12:19:46Z	test(release): close source-backed fault cells	Deferred: architecture/product direction is outside this fork’s local CLI/importer scope.
8a33fdd884c32c27a447b7274b25127d608b8c70	2026-07-29T13:04:53Z	test(release): cover daemon mode endpoint handoff	Deferred: architecture/product direction is outside this fork’s local CLI/importer scope.
9b92977101fd4cefed8189f40e97596614d70f5b	2026-07-29T13:26:16Z	perf(codex): hydrate source batches per file	Deferred: provider/import change not selected; no bounded, demonstrated fork gap established in this pass.
e82b3d42e9a6e854f1f99fb2ca683f9306b3dd3d	2026-07-29T13:49:49Z	test(core): make batch bound assertions const-safe	Deferred: no independently portable change selected from metadata; inspect diff if a concrete need arises.
7904ccb6e429c7035f7451d9ea219ecff6475fe4	2026-07-29T13:56:38Z	fix(protocol): allow intentional large host message	Excluded by fork guardrail: SDK/contracts/build or hosted-install/release/marketing surface.
063fe58cc5c5d4794741a6287ee0b94e776486eb	2026-07-29T14:03:28Z	cli: resolve show sessions by provider id	Deferred: provider/import change not selected; no bounded, demonstrated fork gap established in this pass.
c2d4c86c0f73329e40db8c12f26351141de60204	2026-07-29T14:03:29Z	fix(cursor): enforce exact source-backed hydration	Deferred: architecture/product direction is outside this fork’s local CLI/importer scope.
75bff824fa5a26128c89f1635a88630abdb7a651	2026-07-29T14:15:15Z	Wire source identity filters through search	Excluded by fork guardrail: network, telemetry, updater, or release-signing surface.
72ec9d20a78c68fb2588213ba3fbb7a1a5bbfdf8	2026-07-29T14:23:53Z	fix(build): reconcile retired Rust test targets	Deferred: no independently portable change selected from metadata; inspect diff if a concrete need arises.
109d24c380070d502de0eecad1926c218e012048	2026-07-29T14:27:43Z	fix(build): satisfy pinned Rust formatting gate	Deferred: no independently portable change selected from metadata; inspect diff if a concrete need arises.
1a3f8f20ba53f5410f921432e7ba97df99443207	2026-07-29T14:29:57Z	fix(relational): satisfy pinned Clippy iterator lint	Deferred: no independently portable change selected from metadata; inspect diff if a concrete need arises.
85f1e127ca40653764f4506db7f964c3a869fc3f	2026-07-29T14:32:20Z	fix(index): satisfy pinned Clippy gates	Deferred: no independently portable change selected from metadata; inspect diff if a concrete need arises.
626bb2b7cb351e34eacd9a8a531bc228cba97e20	2026-07-29T14:35:47Z	fix(index): satisfy pinned test Clippy gates	Deferred: no independently portable change selected from metadata; inspect diff if a concrete need arises.
51e422527fd4eb10f949402ae1fbb7f39a7d3147	2026-07-29T14:47:30Z	fix(capture): apply pinned Clippy mechanical fixes	Deferred: no independently portable change selected from metadata; inspect diff if a concrete need arises.
db53360bc8daac562438182f7ed73f3da7f496f0	2026-07-29T14:48:25Z	fix(capture): document intentional data-plane shapes	Deferred: no independently portable change selected from metadata; inspect diff if a concrete need arises.
a68be82cf7df00e02eaf26b3effc794d9d78c165	2026-07-29T15:04:02Z	refactor(capture): remove retired provider helpers	Deferred: provider/import change not selected; no bounded, demonstrated fork gap established in this pass.
040e89632b27508109a1e155b9f891866aa3c6b2	2026-07-29T15:28:32Z	refactor(capture): retire unreachable provider substrate	Deferred: provider/import change not selected; no bounded, demonstrated fork gap established in this pass.
9eb10a4a7661850d06f266e2711c471e09711131	2026-07-29T15:30:38Z	fix: report truthful automatic refresh receipts	Deferred: no independently portable change selected from metadata; inspect diff if a concrete need arises.
52d62be3bc16006c0667542944228e930dcd9967	2026-07-29T15:48:47Z	refactor(capture): classify release-only provider evidence	Deferred: provider/import change not selected; no bounded, demonstrated fork gap established in this pass.
f73e2087eb1591d8e57f97b8406592b197bdb4dc	2026-07-29T16:07:28Z	fix(search): report truthful result windows	Deferred: no independently portable change selected from metadata; inspect diff if a concrete need arises.
f7e29af3323c4f5e73d6442cd97f3f4e4f1fb1aa	2026-07-29T16:47:27Z	feat(local-usage): add aggregate usage v2 model	Deferred: no independently portable change selected from metadata; inspect diff if a concrete need arises.
6ee857077dcad03b112fedc6e4a2e8cda97f6393	2026-07-29T16:28:55Z	fix(index): skip exact no-op publication	Deferred: no independently portable change selected from metadata; inspect diff if a concrete need arises.
0ff45c9e271824a7a072e6a2064a6650e7ea049a	2026-07-29T16:39:23Z	perf(index): defer writer work for exact replays	Deferred: no independently portable change selected from metadata; inspect diff if a concrete need arises.
0c43afae5cabc611e1862caf166abd3ce860f82a	2026-07-29T16:45:39Z	fix(index): require complete exact replay coverage	Deferred: no independently portable change selected from metadata; inspect diff if a concrete need arises.
2798613a756718451f06e2368486ec6f6e6f7834	2026-07-29T16:52:52Z	feat(mcp): record delivered local usage exactly once	Deferred: no independently portable change selected from metadata; inspect diff if a concrete need arises.
9e38ef3dc3f047d2f293a3f8933fcfcd584d29b9	2026-07-29T16:52:55Z	feat(cli): add local stats command	Deferred: no independently portable change selected from metadata; inspect diff if a concrete need arises.
98f70e5a2499e4ed499b396fb93184413cb5203b	2026-07-29T16:16:54Z	feat(cli): observe foreground result delivery	Deferred: no independently portable change selected from metadata; inspect diff if a concrete need arises.
898dd48acce27cef25644730b3855b60743cc979	2026-07-29T16:58:32Z	fix(local-usage): exclude stats command	Deferred: no independently portable change selected from metadata; inspect diff if a concrete need arises.
be9f1c465cea6e8e10c8fec60392ecb293e2f785	2026-07-29T17:01:24Z	test(local-usage): compose SQL delivery classification	Deferred: no independently portable change selected from metadata; inspect diff if a concrete need arises.
0379ab25dd0e0308fcf4d7d7a6cd519796f39394	2026-07-29T15:59:59Z	feat(pro): bind fixed monthly price contract	Excluded by fork guardrail: SDK/contracts/build or hosted-install/release/marketing surface.
316673dcc1f2ee0f6e4c8b410d793a9aa781f49c	2026-07-29T16:35:24Z	fix(release): keep private pricing proof out of public repo	Deferred: no independently portable change selected from metadata; inspect diff if a concrete need arises.
689472825af311f798a38a057a28460bb6c6d5d3	2026-07-29T17:03:49Z	test(docs): assert escaped stats man option	Deferred: no independently portable change selected from metadata; inspect diff if a concrete need arises.
60323d59af3d60a2594fed40776efea1d1c531ea	2026-07-29T17:11:30Z	test(loc): remove satisfied semantic exceptions	Deferred: architecture/product direction is outside this fork’s local CLI/importer scope.
2dc0ab80e773271e1ce1017ccf00804a0dd9abed	2026-07-29T17:17:16Z	fix(upgrade): pin production release authority	Excluded by fork guardrail: network, telemetry, updater, or release-signing surface.
6e4f9ee4e71988ace0e37cd2dea4c1cd5ed02b24	2026-07-29T17:19:35Z	refactor(relational): split projection responsibilities	Deferred: no independently portable change selected from metadata; inspect diff if a concrete need arises.
f763dfc79b5115b10a980ce7e4c2003d79fba997	2026-07-29T17:22:29Z	fix(local-usage): harden aggregate integrity	Deferred: no independently portable change selected from metadata; inspect diff if a concrete need arises.
953bad5ebac25713360ee42ebeafc48169bd3b83	2026-07-29T17:24:20Z	fix(stats): expose citation coverage truthfully	Deferred: no independently portable change selected from metadata; inspect diff if a concrete need arises.
fcd3ecec43e010fedbd1c6768c3231eaece4d73e	2026-07-29T17:23:19Z	Bound aggregate source hydration bytes	Deferred: no independently portable change selected from metadata; inspect diff if a concrete need arises.
78d1b7b999bbd248927e7c84364ac7393b3ee1db	2026-07-29T17:13:10Z	refactor(flat-f32): extract segment tests	Deferred: no independently portable change selected from metadata; inspect diff if a concrete need arises.
796f4c63162f562a299f3b8bfdae9951bc090152	2026-07-29T17:19:57Z	refactor(flat-f32): split segment store responsibilities	Deferred: no independently portable change selected from metadata; inspect diff if a concrete need arises.
29c9e91640bca72020d240ae82a4c00c33e2b678	2026-07-29T17:25:52Z	fix(capture): isolate provider sqlite reads	Deferred: provider/import change not selected; no bounded, demonstrated fork gap established in this pass.
205a27400cdea35a843f5643511f699549362361	2026-07-29T17:24:45Z	Add checked dependency advisory release gate	Deferred: no independently portable change selected from metadata; inspect diff if a concrete need arises.
4ee0cea25d62a54827561a1e8281b351ab9b3219	2026-07-29T17:26:46Z	refactor(core): split projection contracts	Excluded by fork guardrail: SDK/contracts/build or hosted-install/release/marketing surface.
503c5223ac172dd49c23090e3715dc14f401e318	2026-07-29T17:22:11Z	fix(local-usage): close MCP and Pro completion gaps	Deferred: no independently portable change selected from metadata; inspect diff if a concrete need arises.
3e5fcec9ae0e790f1793595434cd5c573ecee6fb	2026-07-29T17:30:23Z	refactor(protocol): split source materialization implementation	Excluded by fork guardrail: SDK/contracts/build or hosted-install/release/marketing surface.
771a9602487169aca61d187c388fffa8d5fcb539	2026-07-29T17:33:26Z	refactor(codex): split source-backed provider module	Deferred: architecture/product direction is outside this fork’s local CLI/importer scope.
4887c3f54b7af6eef2078e4c61d83da61fed5e0d	2026-07-29T17:33:45Z	test(codex): guard split source-backed modules	Deferred: architecture/product direction is outside this fork’s local CLI/importer scope.
3c3d2fec26b8e3154137be781c4c1fe244569b15	2026-07-29T17:35:30Z	Fix exact no-op inventory fencing	Deferred: no independently portable change selected from metadata; inspect diff if a concrete need arises.
ec1c9722897cab5ecc57db3993625196b0aa189a	2026-07-29T17:38:21Z	refactor(semantic): split projection and scan modules	Deferred: architecture/product direction is outside this fork’s local CLI/importer scope.
0beee41a8eb06c5dadcc283e408a8f459dbddc4a	2026-07-29T17:41:15Z	refactor(release): split SBOM dependency materials	Deferred: no independently portable change selected from metadata; inspect diff if a concrete need arises.
7c5893ad02e02f84ca8144469ca1d813478ffafe	2026-07-29T17:43:12Z	test(auggie): split source-backed tests	Deferred: architecture/product direction is outside this fork’s local CLI/importer scope.
324d4ba48d7fc1d637faa84e23d01796eae67792	2026-07-29T17:45:48Z	refactor(capture): split provider sqlite source	Deferred: provider/import change not selected; no bounded, demonstrated fork gap established in this pass.
626db8ca6a7e07e21175ed54e7b8a293a3f1bbf3	2026-07-29T17:46:54Z	build(release): register split SBOM modules	Deferred: no independently portable change selected from metadata; inspect diff if a concrete need arises.
5c34cf016b0a6f18f144c9c46cd0c4d61687b2b0	2026-07-29T17:51:05Z	refactor(capture): split source-backed coordinator	Deferred: architecture/product direction is outside this fork’s local CLI/importer scope.
dbc13e1a6be1c1ffd677b695e9cf5fa45c1f1f36	2026-07-29T17:38:16Z	refactor(capture): split AstrBot source-backed adapter	Deferred: architecture/product direction is outside this fork’s local CLI/importer scope.
f474856f9b57dd25f361c5f8eda93b66511ae006	2026-07-29T17:44:55Z	refactor(capture): split Lingma source-backed adapter	Deferred: architecture/product direction is outside this fork’s local CLI/importer scope.
f8903e0eb3dd220b70af1552c41f72e84f734051	2026-07-29T17:48:51Z	fix(security): remediate Rust release advisories	Deferred: no independently portable change selected from metadata; inspect diff if a concrete need arises.
647a430a6e6a618990b60ffb83562c3a2b71ae30	2026-07-29T17:54:26Z	test(capture): follow split source registry guards	Deferred: no independently portable change selected from metadata; inspect diff if a concrete need arises.
d24886c00290dc6a7609dc2b5ced99a0f0f02c18	2026-07-29T17:46:20Z	refactor(local-usage): split storage reporting and correlation	Deferred: no independently portable change selected from metadata; inspect diff if a concrete need arises.
f98a12d2fbf844da51d810143c00546ec8a90b6e	2026-07-29T17:54:27Z	test(local-usage): shard focused unit coverage	Deferred: no independently portable change selected from metadata; inspect diff if a concrete need arises.
2358cf3a72327720d9f50ef07cf4b7c849b7ea84	2026-07-29T17:57:22Z	test(stats): preserve unsupported citation coverage	Deferred: no independently portable change selected from metadata; inspect diff if a concrete need arises.
af42e6c48e59930856f86acfe22c2430c0b9815a	2026-07-29T17:48:24Z	refactor(index): split generation contracts and schema	Excluded by fork guardrail: SDK/contracts/build or hosted-install/release/marketing surface.
04b5ebb1ce548728da37b12ff2fb7d3c4580ba87	2026-07-29T17:52:40Z	refactor(index): isolate publication and identity fencing	Excluded by fork guardrail: network, telemetry, updater, or release-signing surface.
09a7f270d9d224b087fc054540c9a42f9b22a334	2026-07-29T17:54:22Z	refactor(index): isolate verified reader query execution	Deferred: no independently portable change selected from metadata; inspect diff if a concrete need arises.
7df04ffe99a8bb985b0c8da40ff2669b3a1efa4b	2026-07-29T17:55:20Z	test(index): split generation behavior suites	Deferred: architecture/product direction is outside this fork’s local CLI/importer scope.
c71a68bc0d783205e8f74c6a548947467134edb1	2026-07-29T17:52:09Z	test(crush): split source-backed tests	Deferred: architecture/product direction is outside this fork’s local CLI/importer scope.
ac7d7e77edabf48b9f7f5f988dee7fbe2836038f	2026-07-29T17:54:12Z	test(openclaw): split source-backed tests	Deferred: architecture/product direction is outside this fork’s local CLI/importer scope.
58699bb35210c4e9f5cc72929dcd7059bfa114f3	2026-07-29T17:57:19Z	test(native-jsonl): split source-backed tests	Deferred: architecture/product direction is outside this fork’s local CLI/importer scope.
9cdc8d40db1da00116633c2be11a1e84f5d33649	2026-07-29T17:58:50Z	test(mistral-vibe): split source-backed tests	Deferred: architecture/product direction is outside this fork’s local CLI/importer scope.
62e17a96f1d05594a738397e016f440927a9f66b	2026-07-29T18:00:11Z	refactor(task-json): split source-backed routes	Deferred: architecture/product direction is outside this fork’s local CLI/importer scope.
d7165b8327a667d216e93d02b0da5fa34699be81	2026-07-29T18:01:28Z	refactor(openhands): split source detection	Deferred: no independently portable change selected from metadata; inspect diff if a concrete need arises.
3e506362b187edf33ce74ac9392e23cf7ec42593	2026-07-29T18:02:46Z	refactor(cursor): split locator validation	Deferred: provider/import change not selected; no bounded, demonstrated fork gap established in this pass.
ff660d5a854367cd600740ddaa02a63c99fa94cb	2026-07-29T18:04:05Z	refactor(nanoclaw): split project helpers	Deferred: no independently portable change selected from metadata; inspect diff if a concrete need arises.
3bfa7e75d8c0a2aa0b5f920672256ecc977cacec	2026-07-29T18:01:30Z	refactor(kimi): split source-backed route	Deferred: architecture/product direction is outside this fork’s local CLI/importer scope.
7578fae1c32a1ca3bae5293333947599479e2cb2	2026-07-29T18:04:34Z	refactor(opencode): split source-backed route	Deferred: architecture/product direction is outside this fork’s local CLI/importer scope.
484efdb89136f3d03903bd41a92bbc8b2298438d	2026-07-29T18:06:24Z	test(shelley): split source-backed tests	Deferred: architecture/product direction is outside this fork’s local CLI/importer scope.
28b9259799dd98309dc1248650cd319d324e30dc	2026-07-29T18:09:03Z	refactor(hermes): split source-backed contracts	Excluded by fork guardrail: SDK/contracts/build or hosted-install/release/marketing surface.
9f2722644011e92501abbe9181ed317c5e501532	2026-07-29T18:00:51Z	refactor(mux): split source-backed route	Deferred: architecture/product direction is outside this fork’s local CLI/importer scope.
3c8afd7608932cb0c7f3aa99d0caf80d93cc8087	2026-07-29T18:05:45Z	refactor(junie): split source-backed route	Deferred: architecture/product direction is outside this fork’s local CLI/importer scope.
ee93b56ee43de4251a7ca51d9ce51ddf3240ba46	2026-07-29T18:09:34Z	refactor(rovodev): split source-backed reader	Deferred: architecture/product direction is outside this fork’s local CLI/importer scope.
cb6b0006d0d85d44d7be56c0a8d71029825043de	2026-07-29T18:11:12Z	refactor(custom-history): split source-backed adapter	Deferred: architecture/product direction is outside this fork’s local CLI/importer scope.
66b6fc83a431ab0b02dad6dcc6c546e50b13843e	2026-07-29T18:13:06Z	refactor(codebuddy): split source-backed hydration	Deferred: architecture/product direction is outside this fork’s local CLI/importer scope.
44dd5170e91f5a08e9c7933062e005b81a31fe17	2026-07-29T18:03:28Z	refactor(capture): split SQLite source admission	Deferred: no independently portable change selected from metadata; inspect diff if a concrete need arises.
a6474c7ec0ea0fce5f8d6de9d2fe59c89e52de2e	2026-07-29T18:12:59Z	refactor(capture): split Lingma platform resolution	Deferred: no independently portable change selected from metadata; inspect diff if a concrete need arises.
6527792b3692f99ae34a21e743cf08050d3eaf3c	2026-07-29T18:19:37Z	fix(mux): import split coordinate encoder	Deferred: provider/import change not selected; no bounded, demonstrated fork gap established in this pass.
5a55634f1fad0d281e56d1befcdee1fe6f5650bb	2026-07-29T18:19:37Z	test(analytics): extract daemon harness	Excluded by fork guardrail: network, telemetry, updater, or release-signing surface.
bdc0e8e2f14d8b3441cdd33dc975baa6c57b7ee2	2026-07-29T18:18:06Z	feat(cli): publish selected history plugins source-backed	Deferred: architecture/product direction is outside this fork’s local CLI/importer scope.
4437f0c658a9cffacfec95901528adb9528203cb	2026-07-29T18:17:15Z	Remove retired whole-manifest protocol messages	Excluded by fork guardrail: SDK/contracts/build or hosted-install/release/marketing surface.
25996fed0e5353ad799e0cc5cfac76f0254bf332	2026-07-29T18:19:13Z	test(relational): extract source catch-up tests	Deferred: no independently portable change selected from metadata; inspect diff if a concrete need arises.
3e751c9b8dd2b459351766cc5458b4adcc56bdcc	2026-07-29T18:19:18Z	test(status): extract source epoch tests	Deferred: no independently portable change selected from metadata; inspect diff if a concrete need arises.
9a59732fc0d11017435e2282c8e5ddd0ef8167bb	2026-07-29T18:22:03Z	refactor(pro): split source manifest client output	Deferred: no independently portable change selected from metadata; inspect diff if a concrete need arises.
d675700feaa4774fad44271edc21350c682bc403	2026-07-29T18:25:21Z	refactor(credentials): split Windows vault tests	Deferred: no independently portable change selected from metadata; inspect diff if a concrete need arises.
9f7cc66a950535ec3110836e61be5b5a3e78b73d	2026-07-29T18:26:35Z	refactor(pro): split commercial API responses	Deferred: no independently portable change selected from metadata; inspect diff if a concrete need arises.
ff5c78cc9e85cf5a60b916a1290d12795f793f68	2026-07-29T18:26:41Z	refactor(pro): split lifecycle persistence	Deferred: no independently portable change selected from metadata; inspect diff if a concrete need arises.
0dfaddc73012f81e0b3256492edf4eb4703c5aff	2026-07-29T18:28:48Z	chore(loc): retire Pro lifecycle exception	Deferred: no independently portable change selected from metadata; inspect diff if a concrete need arises.
27932649dd52ec4d30739697db65224ec414e920	2026-07-29T18:28:11Z	refactor(cli): split explicit source catalog storage	Deferred: no independently portable change selected from metadata; inspect diff if a concrete need arises.
e11507eb3eb525f2551b5d2948b0000fdb1ce8c4	2026-07-29T18:27:14Z	refactor(protocol): split PR query selectors	Excluded by fork guardrail: SDK/contracts/build or hosted-install/release/marketing surface.
94a211cb419367ac5e766a45f37cd20c0854659f	2026-07-29T18:33:18Z	test(catalog): reject truly unlanded formats	Deferred: no independently portable change selected from metadata; inspect diff if a concrete need arises.
e8db8faf71814984f67bbe8c3ec67be128cacf9e	2026-07-29T17:07:33Z	feat(daemon): make enabled service persistent	Deferred: architecture/product direction is outside this fork’s local CLI/importer scope.
bab8a983a732e5b423f449f73eb542b85f2d8f08	2026-07-29T17:21:26Z	test(daemon): exercise enabled default lifecycle	Deferred: architecture/product direction is outside this fork’s local CLI/importer scope.
c149d01b49360efef552ceb874e084b66af0e631	2026-07-29T17:27:58Z	fix(daemon): sanitize detached launch environments	Deferred: architecture/product direction is outside this fork’s local CLI/importer scope.
528869468b94d3c46bf0784fa46a2bf33d3a091c	2026-07-29T17:37:51Z	fix(daemon): persist independent Pro retry state	Deferred: architecture/product direction is outside this fork’s local CLI/importer scope.
490aa60f356397036d0173fc59f895cada75b329	2026-07-29T17:40:55Z	fix(blame): fence queries to verified Core generation	Deferred: architecture/product direction is outside this fork’s local CLI/importer scope.
f173623cd57eb4122deba3af59c3b65878f6d121	2026-07-29T17:47:21Z	fix(daemon): bound import handoff and align setup v2	Deferred: architecture/product direction is outside this fork’s local CLI/importer scope.
27aa177ac6d2eabf92d672c8713a35209fe190bb	2026-07-29T18:28:04Z	refactor(cli): split source index command	Deferred: no independently portable change selected from metadata; inspect diff if a concrete need arises.
ebbb5d2f7e6b137c26ca2d3b8495954ce4fb397f	2026-07-29T18:52:32Z	fix(cli): preserve daemon-owned search activation	Deferred: architecture/product direction is outside this fork’s local CLI/importer scope.
547cb5681e81af66e4dbb34770082468da4b9a57	2026-07-29T18:44:21Z	fix(index): recover orphaned candidates before exact replay	Deferred: no independently portable change selected from metadata; inspect diff if a concrete need arises.
d5d704910ad525077e795e3deaa9cceb25a0aaf8	2026-07-29T18:48:56Z	fix(index): bind refresh receipts to committed manifests	Deferred: no independently portable change selected from metadata; inspect diff if a concrete need arises.
e4c2da7d33b53271fceaa36e0c9183b4b0384c54	2026-07-29T18:53:36Z	chore(capture): remove retired index reopen import	Deferred: provider/import change not selected; no bounded, demonstrated fork gap established in this pass.
57a944159203cfea0fdaf0c8b30a5a09c23af477	2026-07-29T18:58:46Z	fix(cli): preserve typed hydration error contracts	Excluded by fork guardrail: SDK/contracts/build or hosted-install/release/marketing surface.
6a29577ce4989ff4cbce69ae9e9e4a0ab317f2c9	2026-07-29T19:00:28Z	fix(mcp): keep SQL inspection existing-only	Deferred: no independently portable change selected from metadata; inspect diff if a concrete need arises.
ec38b3d027531e33e185b4f47b122d9fba8a5bc0	2026-07-29T19:06:35Z	refactor(config): extract durable write helpers	Deferred: no independently portable change selected from metadata; inspect diff if a concrete need arises.
c27ff250a6df69c66243945a76eeda19c24a2b0e	2026-07-29T19:09:22Z	test(capture): cover captured route lifecycle receipts	Deferred: no independently portable change selected from metadata; inspect diff if a concrete need arises.
2d78c5effe9aed2f4c6e3cc0a90c8aceba5bd706	2026-07-29T19:11:30Z	fix(capture): repair captured route lifecycle	Deferred: no independently portable change selected from metadata; inspect diff if a concrete need arises.
c77ee7d6eb987b90de4f48295ebd702ee95b2fd1	2026-07-29T19:16:25Z	fix(cli): preserve complete hydration JSON result	Deferred: no independently portable change selected from metadata; inspect diff if a concrete need arises.
bf464c7179b73f3b0c77349905f7bc7cf089c3ba	2026-07-29T19:16:14Z	fix(usage): make correlation reset generation-exact	Deferred: architecture/product direction is outside this fork’s local CLI/importer scope.
8b6d562b3377dcfd2d4892ef34ad02fbef3a0a41	2026-07-29T19:18:18Z	fix(cli): repair source index output contracts	Excluded by fork guardrail: SDK/contracts/build or hosted-install/release/marketing surface.
8907832b170c1bb694794b4d75db100ee4f7097d	2026-07-29T19:04:59Z	Preflight aggregate hydration byte budget	Deferred: no independently portable change selected from metadata; inspect diff if a concrete need arises.
6f277c98ed851fa899ceffa01d527e0d706dbdae	2026-07-29T19:31:24Z	fix(bazel): repair ctx-cli source inventory	Excluded by fork guardrail: SDK/contracts/build or hosted-install/release/marketing surface.
092095ed7f951425349a9d240f54ae79ee6e3b94	2026-07-29T19:32:50Z	refactor(usage): split store write transaction	Deferred: no independently portable change selected from metadata; inspect diff if a concrete need arises.
d2ff472a513a39e2a51eebc0cc4ef743cfe61081	2026-07-29T19:32:58Z	refactor(capture): split captured route driver	Deferred: no independently portable change selected from metadata; inspect diff if a concrete need arises.
82ab538d7bcd3ea9ebe07731a934e2c00b41119e	2026-07-29T19:33:58Z	refactor(cli): split source index query helpers	Deferred: no independently portable change selected from metadata; inspect diff if a concrete need arises.
a3b9afa5aff5dfddfefa858e67cc47cf6d0ba3fd	2026-07-29T19:36:56Z	fix(bazel): refresh LOC input contract	Excluded by fork guardrail: SDK/contracts/build or hosted-install/release/marketing surface.
3b77e3421cd2749ef22009d8ae4de026741fc836	2026-07-29T19:47:26Z	refactor(query-service): split server responsibilities	Deferred: no independently portable change selected from metadata; inspect diff if a concrete need arises.
6279a9537bc6d5b73bcb3e2f21544b97a206dea0	2026-07-29T19:59:46Z	feat(daemon): complete persistent lifecycle checkpoint	Deferred: architecture/product direction is outside this fork’s local CLI/importer scope.
af478998dbc862253275ac267b954446be21aeb6	2026-07-29T19:53:11Z	refactor(upgrade): remove v0.25 rollback compatibility	Excluded by fork guardrail: network, telemetry, updater, or release-signing surface.
d545f408b3b8b5a9d9924edd44af20666614bcc4	2026-07-29T20:13:17Z	test: remove v0.25 preservation contracts	Excluded by fork guardrail: SDK/contracts/build or hosted-install/release/marketing surface.
3c298d63691d999eba7f3998e973e4e5c60f5cdf	2026-07-29T20:14:23Z	refactor(upgrade): remove v0.25 state bridge	Excluded by fork guardrail: network, telemetry, updater, or release-signing surface.
22445289d493bfc7680daaed534fc596451e0076	2026-07-29T20:17:04Z	refactor(import): remove legacy Store fallback field	Deferred: provider/import change not selected; no bounded, demonstrated fork gap established in this pass.
0da5417310ba0450a586aeb412d667b24ca65ded	2026-07-29T20:16:42Z	refactor(query-service): split facade filters and tests	Deferred: no independently portable change selected from metadata; inspect diff if a concrete need arises.
dafe3ae32790196a088c3a3c09b310082dc2f577	2026-07-29T20:18:12Z	refactor(semantic): split daemon coordination support	Deferred: architecture/product direction is outside this fork’s local CLI/importer scope.
654d5f9de6efbc7d25bbbae2d3a2412ef868073a	2026-07-29T20:19:24Z	refactor(cli): split daemon supervisor state	Deferred: architecture/product direction is outside this fork’s local CLI/importer scope.
2111a30fe56875d8abce86973ba6a67c1fe47699	2026-07-29T20:25:13Z	test(cli): split search refresh integration tests	Deferred: no independently portable change selected from metadata; inspect diff if a concrete need arises.
b76e8184f20f0b1c51615cbdba9b2d85cb5adb48	2026-07-29T20:25:55Z	test(cli): split search show locate sql suite	Deferred: no independently portable change selected from metadata; inspect diff if a concrete need arises.
743def1352f4465e93e57fbc0b133f17c1977471	2026-07-29T20:26:30Z	test(cli): split setup lifecycle helpers	Deferred: no independently portable change selected from metadata; inspect diff if a concrete need arises.
c37fcc4124dd9a76ed7b4998bc9e1588705b0e29	2026-07-29T20:29:26Z	refactor(cli): remove dead refresh context wiring	Deferred: no independently portable change selected from metadata; inspect diff if a concrete need arises.
2e27a0ea631ebd7210e465634856814a6d54d8f7	2026-07-29T20:33:55Z	fix(checks): follow source-backed test splits	Deferred: architecture/product direction is outside this fork’s local CLI/importer scope.
5f536814b656eff005637bedde28eb91a713ad56	2026-07-29T20:35:04Z	fix(upgrade): retain schema-2 recovery reexec	Excluded by fork guardrail: network, telemetry, updater, or release-signing surface.
0d02c77777d62d8662055307959fac8303502596	2026-07-29T20:51:00Z	fix finite daemon idle shutdown	Deferred: architecture/product direction is outside this fork’s local CLI/importer scope.
f2ef4b716476b2faf1f675ecd13404729ff9b353	2026-07-29T20:57:14Z	refactor: split source-backed refresh coordinator	Deferred: architecture/product direction is outside this fork’s local CLI/importer scope.
90ca07ae21c7269f3ace3d725dab4cd7b0b62d9c	2026-07-29T20:52:01Z	test(cli): qualify persistent daemon lifecycle	Deferred: architecture/product direction is outside this fork’s local CLI/importer scope.
b5df294655bcaf4205a5019b4876c4137ee525d4	2026-07-29T21:00:19Z	chore(release): set public version to 1.0.0	Deferred: no independently portable change selected from metadata; inspect diff if a concrete need arises.
857d9d03d73bdeee841fa72bcb7a68fcd7f375f2	2026-07-29T21:03:32Z	docs: clarify credential store fallback boundary	Deferred: no independently portable change selected from metadata; inspect diff if a concrete need arises.
301759fa2025856bf30ab63d560ea1329d0aff5a	2026-07-29T21:08:48Z	fix(build): regenerate daemon watcher dependencies	Deferred: architecture/product direction is outside this fork’s local CLI/importer scope.
6eba4bdf8d7c086f8f30777e10abe0b51e763008	2026-07-29T21:10:05Z	fix(daemon): recover from installation lock probe races	Deferred: architecture/product direction is outside this fork’s local CLI/importer scope.
8d7d473e995d35e3d5ac8ecbbf0a28dd0d2168ca	2026-07-29T21:11:37Z	docs: align credential store references	Deferred: no independently portable change selected from metadata; inspect diff if a concrete need arises.
2c6939a9813858b64ab77b453a2124ff1811639c	2026-07-29T21:13:16Z	test(daemon): enforce concurrent recovery	Deferred: architecture/product direction is outside this fork’s local CLI/importer scope.
f5f895f378e513161356d99249402b4e976fe72a	2026-07-29T21:50:52Z	Repair auto-upgrade acceptance fixture	Excluded by fork guardrail: network, telemetry, updater, or release-signing surface.
89e940d43e2d8ff425b6c391f0f558573d81e17a	2026-07-29T22:04:48Z	fix(index): keep test helpers out of release imports	Deferred: provider/import change not selected; no bounded, demonstrated fork gap established in this pass.
6d9be093a7c4013f418c0e248cec6433f6f79fc2	2026-07-29T22:09:16Z	test(index): satisfy release clippy	Deferred: no independently portable change selected from metadata; inspect diff if a concrete need arises.
deb1b9920808d351f1b611a168c9461aa67b4026	2026-07-29T22:13:55Z	fix(capture): satisfy release clippy	Deferred: no independently portable change selected from metadata; inspect diff if a concrete need arises.
b77c83edced77a30a73a296db71e3ec4f5df398c	2026-07-29T22:16:10Z	fix(capture): trim unused mux test import	Deferred: provider/import change not selected; no bounded, demonstrated fork gap established in this pass.
df91004f26cc3372d408effa3b5bcd92041eaf04	2026-07-29T22:28:29Z	Remove relational event payload compatibility	Deferred: no independently portable change selected from metadata; inspect diff if a concrete need arises.
5ee2903ca949bb5c41a1b54f08487a9be63526f5	2026-07-29T22:31:13Z	test(sql): enforce metadata-only relational rows	Deferred: no independently portable change selected from metadata; inspect diff if a concrete need arises.
db852334d9ece2a3c9c93f36d83f790d44f6e8ec	2026-07-29T22:36:03Z	fix(semantic): clean flat F32 strict clippy	Deferred: architecture/product direction is outside this fork’s local CLI/importer scope.
0d3da71f8c94bf701bbe59c4f2bdc6f341138d13	2026-07-29T22:35:40Z	chore(cli): close support module clippy findings	Deferred: no independently portable change selected from metadata; inspect diff if a concrete need arises.
86b9348b4c4f319891ad226c627e0a0ffd0941cd	2026-07-29T22:37:26Z	fix(cli): satisfy strict Clippy in command helpers	Deferred: no independently portable change selected from metadata; inspect diff if a concrete need arises.
ce8428227f77922b918b4424f66164130bfff9b8	2026-07-29T22:38:32Z	fix(pro): enforce bounded source pages	Deferred: no independently portable change selected from metadata; inspect diff if a concrete need arises.
37ff10ddb0a847dca04deb2b6418cc76a60f2bb8	2026-07-29T18:58:46Z	fix(cli): preserve typed hydration error contracts	Excluded by fork guardrail: SDK/contracts/build or hosted-install/release/marketing surface.
5ad374efdba3094fbb30baf2e2168aa5cc98f4cd	2026-07-29T22:43:26Z	Fix Pro blame freshness wait policy	Deferred: architecture/product direction is outside this fork’s local CLI/importer scope.
37ea0d0f437f7e8ecef3f108400d0c1fd530df20	2026-07-29T22:53:23Z	fix(cli): remove retired hydration re-export	Deferred: no independently portable change selected from metadata; inspect diff if a concrete need arises.
2c9c03103bbbf45373c9c411262d7da6c4197a84	2026-07-29T22:58:36Z	build(cli): declare Pro qualification cfgs	Deferred: no independently portable change selected from metadata; inspect diff if a concrete need arises.
4a2d55b5b5f0dcd4c52227915e043903c4eb55b1	2026-07-29T22:58:27Z	docs: align 1.0 runtime contracts	Excluded by fork guardrail: SDK/contracts/build or hosted-install/release/marketing surface.
d0c7534e94f7535462f8543d966e5182b669660d	2026-07-29T23:01:56Z	fix(cli): describe daemon-owned setup refresh	Deferred: architecture/product direction is outside this fork’s local CLI/importer scope.
f26b823c228d6c143afa7d71eccc4dbde1ab012c	2026-07-29T23:03:15Z	fix(cli): harden persistent daemon supervision	Deferred: architecture/product direction is outside this fork’s local CLI/importer scope.
e8ecbde3e9cbe2bd54e5144e6a295de35e2101b5	2026-07-29T23:11:05Z	refactor(cli): centralize hydration error contract	Excluded by fork guardrail: SDK/contracts/build or hosted-install/release/marketing surface.
88d0c60d8dde321c9f76fc53c688472d22d5f65c	2026-07-29T22:41:30Z	build(test): tier expensive release qualification	Deferred: no independently portable change selected from metadata; inspect diff if a concrete need arises.
39e496a4ba05c1e8f439d95d36158303562b5619	2026-07-29T22:49:36Z	build(test): guard cache capacity and qualification coverage	Deferred: no independently portable change selected from metadata; inspect diff if a concrete need arises.
c1a2af2febda5106c1da1ec117ffe2e9982b1400	2026-07-29T22:54:36Z	build(cli): scope integration test support	Deferred: no independently portable change selected from metadata; inspect diff if a concrete need arises.
fb8ee3931fc646c531e42a3a7258362f23e551c7	2026-07-29T22:58:59Z	build(test): include Pro qualification in release tier	Deferred: no independently portable change selected from metadata; inspect diff if a concrete need arises.
40119097746ee7293947be7d695bb1c6fe874dfb	2026-07-29T23:04:02Z	test(pro): qualify helper without daemon bypass	Deferred: architecture/product direction is outside this fork’s local CLI/importer scope.
aaa3f45549490bb900d036575ab59027fc6b3dd2	2026-07-29T23:11:28Z	fix(usage): implement spec 26 accounting model	Deferred: no independently portable change selected from metadata; inspect diff if a concrete need arises.
9f0875cbabd887f1ccb6e2bccdb3e2291379847d	2026-07-29T23:21:01Z	test(build): make cache capacity probe hermetic	Deferred: no independently portable change selected from metadata; inspect diff if a concrete need arises.
eadb264ee90a3f41ef601df18a999e87b5a11056	2026-07-29T23:18:15Z	refactor(cli): split daemon lifecycle platform helpers	Deferred: architecture/product direction is outside this fork’s local CLI/importer scope.
274439b79cccf6f971da2a3e5d2c55feb8da4c41	2026-07-29T23:23:29Z	refactor(build): split public test-tier inventories	Deferred: no independently portable change selected from metadata; inspect diff if a concrete need arises.
973a6ca7b496a42fb27b2f2fe82988bb985e9951	2026-07-29T23:32:52Z	refactor(cli): remove retired usage and hydration bridges	Deferred: no independently portable change selected from metadata; inspect diff if a concrete need arises.
bc04f6dacb35b1a04e002d1662885044863d8f47	2026-07-29T23:25:16Z	fix(pro): bind source manifest page topology	Deferred: no independently portable change selected from metadata; inspect diff if a concrete need arises.
1a41151087254677527c741697c9ec7366e44f34	2026-07-29T23:34:01Z	Use logical SQLite snapshots for OpenCode family	Deferred: provider/import change not selected; no bounded, demonstrated fork gap established in this pass.
e21aa1cc7877471130d26ddb05fc05ded0d0a78e	2026-07-29T23:38:08Z	docs(sql): state verified old-store retirement	Deferred: no independently portable change selected from metadata; inspect diff if a concrete need arises.
db2c26b6fcc99065ac2fa53bea1d5107c35e2e30	2026-07-29T23:48:33Z	Extract OpenCode SQLite hydration	Deferred: provider/import change not selected; no bounded, demonstrated fork gap established in this pass.
1c07c6956581a3edd334f6d998eabacdef72b6c9	2026-07-29T23:51:36Z	refactor(pro): split paged feed admission	Deferred: no independently portable change selected from metadata; inspect diff if a concrete need arises.
132f15991f787212929f56f264bc2f70b5118d34	2026-07-29T23:53:39Z	perf(index): discard identical staged generations	Deferred: architecture/product direction is outside this fork’s local CLI/importer scope.
7fec0e7291e2554554fd8f89105ead6222002a9e	2026-07-30T00:03:47Z	feat(capture): stage OpenHands event files directly	Deferred: no independently portable change selected from metadata; inspect diff if a concrete need arises.
0a0d1fe6761ada26c3907af1ade7860788a52151	2026-07-30T00:06:43Z	refactor(capture): stream OpenCode SQLite routes once	Deferred: provider/import change not selected; no bounded, demonstrated fork gap established in this pass.
2c26ede4f2ef2333b9fbf7893e94e5323ae0c486	2026-07-30T00:11:56Z	test(upgrade): remove v0.25 journal fixtures	Excluded by fork guardrail: network, telemetry, updater, or release-signing surface.
17b77e1a8d1f9639e0fe0eb0f9d079ed812ae872	2026-07-30T00:22:39Z	refactor(capture): partition source route registry	Deferred: no independently portable change selected from metadata; inspect diff if a concrete need arises.
644361fa8469311f9fedee3f165fe1af9b98fda2	2026-07-30T00:30:45Z	fix(capture): bound event-file descriptors	Deferred: no independently portable change selected from metadata; inspect diff if a concrete need arises.
dfbcbe1da4895eb70f241d27873f5ec52e17d2da	2026-07-30T00:34:21Z	refactor(capture): remove redundant event-file checks	Deferred: no independently portable change selected from metadata; inspect diff if a concrete need arises.
db0f8439051aa74d7e04a71db6ccfa9e76a551be	2026-07-30T00:29:59Z	refactor(core): unify source-backed error vocabulary	Deferred: architecture/product direction is outside this fork’s local CLI/importer scope.
d1c3cde0bb65156d2076919f22289b966e923f06	2026-07-30T00:12:28Z	test(cli): isolate persistent provider daemons	Deferred: architecture/product direction is outside this fork’s local CLI/importer scope.
3fa82ca87d36de637db22e3f3b144d3bc934ea95	2026-07-30T00:43:02Z	refactor(errors): reuse source-backed failure vocabulary	Deferred: architecture/product direction is outside this fork’s local CLI/importer scope.
8f555a02b0b39087e92b0559b763d497b1d9a279	2026-07-30T00:41:13Z	refactor(capture): stream Kiro SQLite route once	Deferred: no independently portable change selected from metadata; inspect diff if a concrete need arises.
743a999a4cc5c895565c8a6bda23f18a5509a3d7	2026-07-30T00:42:33Z	refactor(capture): share native JSONL source family	Deferred: no independently portable change selected from metadata; inspect diff if a concrete need arises.
eaaf7022bed714c5f248f77e42f28e5313dd5216	2026-07-30T00:38:27Z	Implement bounded Auggie document-family route	Deferred: no independently portable change selected from metadata; inspect diff if a concrete need arises.
2e0e3bde5eda6de6b248b6caca688e10fe128f27	2026-07-30T00:49:56Z	refactor(tests): split provider daemon harness	Deferred: architecture/product direction is outside this fork’s local CLI/importer scope.
1449a231ff16df5054d647c91a95b8ebb5dd51f1	2026-07-30T00:37:56Z	refactor(capture): stream Firebender SQLite once	Deferred: no independently portable change selected from metadata; inspect diff if a concrete need arises.
779c7b12bea76a6ed91ad3db128a34e32b065a4a	2026-07-30T00:54:08Z	refactor(capture): activate direct Firebender route	Deferred: no independently portable change selected from metadata; inspect diff if a concrete need arises.
392ac84ac3a4e9bdd1ab93902985395c3c3ac0ac	2026-07-30T01:00:27Z	refactor(capture): share document replacement family	Deferred: no independently portable change selected from metadata; inspect diff if a concrete need arises.
a8eb80980aaaf4097898b5f58584f30755974a20	2026-07-30T00:52:19Z	fix(capture): bind sqlite families to retained directories	Deferred: no independently portable change selected from metadata; inspect diff if a concrete need arises.
36d1311b210473388442993ee398fa5a67099cda	2026-07-30T00:58:19Z	test(capture): split sqlite source tests	Deferred: no independently portable change selected from metadata; inspect diff if a concrete need arises.
4fbc30b45f8b69523a067b7c22c36ecebc3bd3e0	2026-07-30T01:06:18Z	refactor(capture): remove legacy Firebender scanner	Deferred: no independently portable change selected from metadata; inspect diff if a concrete need arises.
a3e4010cb5ceec192868a9b1d34cc80c3fb9fa59	2026-07-30T01:14:15Z	refactor(capture): remove dead Firebender metadata	Deferred: no independently portable change selected from metadata; inspect diff if a concrete need arises.
4f20ac5198972c896f6763f6cf1b520d37f61ba9	2026-07-30T01:26:36Z	refactor(capture): consolidate source file proofs	Deferred: no independently portable change selected from metadata; inspect diff if a concrete need arises.
9e04b45ebfb2296f2b227f6317fa35928e7c7fc5	2026-07-30T01:36:27Z	refactor(capture): support one-pass logical replacements	Deferred: no independently portable change selected from metadata; inspect diff if a concrete need arises.
33fab6aca7cfbf264fbd8d4c4955618767ca5ec2	2026-07-30T01:41:15Z	refactor(capture): collapse replacement tree fences	Deferred: no independently portable change selected from metadata; inspect diff if a concrete need arises.
57de84e95116010e355c4e1ed99a5131224a829f	2026-07-30T01:38:58Z	refactor(capture): share task JSON document lifecycle	Deferred: no independently portable change selected from metadata; inspect diff if a concrete need arises.
8e8910ba1457220217fd85641dc8fb84b778c79b	2026-07-30T01:39:55Z	Refactor CodeBuddy onto document family	Deferred: no independently portable change selected from metadata; inspect diff if a concrete need arises.
5c223f04a4ead53e06d49dadf9c9ae479df1d266	2026-07-30T01:44:13Z	refactor(capture): expose logical replacement policy	Deferred: no independently portable change selected from metadata; inspect diff if a concrete need arises.
f44c49554f95ef9cd61f766b28b3916bf7010dc3	2026-07-30T01:30:25Z	Bound Gemini and Cursor catalog descriptors	Deferred: provider/import change not selected; no bounded, demonstrated fork gap established in this pass.
2dc8290e90a308658531114228b889c82224fdde	2026-07-30T01:56:34Z	refactor(capture): migrate Continue document lifecycle	Deferred: no independently portable change selected from metadata; inspect diff if a concrete need arises.
d65233a30e24e3cf3ac20d4bef856cf34afe55ef	2026-07-30T01:58:25Z	refactor(history-capture): share JSONL route lifecycle	Deferred: no independently portable change selected from metadata; inspect diff if a concrete need arises.
c3104b50c4965e75e563b475ad078aaa38090ed7	2026-07-30T02:00:30Z	refactor(capture): remove retired Continue exports	Deferred: no independently portable change selected from metadata; inspect diff if a concrete need arises.
b3159808c41955d4dcdc7dd5a7fd403b6c510f32	2026-07-30T02:07:10Z	refactor(capture): share Warp and Goose SQLite lifecycle	Deferred: no independently portable change selected from metadata; inspect diff if a concrete need arises.
4bc5036cae32c8a4c598e02bb3400f4566a1c7bb	2026-07-30T02:06:58Z	refactor(capture): share SQLite replacement lifecycle	Deferred: no independently portable change selected from metadata; inspect diff if a concrete need arises.
e03ccc543c740452a2b93b9a5a6d2ac4d533f5c7	2026-07-30T02:09:46Z	refactor(capture): move NanoClaw to document family	Deferred: no independently portable change selected from metadata; inspect diff if a concrete need arises.
b8621c66de69c68b2c9182d39d50256c1e5ec6f0	2026-07-30T02:12:25Z	fix(capture): preserve NanoClaw logical replay policy	Deferred: no independently portable change selected from metadata; inspect diff if a concrete need arises.
ef67f7f7fe64ca706beed8f1db7584e7cd2a4d4a	2026-07-30T02:12:39Z	refactor(capture): share RovoDev document lifecycle	Deferred: no independently portable change selected from metadata; inspect diff if a concrete need arises.
79a024894699bd301a7a60dc5b44bed612bc5696	2026-07-30T02:16:35Z	refactor(capture): converge logical SQLite routes	Deferred: no independently portable change selected from metadata; inspect diff if a concrete need arises.
060e6d936e6a8261181eee5a69c256dc25c803d5	2026-07-30T02:15:03Z	capture: route OpenClaw through JSONL family	Deferred: no independently portable change selected from metadata; inspect diff if a concrete need arises.
83a6aa12748838613d2a39330073bb45d91899b4	2026-07-30T02:20:10Z	refactor(capture): use shared replacement tree for SQLite inventories	Deferred: no independently portable change selected from metadata; inspect diff if a concrete need arises.
374cf5fcc9513b4368277f5dfa5b861275350a7e	2026-07-30T02:21:37Z	refactor(capture): remove retired provider imports	Deferred: provider/import change not selected; no bounded, demonstrated fork gap established in this pass.
b92ffc6ab66b5a58c8d6435450d4ac2c98aa5518	2026-07-30T02:24:28Z	refactor(capture): quarantine provider test compatibility	Deferred: provider/import change not selected; no bounded, demonstrated fork gap established in this pass.
c96635a5ea82329577e185c59b6e2a5be8dca568	2026-07-30T02:27:32Z	refactor(capture): decouple Codex inventory certification	Deferred: provider/import change not selected; no bounded, demonstrated fork gap established in this pass.
9c04cc84dbbc8f01172011cdd1a829924a80f62d	2026-07-30T02:28:41Z	capture: route Pi through JSONL family	Deferred: no independently portable change selected from metadata; inspect diff if a concrete need arises.
503c64a7093ac1f2d3a82a5ae447e8a459905541	2026-07-30T02:29:59Z	refactor(capture): share OpenCode replacement lifecycle	Deferred: provider/import change not selected; no bounded, demonstrated fork gap established in this pass.
78e47fb9000bc894b3dc355bf57c7b2079b6bbe6	2026-07-30T02:31:08Z	refactor(capture): remove captured inventory alias	Deferred: no independently portable change selected from metadata; inspect diff if a concrete need arises.
f809a7ff1b95b3813af0f3119881b19a603bc738	2026-07-30T02:35:34Z	refactor(capture): share Gemini JSONL lifecycle	Deferred: provider/import change not selected; no bounded, demonstrated fork gap established in this pass.
41660c9930f10a00745880797d838148b2a67cdc	2026-07-30T02:38:08Z	capture: route Claude through JSONL family	Deferred: provider/import change not selected; no bounded, demonstrated fork gap established in this pass.
05ac6ce09eea36f3904d86296b16b2b8204f9b9f	2026-07-30T02:41:01Z	refactor(capture): delete retired ingestion proof state	Deferred: no independently portable change selected from metadata; inspect diff if a concrete need arises.
0a4794ab54c6334d3daabccfaa81793a54601fe7	2026-07-30T02:40:43Z	refactor(capture): split SQLite inventory registration	Deferred: no independently portable change selected from metadata; inspect diff if a concrete need arises.
262900436b67647e62aed6d8b6688a7a5cfc6bff	2026-07-30T02:52:07Z	fix(codex): quarantine ownerless malformed sources	Deferred: provider/import change not selected; no bounded, demonstrated fork gap established in this pass.
9ce55be21a744dc53ce9742a7988de3d090d14cf	2026-07-30T02:53:48Z	capture: route Junie through JSONL family	Deferred: no independently portable change selected from metadata; inspect diff if a concrete need arises.
8ff7e5a32429c15b73feb1c0569a9c3f1a80b66a	2026-07-30T03:15:21Z	capture: route Mux through JSONL family	Deferred: no independently portable change selected from metadata; inspect diff if a concrete need arises.
f43972726e5ed569b471156c44cbabfc177a2a18	2026-07-30T03:18:46Z	refactor(capture): delete captured route pipeline	Deferred: no independently portable change selected from metadata; inspect diff if a concrete need arises.
68387204e43f9bae58241ec6d9db37e9de595278	2026-07-30T03:34:24Z	test(capture): align source-backed qualification	Deferred: architecture/product direction is outside this fork’s local CLI/importer scope.
1b71a2ea314210e0c5849e952b2165ff0cd9da0b	2026-07-30T03:42:35Z	fix(usage): record truthful docs output and reset cleanly	Deferred: no independently portable change selected from metadata; inspect diff if a concrete need arises.
16578183f2f133676414a53ad0bcd99cd44287f5	2026-07-30T03:48:40Z	refactor(capture): move Cursor to shared JSONL family	Deferred: provider/import change not selected; no bounded, demonstrated fork gap established in this pass.
41b9e2c31bf3e1dbc6af2a39cf46fccdcaed98d3	2026-07-30T03:53:56Z	fix source-backed publication lifetime boundaries	Deferred: architecture/product direction is outside this fork’s local CLI/importer scope.
97e3db91a770417ac2783885800c46559a247af8	2026-07-30T03:55:55Z	fix(release): repair native platform authority wiring	Deferred: no independently portable change selected from metadata; inspect diff if a concrete need arises.
9d29637bda50bb8c8e0937f825fb34c211706205	2026-07-30T04:02:34Z	fix(daemon): bind supervisor to managed root	Deferred: architecture/product direction is outside this fork’s local CLI/importer scope.
5131886ec053ac4bd4942b2e3121250e3bdd3c59	2026-07-30T04:09:30Z	fix(mcp): recover daemon on every search	Deferred: architecture/product direction is outside this fork’s local CLI/importer scope.
a0fff9ffcc73c3ef44336b3f108febcd0e964e9f	2026-07-30T04:08:27Z	Improve lexical analysis and partial ranking	Deferred: no independently portable change selected from metadata; inspect diff if a concrete need arises.
3f90fdce674acb0921a370ad44a6589b5c05f21b	2026-07-30T04:20:36Z	fix(daemon): clamp restored retry deadlines	Deferred: architecture/product direction is outside this fork’s local CLI/importer scope.
bfe088683e9a8d649adc99a3cbec76efea30970b	2026-07-30T04:21:05Z	Stream relational catch-up and isolate retries	Deferred: no independently portable change selected from metadata; inspect diff if a concrete need arises.
fb974ba9c2c30c2e685c08a71404ddfaf87bda26	2026-07-30T04:22:50Z	test(daemon): use typed unavailable refresh failure	Deferred: architecture/product direction is outside this fork’s local CLI/importer scope.
c9b64a932306539101e08b3a4f97d11a13bdd31c	2026-07-30T04:23:40Z	refactor(capture): remove dead route adapter	Deferred: no independently portable change selected from metadata; inspect diff if a concrete need arises.
7b89718038585c9b824ba1b24d2ca7d6356f7c9c	2026-07-30T04:27:04Z	test(daemon): prove finite idle leaves no orphan	Deferred: architecture/product direction is outside this fork’s local CLI/importer scope.
2ad8aba27953f11371776695de93709f92079a2b	2026-07-30T04:27:27Z	refactor(index): trim module boundary	Deferred: no independently portable change selected from metadata; inspect diff if a concrete need arises.
8fcd5b7b074f8671c44c9458113db6d1ac5af103	2026-07-30T04:35:19Z	fix(pro): reject trial grace beyond deadline	Deferred: no independently portable change selected from metadata; inspect diff if a concrete need arises.
2c0d7fdd3db4293bc31afdbef5af71647ce01217	2026-07-30T04:47:39Z	refactor(daemon): split scheduler and relational status	Deferred: architecture/product direction is outside this fork’s local CLI/importer scope.
f7746853e6ebf049ca20653cc4f1074f6033e3a1	2026-07-30T05:03:45Z	fix(daemon): wake listeners without socket paths	Deferred: architecture/product direction is outside this fork’s local CLI/importer scope.
c1b0abbed8d3c790320253bd8dc7b9adaf958add	2026-07-30T05:21:11Z	test(cli): enforce capture daemon cleanup	Deferred: architecture/product direction is outside this fork’s local CLI/importer scope.
720222c76c5eed96e42e1c4cc5f6717c3d685240	2026-07-30T05:31:46Z	fix(storage): secure selected roots and SQLite snapshots	Deferred: no independently portable change selected from metadata; inspect diff if a concrete need arises.
7efaa9790770c724f77b058f83e64bcf4dad1e8b	2026-07-30T05:37:46Z	test(import): isolate source replacement terms	Deferred: provider/import change not selected; no bounded, demonstrated fork gap established in this pass.
46a4cbfe21dade24a69f29954b31634c41d49a77	2026-07-30T04:24:53Z	feat(cli): add structured terminal UI foundation	Deferred: no independently portable change selected from metadata; inspect diff if a concrete need arises.
51b449d27306ba41d2b67d45192bafb8df0404f6	2026-07-30T04:27:30Z	refactor(cli): thread terminal UI through human commands	Deferred: no independently portable change selected from metadata; inspect diff if a concrete need arises.
47fb9b4b22cfb61fbdc58d5955b9bcacfed3fc0e	2026-07-30T05:46:54Z	test(cli): construct UI for blame validation	Deferred: architecture/product direction is outside this fork’s local CLI/importer scope.
9002cecbad303311b56d9837912f03cc0b923409	2026-07-30T05:47:41Z	feat(cli): apply structured terminal renderers	Deferred: no independently portable change selected from metadata; inspect diff if a concrete need arises.
0d80e8570e4671e6e65dfd043f95006c86654ea2	2026-07-30T06:04:51Z	refactor(cli): remove superseded text render paths	Deferred: no independently portable change selected from metadata; inspect diff if a concrete need arises.
55883709a8fe5720cf500cbbf88376b5213100a7	2026-07-30T06:31:01Z	fix(release): close source admission and hermetic test gaps	Deferred: no independently portable change selected from metadata; inspect diff if a concrete need arises.
b80e30ac42eaab38da50a1748e32cdc902ed989b	2026-07-30T06:14:31Z	fix(cli): preserve completed one-shot daemon status	Deferred: architecture/product direction is outside this fork’s local CLI/importer scope.
21c0faf9889effd12323c136950b94875507692b	2026-07-30T06:20:56Z	fix(cli): restore Pro usage and referral facts	Deferred: no independently portable change selected from metadata; inspect diff if a concrete need arises.
8a9114d91bd9af492702aed0624f1d16302529b3	2026-07-30T06:26:40Z	fix(cli): make status headline reflect service health	Deferred: no independently portable change selected from metadata; inspect diff if a concrete need arises.
5d0cf7087c52f29f9269ad5eb6da96581d9e9e40	2026-07-30T06:33:07Z	fix(cli): repair remaining structured output contracts	Excluded by fork guardrail: SDK/contracts/build or hosted-install/release/marketing surface.
1aae1916c8f84e80a0d146d83e3df13625aeb854	2026-07-30T06:41:48Z	test(cli): allow copyable atoms to exceed display width	Deferred: no independently portable change selected from metadata; inspect diff if a concrete need arises.
6052a8fbdb120a86004d5a118599c4553f90d6f1	2026-07-30T06:45:07Z	fix(cli): canonicalize human output accounting	Deferred: no independently portable change selected from metadata; inspect diff if a concrete need arises.
7bf8ce6965db59a4650b3da03fcc0aeeb5f56031	2026-07-30T06:54:42Z	fix(build): repair scoped CLI integration tests	Deferred: no independently portable change selected from metadata; inspect diff if a concrete need arises.
b77055f1fba64ec7c88b534e78fe92af518d533b	2026-07-30T06:58:45Z	fix(cli): satisfy release lint gates	Deferred: no independently portable change selected from metadata; inspect diff if a concrete need arises.
e16f90c5ce3c4b0505a4f8453661cdce57cd6a07	2026-07-30T07:05:53Z	fix(build): close full CI lint inventory	Deferred: no independently portable change selected from metadata; inspect diff if a concrete need arises.
ae256ae59b07b1c6675b9a67d5758c42ec7ae4f2	2026-07-30T07:08:34Z	fix(build): declare search refresh core dependency	Deferred: no independently portable change selected from metadata; inspect diff if a concrete need arises.
b11fb930a843de7c7c1fd45b867a4f0201cdbed5	2026-07-30T07:10:14Z	fix(build): declare index renderer dependency	Deferred: no independently portable change selected from metadata; inspect diff if a concrete need arises.
f74c137ff56953d8743abfcb73188581dda01990	2026-07-30T07:26:30Z	test(cli): align analytics fixtures with private roots	Excluded by fork guardrail: network, telemetry, updater, or release-signing surface.
d8c40e7af53c617f0e5b3b49bf403416302f403c	2026-07-30T07:27:44Z	test(mcp): isolate transport telemetry lifecycle	Excluded by fork guardrail: network, telemetry, updater, or release-signing surface.
91619f151c54e7a30fb0a0884e9323596c012247	2026-07-30T07:30:53Z	test(analytics): isolate setup terminal event	Excluded by fork guardrail: network, telemetry, updater, or release-signing surface.
8bae015d8db98f147436034569c8b50323df890c	2026-07-30T07:21:10Z	fix(cli): preserve copyable source identifiers	Deferred: no independently portable change selected from metadata; inspect diff if a concrete need arises.
6cf8b9ad79742953b5bf8a9bde1030f15dc607c7	2026-07-30T07:34:27Z	fix(pro): correct blame generation and git preflight	Deferred: architecture/product direction is outside this fork’s local CLI/importer scope.
dd2aa1d3e3ddff7d16a82b629d36b3c8c5713953	2026-07-30T07:34:36Z	fix(usage): honor compact reports and focused fixtures	Deferred: no independently portable change selected from metadata; inspect diff if a concrete need arises.
f4bc5d4e2c26e5fce01615bcd5c7a9183618b728	2026-07-30T07:34:41Z	fix(cli): render import outcomes for humans	Deferred: provider/import change not selected; no bounded, demonstrated fork gap established in this pass.
3efd37c647232f281f474ff1ff69184cc75bb538	2026-07-30T07:34:49Z	fix(cli): show setup root only for recovery	Deferred: no independently portable change selected from metadata; inspect diff if a concrete need arises.
23934bfecb300f04a1a350af33984f599f2237c6	2026-07-30T07:35:07Z	fix(cli): list configured history sources	Deferred: no independently portable change selected from metadata; inspect diff if a concrete need arises.
6f8caf5300944c3fd59e9ff3df554edae0a2a753	2026-07-30T07:35:22Z	fix(cli): stabilize public help contracts	Excluded by fork guardrail: SDK/contracts/build or hosted-install/release/marketing surface.
db2d884316512d20b231692e33983ae352ea4855	2026-07-30T07:40:00Z	fix(ci): align release control inventories	Deferred: no independently portable change selected from metadata; inspect diff if a concrete need arises.
032aefe996bd409a67699e8a0bfd2ce98f875aeb	2026-07-30T07:40:07Z	test(release): repair upgrade and package fixtures	Excluded by fork guardrail: network, telemetry, updater, or release-signing surface.
7bf006c48978b7756c202ed591276eab9f5954f3	2026-07-30T07:45:19Z	fix(mcp): match CLI structured status	Deferred: no independently portable change selected from metadata; inspect diff if a concrete need arises.
4c04a22ed8a622a66cd19c4bdf2c430750b58289	2026-07-30T07:45:12Z	fix(capture): recertify terminal source inventories	Deferred: no independently portable change selected from metadata; inspect diff if a concrete need arises.
7eb15ae8a9024222c39b42b9e0415a1a4baef5dd	2026-07-30T07:45:21Z	test(capture): receipt JSONL tiny append replay	Deferred: no independently portable change selected from metadata; inspect diff if a concrete need arises.
1760d74fbee0cf5f9b9c2f8d490d46f1ddf38e18	2026-07-30T07:48:52Z	fix(sdk): bridge truthful search result windows	Excluded by fork guardrail: SDK/contracts/build or hosted-install/release/marketing surface.
622273dd49e5e1eaad79f18a850dfac863800026	2026-07-30T07:52:39Z	fix(hydration): enforce global request budgets	Deferred: no independently portable change selected from metadata; inspect diff if a concrete need arises.
6911a062a046ced8573c510086e16f896e589416	2026-07-30T07:55:45Z	fix explicit source refresh authority coordination	Deferred: no independently portable change selected from metadata; inspect diff if a concrete need arises.
a5efc12b2e951a828156a410049782fdd5f11aa6	2026-07-30T07:57:22Z	fix native provider admission and rejection accounting	Deferred: provider/import change not selected; no bounded, demonstrated fork gap established in this pass.
1fc43d6ef8fc18324fa3ffd7fab2efbb27498ce5	2026-07-30T08:06:16Z	fix(import): preserve authoritative refresh facts	Deferred: provider/import change not selected; no bounded, demonstrated fork gap established in this pass.
b0ef4b03630cbaa477ffea5ac05203379bdcdca4	2026-07-30T08:15:01Z	fix(plugin): keep provider sources authoritative	Deferred: provider/import change not selected; no bounded, demonstrated fork gap established in this pass.
5b9bf72e897736ab7bd3fb3f3a975284b0ec8bad	2026-07-30T08:10:41Z	test(daemon): make lifecycle ownership deterministic	Deferred: architecture/product direction is outside this fork’s local CLI/importer scope.
77741eade8d0954b876d2eb2698a1c4d4b03245f	2026-07-30T08:21:35Z	refactor(core): split oversized modules	Deferred: no independently portable change selected from metadata; inspect diff if a concrete need arises.
6daedffbaa67a1495491effec15486f9a3a6146d	2026-07-30T08:19:09Z	fix(usage): measure final CLI output delivery	Deferred: no independently portable change selected from metadata; inspect diff if a concrete need arises.
6d336ccbbc519f1f82a8aac6e35c56fb3ece8f55	2026-07-30T08:29:52Z	fix(import): validate provider refresh selection	Deferred: provider/import change not selected; no bounded, demonstrated fork gap established in this pass.
362913b28c026254f48d713b794e6f1e5e633f12	2026-07-30T08:42:24Z	fix(upgrade): emit one automatic mode receipt	Excluded by fork guardrail: network, telemetry, updater, or release-signing surface.
4b21f01c71291c270adf13a1457a7868623e2ef2	2026-07-30T08:32:57Z	fix(daemon): close installation lifecycle ownership gaps	Deferred: architecture/product direction is outside this fork’s local CLI/importer scope.
0a5cc9a4e6a4c96b681fa1cbd20af4e73817e5dc	2026-07-30T08:59:32Z	test(cli): align setup and import source-backed contracts	Excluded by fork guardrail: SDK/contracts/build or hosted-install/release/marketing surface.
60e585065dd9c22bdcb390b78f0955f585e0cb5d	2026-07-30T08:58:21Z	fix(cli): close final terminal layout gaps	Deferred: no independently portable change selected from metadata; inspect diff if a concrete need arises.
25baa7cacd2f7e41427684ec3f90274abed8a10c	2026-07-30T09:09:48Z	fix(import): satisfy release lint	Deferred: provider/import change not selected; no bounded, demonstrated fork gap established in this pass.
7040ce0992e95cacb533c648a4da74240a66bd69	2026-07-30T09:32:16Z	test(index): make lifecycle absence queries exact	Deferred: no independently portable change selected from metadata; inspect diff if a concrete need arises.
5ebc3d3bf8fdea343f01a9dc14ad26408d5d1bbf	2026-07-30T09:32:16Z	fix(index): keep provider event sequences SQL-compatible	Deferred: provider/import change not selected; no bounded, demonstrated fork gap established in this pass.
4ab82ef224a208319dc4312aa79c76e3293d5495	2026-07-30T09:30:55Z	docs: clarify plugin source validation	Deferred: no independently portable change selected from metadata; inspect diff if a concrete need arises.
b1da32033c881b295d0c6027115de062994798a3	2026-07-30T09:31:01Z	test(usage): secure precreated data roots	Deferred: no independently portable change selected from metadata; inspect diff if a concrete need arises.
26f6ca6f3b39ac70a0791a92de10dacfda586ede	2026-07-30T09:37:55Z	fix(index): invalidate prior event sequence encodings	Deferred: no independently portable change selected from metadata; inspect diff if a concrete need arises.
84e6ad2b352c3382f1cc40ade88a1a59c363e817	2026-07-30T09:39:03Z	style(protocol): satisfy release formatting	Excluded by fork guardrail: SDK/contracts/build or hosted-install/release/marketing surface.
14ff6a8fe5cbc7b6883cf332374fbd148cca9971	2026-07-30T09:49:08Z	fix(index): normalize provider agent topology	Deferred: provider/import change not selected; no bounded, demonstrated fork gap established in this pass.
22c83b6971f63f9ce5d438d10c1aeac5c3e52cc2	2026-07-30T09:44:00Z	test: align source-backed receipt assertions	Deferred: architecture/product direction is outside this fork’s local CLI/importer scope.
4599689a451ac948dd2464d02cab7901d14ea01e	2026-07-30T09:49:40Z	test: add identity-bound copied daemon roots	Excluded by fork guardrail: network, telemetry, updater, or release-signing surface.
2b399a56af98f7d106afc69766081fc8edca33a5	2026-07-30T09:54:46Z	test: bind daemon harness consumers to copied CLI	Deferred: architecture/product direction is outside this fork’s local CLI/importer scope.
4f6e674377a9fc0c23cbec55c50ff2d6cd4f889c	2026-07-30T09:58:14Z	test: stabilize MCP and analytics receipts	Excluded by fork guardrail: network, telemetry, updater, or release-signing surface.
5f237d91daa48e20d8fa8dd255476891b3e94164	2026-07-30T09:59:22Z	fix(plugin): report command-only sources unsupported	Deferred: no independently portable change selected from metadata; inspect diff if a concrete need arises.
edcde740cfeda011b6d731b70b4951d064bd9468	2026-07-30T10:00:02Z	test(cli): align small targets with daemon contracts	Excluded by fork guardrail: SDK/contracts/build or hosted-install/release/marketing surface.
a13b9160c80ef669fc8dc1ea3826f6f2990caf3d	2026-07-30T10:07:36Z	test(daemon): stabilize concurrent refresh harness	Deferred: architecture/product direction is outside this fork’s local CLI/importer scope.
9905f7450ab73443d7f4a0aff94eabd94c406b35	2026-07-30T10:13:27Z	fix(providers): close OpenHands output policy gap	Deferred: provider/import change not selected; no bounded, demonstrated fork gap established in this pass.
24ef537caaf1d5d01b39e8439b09e77641f771d9	2026-07-30T10:21:03Z	test(upgrade): bind acceptance daemons to selected roots	Excluded by fork guardrail: network, telemetry, updater, or release-signing surface.
488b06253f3e39efa22d3402a2efd41850a97449	2026-07-30T10:58:06Z	fix(setup): bind refresh receipts to requests	Deferred: no independently portable change selected from metadata; inspect diff if a concrete need arises.
8847e4a6bb9cd4b86553f1f77c8570ba13fbff30	2026-07-30T11:00:22Z	test(setup): accept truthful initial refresh states	Deferred: no independently portable change selected from metadata; inspect diff if a concrete need arises.
ae35ca641e6d08d496546cc88e5e7807c32eb71d	2026-07-30T10:59:14Z	fix(ipc): wait for daemon response readiness	Deferred: architecture/product direction is outside this fork’s local CLI/importer scope.
aa3971ee17f3cd71e0ffbf91d2586b058184c72a	2026-07-30T11:30:23Z	fix(providers): scope source ownership to exact roots	Deferred: provider/import change not selected; no bounded, demonstrated fork gap established in this pass.
c20110288c3a63a04a9cd46bdc8a1588e536dedd	2026-07-30T11:30:30Z	fix(goose): keep event order within relational bounds	Deferred: no independently portable change selected from metadata; inspect diff if a concrete need arises.
886bfd1c6b02084542e010ac9f95410fc1cefe96	2026-07-30T11:30:38Z	test(providers): align source-backed fixtures	Deferred: architecture/product direction is outside this fork’s local CLI/importer scope.
028cb4071e2769a08aeefcf4db4405d2db8712ac	2026-07-30T11:34:44Z	test(status): allow pending daemon self-heal state	Deferred: architecture/product direction is outside this fork’s local CLI/importer scope.
a40864ac032400d606510c14eeb7eeacfd161cca	2026-07-30T11:49:58Z	fix(release): pin staging Linux builder inputs	Deferred: no independently portable change selected from metadata; inspect diff if a concrete need arises.
51b07e52a126f98c7c84129e5b810138bffd65be	2026-07-30T11:54:23Z	fix(release): stage runtime candidate in writable root	Deferred: no independently portable change selected from metadata; inspect diff if a concrete need arises.
959ed6161eeb2615ce8d5a3215681bc4818cdb9a	2026-07-30T11:58:38Z	fix(release): allow staged runtime execution	Deferred: no independently portable change selected from metadata; inspect diff if a concrete need arises.
2db07d144151493a377267999094f9b852606fb6	2026-07-30T12:02:42Z	fix(release): verify fresh-epoch import receipts	Deferred: provider/import change not selected; no bounded, demonstrated fork gap established in this pass.
e94e9e31a1f9699e4e62784628c436496fd1bd9c	2026-07-30T12:06:14Z	fix(release): support pinned Python 3.10 advisory gate	Deferred: no independently portable change selected from metadata; inspect diff if a concrete need arises.
4d045cad807490a3d70a4f97f74dc7353d1de07e	2026-07-30T12:16:00Z	fix(release): bind offline advisory inputs	Deferred: no independently portable change selected from metadata; inspect diff if a concrete need arises.
5c97189d0aee1c2bf2c25b492676940ac6468b18	2026-07-30T12:43:57Z	fix(release): type semantic failures across platforms	Deferred: architecture/product direction is outside this fork’s local CLI/importer scope.
eb87907371a84752bd73ca08e2dbfd4778757f67	2026-07-30T12:54:50Z	fix(platform): compile native macOS release paths	Deferred: no independently portable change selected from metadata; inspect diff if a concrete need arises.
406a38bc50f0f81beb04b723427208eda783c384	2026-07-30T12:57:16Z	test(platform): compile supervisor artifacts natively	Deferred: no independently portable change selected from metadata; inspect diff if a concrete need arises.
9017bd4e0910281aaf9e58ef69caad6e30596b89	2026-07-30T13:01:03Z	fix(platform): scope native helpers to consumers	Deferred: no independently portable change selected from metadata; inspect diff if a concrete need arises.
874405626a204effe951b98407ade17b8e9899f2	2026-07-30T13:06:12Z	test(platform): canonicalize macOS vault roots	Deferred: no independently portable change selected from metadata; inspect diff if a concrete need arises.
5f7c9b17d23896f03d539d1bf469e940be0c04b5	2026-07-30T13:27:38Z	fix(release): forward native route runfiles	Deferred: no independently portable change selected from metadata; inspect diff if a concrete need arises.
f77afcdd54b896b5ad23e391d503aadc970767e5	2026-07-30T13:40:52Z	fix(release): carry pinned advisory parser	Deferred: no independently portable change selected from metadata; inspect diff if a concrete need arises.
47123875ec56605ad3a19bfdbfa649f50ee86c70	2026-07-30T13:45:25Z	fix(release): pin advisory scanner per target	Deferred: no independently portable change selected from metadata; inspect diff if a concrete need arises.
69cdfd748d5eef3842850c15a4e8ba5ffc7063c3	2026-07-30T13:53:39Z	fix(release): admit macOS filesystem watcher ABI	Deferred: no independently portable change selected from metadata; inspect diff if a concrete need arises.
e021e56abba8e45b255d8132e7b183c3fa5ef5ef	2026-07-30T13:58:55Z	fix(release): hermetically route SBOM generation	Deferred: architecture/product direction is outside this fork’s local CLI/importer scope.
1443a9620888bea2114120d38d2fdebe3dbeba66	2026-07-30T14:10:42Z	docs: preserve v0.25 public README	Deferred: no independently portable change selected from metadata; inspect diff if a concrete need arises.
36b12a9e977b109af52dad7945a511fe08c1b882	2026-07-30T14:17:37Z	test(entitlement): enforce absolute trial deadline vector	Deferred: no independently portable change selected from metadata; inspect diff if a concrete need arises.
6850b98e05fb0208703a835947eab0c6879c6f09	2026-07-30T14:23:42Z	test(cli): accept asynchronous first refresh outcomes	Deferred: no independently portable change selected from metadata; inspect diff if a concrete need arises.
f488bf93fe230ef278be73d2af9c72c76991fbe5	2026-07-30T15:13:52Z	test(ci): make provider contracts ordinary coverage	Excluded by fork guardrail: SDK/contracts/build or hosted-install/release/marketing surface.
80e37b598ed7681522b74435f4d89bdbdaad9895	2026-07-30T15:28:38Z	test: anchor provider matrix lookup to workspace	Deferred: provider/import change not selected; no bounded, demonstrated fork gap established in this pass.
e2ed43dce98a158b392f947bd8d5173761517e2d	2026-07-30T15:28:42Z	fix(ingest): tolerate verified Codex appends	Deferred: provider/import change not selected; no bounded, demonstrated fork gap established in this pass.
a1622bb9e41e90e80eb0a5738336e89cfcd67f7d	2026-07-30T15:37:24Z	test(import): accept pending failed-refresh state	Deferred: provider/import change not selected; no bounded, demonstrated fork gap established in this pass.
de33e5fc4de29cc504a50474228fb073c95b55fc	2026-07-30T16:20:00Z	refactor(release): centralize target route metadata	Deferred: no independently portable change selected from metadata; inspect diff if a concrete need arises.
325c4fdedf3015073b5e3c302f310f4b6ced82ed	2026-07-30T16:22:07Z	test(perf): replace receipt harness with focused checks	Deferred: no independently portable change selected from metadata; inspect diff if a concrete need arises.
823115153f8249aa9a4560c1ad0a0dffe0d07bff	2026-07-30T16:25:32Z	chore(perf): remove macOS receipt adapter	Deferred: no independently portable change selected from metadata; inspect diff if a concrete need arises.
55d7c99b1ceb3f734e1cf8443400f74d85470b5c	2026-07-30T16:33:04Z	test: remove orphaned validation artifacts	Deferred: no independently portable change selected from metadata; inspect diff if a concrete need arises.
7b673ff6e3e1ff578a43994311e23c440fddb7cf	2026-07-30T16:33:32Z	ci: bind release staging to native jobs	Deferred: no independently portable change selected from metadata; inspect diff if a concrete need arises.
ead6cfa3b5ba03c6ab02b32ee675c0fb49fb971c	2026-07-30T16:39:09Z	ci: unify public validation tiers and pin Go toolchain	Deferred: no independently portable change selected from metadata; inspect diff if a concrete need arises.
3cc49c077cda663e85df3aa45252041a35d9c4aa	2026-07-30T16:42:13Z	fix(ci): validate direct staging checks	Deferred: no independently portable change selected from metadata; inspect diff if a concrete need arises.
ba13c8e6ae048ea26231fd0740d8fc406c5c4470	2026-07-30T16:47:56Z	test(capture): remove orphaned qualification helper	Deferred: no independently portable change selected from metadata; inspect diff if a concrete need arises.
5ab2f37010e4753733b36ebfb028c032a6301cfb	2026-07-30T16:50:01Z	test(release): bind synthetic source commits	Deferred: no independently portable change selected from metadata; inspect diff if a concrete need arises.
d0384316a02e7a87237fb0265e423cdfbc46f933	2026-07-30T16:52:43Z	test(import): avoid transient rewrite truncation	Deferred: provider/import change not selected; no bounded, demonstrated fork gap established in this pass.
15a5af6d026d64531927d30c3b21c63946a5a4a7	2026-07-30T17:10:24Z	fix(ci): provision Go on the FreeBSD release host	Deferred: no independently portable change selected from metadata; inspect diff if a concrete need arises.
37cefc4e643ae41e6ec64b3271e936ee1007d40b	2026-07-30T17:17:35Z	fix(release): enforce native runner OS baselines	Deferred: no independently portable change selected from metadata; inspect diff if a concrete need arises.
3a0d3c186bfc0aebfa11ab361cdfefc6a42722e9	2026-07-30T17:17:58Z	test(perf): cover no-op and tiny append refresh	Deferred: no independently portable change selected from metadata; inspect diff if a concrete need arises.
b81b36c8d144cf26ce276773ed695d56ab8e59cd	2026-07-30T17:27:54Z	fix(release): bound refresh and verify complete assets	Deferred: no independently portable change selected from metadata; inspect diff if a concrete need arises.
ba2b4b52ae9f603f8128ca115b2a0a71c285a802	2026-07-30T16:36:20Z	fix(ingest): tolerate active provider appends	Deferred: provider/import change not selected; no bounded, demonstrated fork gap established in this pass.
6c9a9a06763e30c39364d7d65967874a779f4766	2026-07-30T18:09:49Z	fix(ingest): close active-writer contract gaps	Excluded by fork guardrail: SDK/contracts/build or hosted-install/release/marketing surface.
e8590e35f3423f5afa983cbd77170de18448f52a	2026-07-30T19:10:14Z	fix(ingest): harden active source snapshots	Deferred: no independently portable change selected from metadata; inspect diff if a concrete need arises.
3241998f636e1d2e2080aeec2734edec842955d8	2026-07-30T18:51:10Z	test(capture): fail closed active source contracts	Excluded by fork guardrail: SDK/contracts/build or hosted-install/release/marketing surface.
5f28da943e15ea6b0fe9775bff96499b3604abf4	2026-07-30T19:30:55Z	fix(ingest): close terminal source races	Deferred: no independently portable change selected from metadata; inspect diff if a concrete need arises.
18b9ef23a82f7235598fec9f2fa052f6cf934b47	2026-07-30T19:36:12Z	test(daemon): isolate finite idle lifecycle	Deferred: architecture/product direction is outside this fork’s local CLI/importer scope.
f1b67bf034ef57adc90a935c55a15939fc4e3cea	2026-07-30T17:17:25Z	fix(runtime): scale source-backed dogfood paths	Deferred: architecture/product direction is outside this fork’s local CLI/importer scope.
2d9ed731fb0752c9c5b5f906009878772a991f12	2026-07-30T16:44:34Z	perf(codex): parallelize session-tree cold scans	Deferred: provider/import change not selected; no bounded, demonstrated fork gap established in this pass.
756acd5e433cfa656b7348ef5e110730d4ee0378	2026-07-30T17:11:51Z	fix(codex): unify live and archived session authority	Deferred: provider/import change not selected; no bounded, demonstrated fork gap established in this pass.
130a0d225109745c70419faa99fe7127a31cd08a	2026-07-30T17:26:10Z	fix(codex): retain union hydration resolver	Deferred: provider/import change not selected; no bounded, demonstrated fork gap established in this pass.
b8d127aded95a8ec916b58bc24a423bc6ca6a81f	2026-07-30T17:36:46Z	perf(refresh): skip retired Store reopen	Deferred: no independently portable change selected from metadata; inspect diff if a concrete need arises.
833c19ea43d7486c78713d805d00ec4d63d77e98	2026-07-30T17:38:57Z	fix(refresh): recover committed generation after crash	Deferred: architecture/product direction is outside this fork’s local CLI/importer scope.
2e415431a83d562939cd59216560d718cdec4f49	2026-07-30T17:47:40Z	perf(index): enumerate relational pages by source postings	Deferred: no independently portable change selected from metadata; inspect diff if a concrete need arises.
39fef1b0d76895b929fb37617fccac0385125d3d	2026-07-30T18:03:21Z	refactor: keep production modules within release limits	Deferred: no independently portable change selected from metadata; inspect diff if a concrete need arises.
04c0898e068783ac7cf6e615961f0f9d5f880826	2026-07-30T18:03:21Z	fix(codex): bound terminal source descriptors	Deferred: provider/import change not selected; no bounded, demonstrated fork gap established in this pass.
ea87c19ff0e3128b70b7dc84b40737c55d6f9537	2026-07-30T18:42:39Z	perf(index): verify only mutated source postings	Deferred: no independently portable change selected from metadata; inspect diff if a concrete need arises.
1576b65a2f39b1635fa2ef30fcb0319e0df2be19	2026-07-30T18:42:39Z	fix(daemon): retry refreshes without idle polling	Deferred: architecture/product direction is outside this fork’s local CLI/importer scope.
03f977a4c60448401c7ff1b4080ee7ba86dc9fa5	2026-07-30T19:16:51Z	fix(refresh): close publication and source races	Deferred: no independently portable change selected from metadata; inspect diff if a concrete need arises.
0ac0c03e9dcb7e272f8345557a279a87b87171e3	2026-07-30T19:51:35Z	refactor(codex): split source-family contracts	Excluded by fork guardrail: SDK/contracts/build or hosted-install/release/marketing surface.
a517a41fa48e543622e83da618c06df0067a54e1	2026-07-30T20:00:22Z	test(import): accept daemon-won Firebender refresh	Deferred: architecture/product direction is outside this fork’s local CLI/importer scope.
4998012afb1425473ff0d5e4cf2a982418c95d94	2026-07-30T20:09:40Z	test(setup): accept running periodic refresh	Deferred: no independently portable change selected from metadata; inspect diff if a concrete need arises.
46d56196be5fc830e3955fcaa945555212ac210f	2026-07-30T21:04:09Z	feat(release): produce private detached debug symbols	Deferred: no independently portable change selected from metadata; inspect diff if a concrete need arises.
541e98c867606dda67d0caca260f181631c0b251	2026-07-30T19:47:41Z	fix(windows): repair daemon persistence setup	Deferred: architecture/product direction is outside this fork’s local CLI/importer scope.
e8d4e9947bc9a078d1f7b79963ef700c73fab638	2026-07-30T21:36:57Z	Fix search rank and follow-up command truthfulness	Deferred: no independently portable change selected from metadata; inspect diff if a concrete need arises.
a933c8788d431fbfc1b2c5c72f95194cca39f09b	2026-07-30T22:00:16Z	feat(sdk): expose truthful search ranking fields	Excluded by fork guardrail: SDK/contracts/build or hosted-install/release/marketing surface.
8bfc04923760b01bdbd7761c9986f80dbb92b0d2	2026-07-30T22:06:30Z	Bound incremental relational validation work	Deferred: no independently portable change selected from metadata; inspect diff if a concrete need arises.
9b56432b2b280accfc9f3aa7330193245dce59cd	2026-07-30T22:13:30Z	fix(pro): clean partial bootstrap state on uninstall	Deferred: no independently portable change selected from metadata; inspect diff if a concrete need arises.
475140ce7d7f050eec702db6d31ade354de9a480	2026-07-30T21:35:13Z	fix(release): preserve Bazel rustc for staging handoff	Excluded by fork guardrail: SDK/contracts/build or hosted-install/release/marketing surface.
dac5090a1f836ec96cfb295f41c0a56fdff889f9	2026-07-30T21:49:21Z	fix(release): strip residual ELF debug metadata	Deferred: no independently portable change selected from metadata; inspect diff if a concrete need arises.
e7f63762334be6578e49b85c2c2d86e5b08b1a5f	2026-07-30T21:54:30Z	fix(build): refresh Bazel dependency lock	Excluded by fork guardrail: SDK/contracts/build or hosted-install/release/marketing surface.
3e09aa62900e070b914a9fd49cccb8fe21a987cc	2026-07-30T22:05:01Z	fix(release): preserve Bazel rustc runtime	Excluded by fork guardrail: SDK/contracts/build or hosted-install/release/marketing surface.
913ec6f88d86c999f1423aabfd0d7a656c20658d	2026-07-30T22:35:01Z	fix(upgrade): quiesce legacy automatic daemon handoff	Excluded by fork guardrail: network, telemetry, updater, or release-signing surface.
42a7508924860827efdda92d3b9bfdc17f86bad1	2026-07-30T22:43:22Z	refactor(daemon): split path status tests	Deferred: architecture/product direction is outside this fork’s local CLI/importer scope.
98bbb5f964eb8d9497f9530af5ca7598e72c4ac0	2026-07-30T22:49:23Z	fix(release): converge daemon identity and receipts	Excluded by fork guardrail: network, telemetry, updater, or release-signing surface.
494f6c1ef6237bc64c7135bf7f5b75cac1e6631c	2026-07-30T22:51:21Z	style(search): normalize source index tests	Deferred: no independently portable change selected from metadata; inspect diff if a concrete need arises.
ae596d88bfefa48c8fd1ef42fe804294674e19a7	2026-07-30T22:55:52Z	test(daemon): preserve release uninstall contract	Excluded by fork guardrail: SDK/contracts/build or hosted-install/release/marketing surface.
5ccf116450d9754b421cfffc994f4c168c9862b4	2026-07-31T01:55:15Z	docs: put agent history to work in README banner	Deferred: no independently portable change selected from metadata; inspect diff if a concrete need arises.
63db28820a862e1f6dc87ab6f0fb24e40c5309ee	2026-07-30T21:10:59Z	perf: parallelize and bound source-backed ingestion	Deferred: architecture/product direction is outside this fork’s local CLI/importer scope.
4dd0bf0246c25a601f56049eeb4ba2ce72c28411	2026-07-30T21:14:02Z	perf(capture): certify physical SQLite replays	Deferred: no independently portable change selected from metadata; inspect diff if a concrete need arises.
4c29a023d3b1df226cc0951a0f80fc87301d013a	2026-07-30T21:19:18Z	fix(capture): revalidate bounded SQLite tokens	Deferred: no independently portable change selected from metadata; inspect diff if a concrete need arises.
ff1f8f5244712a6c911d42cc6bb5dcd85f2a30fe	2026-07-30T21:20:51Z	test(codex): separate concurrency from work parity	Deferred: provider/import change not selected; no bounded, demonstrated fork gap established in this pass.
705367a22ac7240c1166bb9c322636acef7b6c7e	2026-07-30T21:24:43Z	test(perf): isolate binaries and accept watcher-won appends	Deferred: no independently portable change selected from metadata; inspect diff if a concrete need arises.
43cdfd0fbf3c60620e526faa3ce45ad2c3c5373c	2026-07-30T21:34:31Z	fix(capture): certify exact SQLite replays	Deferred: no independently portable change selected from metadata; inspect diff if a concrete need arises.
91095ed6fcf7f1882daddf6863a29f6351409d24	2026-07-30T21:38:30Z	test(perf): require measured cold refresh speedup	Deferred: no independently portable change selected from metadata; inspect diff if a concrete need arises.
1cf0d562fc79762731d2cb3cd1fe965e9c129a6d	2026-07-30T21:40:47Z	fix(daemon): publish Core before sidecar catch-up	Deferred: architecture/product direction is outside this fork’s local CLI/importer scope.
3625556a90b83a247eba38023a793309f1982e2b	2026-07-30T21:53:56Z	test(refresh): split retained generation coordinator tests	Deferred: architecture/product direction is outside this fork’s local CLI/importer scope.
b7eeaa6daa31274cd11ffd19ba177f9b467ec372	2026-07-30T21:53:11Z	chore: remove superseded performance scaffolding	Deferred: no independently portable change selected from metadata; inspect diff if a concrete need arises.
626e9241b140694846f4076abc60ba7e762ce9aa	2026-07-30T21:57:08Z	refactor(capture): converge direct JSONL lifecycle	Deferred: no independently portable change selected from metadata; inspect diff if a concrete need arises.
8189a7e33aeee9185c4d6972c378521709ad7c0e	2026-07-30T22:10:25Z	refactor(capture): simplify SQLite logical snapshots	Deferred: no independently portable change selected from metadata; inspect diff if a concrete need arises.
a471e588def86cbd3ba18673e00bf1c6b27d302c	2026-07-30T22:25:30Z	fix(capture): authorize platform SQLite WAL probes	Deferred: no independently portable change selected from metadata; inspect diff if a concrete need arises.
bc0d1947aca418e8b0ae679fe37f06d913301359	2026-07-30T22:22:06Z	test(capture): align SQLite no-op work assertions	Deferred: no independently portable change selected from metadata; inspect diff if a concrete need arises.
22b1898a8e76041db33503b6f1a84578e69be550	2026-07-30T22:01:34Z	test(perf): gate source-backed storage families	Deferred: architecture/product direction is outside this fork’s local CLI/importer scope.
69ec2fe9b636fea193244787ebdaa82e2a9d021e	2026-07-30T22:26:24Z	test(perf): repair family fixture bounds	Deferred: no independently portable change selected from metadata; inspect diff if a concrete need arises.
62af2f205c0c9f875231adeaf16046701e8de755	2026-07-30T22:59:30Z	fix(refresh): keep logical no-ops off the live index	Deferred: no independently portable change selected from metadata; inspect diff if a concrete need arises.
38e07adbfe9a57ccb6df5fa488fcd29195df884d	2026-07-30T22:43:29Z	test(perf): bound Cline family fixture FDs	Deferred: no independently portable change selected from metadata; inspect diff if a concrete need arises.
478c0f61aa7c608202801e27e9101dd6538d33df	2026-07-30T23:02:14Z	test(perf): extract source family runtime gate	Deferred: no independently portable change selected from metadata; inspect diff if a concrete need arises.
c52d72bbcd0bf420a62022e193c1a2f622dda7e2	2026-07-30T23:10:52Z	test(perf): tolerate continuous refresh overlap	Deferred: no independently portable change selected from metadata; inspect diff if a concrete need arises.
36ad0c1bc635a6a805a10c8ea0eef169e947bbaa	2026-07-30T23:17:30Z	test(capture): assert bounded task JSON descriptors	Deferred: no independently portable change selected from metadata; inspect diff if a concrete need arises.
406445fcdbeaa76e1c34bcc867e0f19fd92ea29f	2026-07-30T23:35:40Z	test(relational): split raw SQL coverage	Deferred: no independently portable change selected from metadata; inspect diff if a concrete need arises.
b8a7ea0292b61ec0a64954c535136d0191e63b87	2026-07-30T23:33:37Z	test(capture): respect effective leaf worker budget	Deferred: no independently portable change selected from metadata; inspect diff if a concrete need arises.
c6ca549926b917bf8ff3494e4a9e0458befbd053	2026-07-30T23:30:23Z	test(nanoclaw): prove compound inventory FD bound	Deferred: no independently portable change selected from metadata; inspect diff if a concrete need arises.
0f96c0ea15da61b8e2ee68562e12915fed68b254	2026-07-30T23:34:53Z	test(nanoclaw): isolate snapshot admission bound	Deferred: no independently portable change selected from metadata; inspect diff if a concrete need arises.
0ec060843a092bac28c1932e13f4847c08cde0ef	2026-07-30T23:39:05Z	test(perf): prove source scanner parallelism	Deferred: no independently portable change selected from metadata; inspect diff if a concrete need arises.
c641170a37150349a995987860c09678d1502f28	2026-07-30T23:45:40Z	style(import): normalize catalog tests	Deferred: provider/import change not selected; no bounded, demonstrated fork gap established in this pass.
4452632071760a2e7400f48b05915f8753c130db	2026-07-30T23:59:23Z	fix(capture): bound logical document spools	Deferred: no independently portable change selected from metadata; inspect diff if a concrete need arises.
7bc69b3d7848911a5df3dfbeb321705c82cabcfd	2026-07-30T23:55:01Z	test(upgrade): bound managed debug fixtures	Excluded by fork guardrail: network, telemetry, updater, or release-signing surface.
0934cfb5f6915145ecb6c08f4696dd155aa5794a	2026-07-31T00:01:33Z	fix(import): preserve provider failure contracts	Excluded by fork guardrail: SDK/contracts/build or hosted-install/release/marketing surface.
6971a6025fdb591538385ab4bb4de529c9f92b1f	2026-07-31T00:12:30Z	test(perf): bind assertions to completed refresh	Deferred: no independently portable change selected from metadata; inspect diff if a concrete need arises.
5269197b0595f8d42d912ac9a39a4f7c50c2711a	2026-07-31T00:36:30Z	fix(import): unify automatic and explicit Codex roots	Deferred: provider/import change not selected; no bounded, demonstrated fork gap established in this pass.
f98bce94a11b50e4fa08b1e36e72bbc34750bbdc	2026-07-31T00:29:18Z	fix(status): verify explicit catalog publication receipts	Deferred: no independently portable change selected from metadata; inspect diff if a concrete need arises.
e3abb61a961ec68873e5695c9a48fd1ea33d2dc5	2026-07-31T00:36:53Z	fix(setup): accept daemon-owned cold builds	Deferred: architecture/product direction is outside this fork’s local CLI/importer scope.
f31605eb2d6e8167ae66da5065bba0cdf011dc5b	2026-07-31T01:10:55Z	fix(pro): rotate staging release signing authority	Excluded by fork guardrail: network, telemetry, updater, or release-signing surface.
1b359aae9cff8045928d9f4f620214a3e73bef44	2026-07-31T01:42:44Z	test(daemon): lock persistent sidecar order	Deferred: architecture/product direction is outside this fork’s local CLI/importer scope.
0c40e3bd58f0bf13d6b4b1cbc0f672a70a43cba5	2026-07-31T01:45:07Z	fix(opencode): canonicalize projected event roles	Deferred: provider/import change not selected; no bounded, demonstrated fork gap established in this pass.
a5100fa4ae10914ff4340c25dd42969deb9e5e68	2026-07-31T01:54:25Z	fix(capture): budget SQLite snapshots cumulatively	Deferred: no independently portable change selected from metadata; inspect diff if a concrete need arises.
3d4df1530098493b8dc64212e60f34672c4b6d51	2026-07-31T01:57:29Z	fix(refresh): recover committed publication receipts	Deferred: no independently portable change selected from metadata; inspect diff if a concrete need arises.
8b1a80c1672a7de6b76151b52decab63e3356d01	2026-07-31T02:00:21Z	fix(capture): recertify SQLite source families	Deferred: no independently portable change selected from metadata; inspect diff if a concrete need arises.
7fff0248ab4e81ad701512b283ddb445e264c789	2026-07-31T02:18:36Z	refactor(daemon): remove one-shot run surface	Deferred: architecture/product direction is outside this fork’s local CLI/importer scope.
77046d8bb1641399fb65531f68ed252430842bff	2026-07-31T02:27:19Z	fix(upgrade): verify genuine v0.25 daemon locks	Excluded by fork guardrail: network, telemetry, updater, or release-signing surface.
3e8083fcfdd51cf31f2964c13641aed4b378c6bb	2026-07-31T02:29:05Z	fix(opencode): rebuild generations after role canonicalization	Deferred: architecture/product direction is outside this fork’s local CLI/importer scope.
650d73eff0cc69040349eca88844c0252bab2957	2026-07-31T02:33:10Z	fix(daemon): ignore catalog lock watcher churn	Deferred: architecture/product direction is outside this fork’s local CLI/importer scope.
cea35b8c5245196f0189643e85d2a28223cbce5a	2026-07-31T02:34:03Z	fix(refresh): bind recovered resolver to receipt catalog	Deferred: no independently portable change selected from metadata; inspect diff if a concrete need arises.
1e0e6c17f9fa7e62eb2f1729ed0e129bc187711c	2026-07-31T02:34:20Z	feat(import): wait for relational convergence	Deferred: provider/import change not selected; no bounded, demonstrated fork gap established in this pass.
6d0ea61495de22c1a452e397d7306d4a1008dcfa	2026-07-31T02:39:45Z	fix(telemetry): refresh daemon source provenance	Excluded by fork guardrail: network, telemetry, updater, or release-signing surface.
e615560ff12c4604f68504b364504643572d0591	2026-07-31T03:05:34Z	fix(upgrade): keep legacy replacement fix-forward	Excluded by fork guardrail: network, telemetry, updater, or release-signing surface.
414277d0f68905f7cdabc627df5bc1ec4e518120	2026-07-31T03:13:51Z	fix(pro): make completed setup replay idempotent	Deferred: no independently portable change selected from metadata; inspect diff if a concrete need arises.
01ae6e61d371efa8ad36374a1aff2c5e1a14a0c8	2026-07-31T03:39:45Z	fix(pro): authenticate setup replay materialization	Deferred: no independently portable change selected from metadata; inspect diff if a concrete need arises.
16e87d00dce102baec34277690a19b97e9a1965a	2026-07-31T03:43:37Z	fix(upgrade): discard prior binary after commit	Excluded by fork guardrail: network, telemetry, updater, or release-signing surface.
9f658556559f47ab2073fbb945c9ebc7cbc421ca	2026-07-31T03:56:38Z	fix(upgrade): finish durable old binary cleanup	Excluded by fork guardrail: network, telemetry, updater, or release-signing surface.
66a1eb45643202f1b203002e47d6689d505d2a30	2026-07-31T04:06:08Z	fix(upgrade): retire v0.25 executable after handoff	Excluded by fork guardrail: network, telemetry, updater, or release-signing surface.
4d2bb9e9bc0bb46df95895fd462c75a295dbeee9	2026-07-31T04:15:50Z	docs: preserve v0.25 README	Deferred: no independently portable change selected from metadata; inspect diff if a concrete need arises.
0104085b9702b3eb5316b00676be61a38e5edcf7	2026-07-31T05:06:43Z	fix(pro): certify source repository authority	Deferred: no independently portable change selected from metadata; inspect diff if a concrete need arises.
ec2cf18f6a93c12fc534c6c99ca1bda57be1e41e	2026-07-31T05:11:02Z	fix(protocol): bind worktree locators to identities	Excluded by fork guardrail: SDK/contracts/build or hosted-install/release/marketing surface.
6a94c689dabc40b20f544656ff4d628be5ff2215	2026-07-31T05:58:55Z	test(pro): isolate nonrepository fixture	Deferred: no independently portable change selected from metadata; inspect diff if a concrete need arises.
8610bc7cae9c0a473d0a2773bffef91cc0e8e6e0	2026-07-31T05:59:04Z	perf(pro): batch bounded source materialization pages	Deferred: no independently portable change selected from metadata; inspect diff if a concrete need arises.
11f383702b64c43cf2cfe3fdc78ba07d2f39f8e1	2026-07-31T06:20:06Z	perf(pro): amortize bounded source pages	Deferred: no independently portable change selected from metadata; inspect diff if a concrete need arises.
3d38c04ad4d2aac99d353d975fc009e46d7df329	2026-07-31T06:00:32Z	fix(pro): render actionable commercial errors	Deferred: no independently portable change selected from metadata; inspect diff if a concrete need arises.
5a5446cb5581406d19c642541033e2d95503764e	2026-07-31T06:38:08Z	fix(claude): hydrate every admitted source row	Deferred: provider/import change not selected; no bounded, demonstrated fork gap established in this pass.
7929b3ccabc8865d24322cf934008bdc7bb8f2c2	2026-07-31T06:42:58Z	fix(pro): retire stale sign-in recovery links	Deferred: no independently portable change selected from metadata; inspect diff if a concrete need arises.
99e12c15163e6a78a1a1893b5b708db3f6a7c43f	2026-07-31T06:56:10Z	fix(claude): hydrate full authoritative display text	Deferred: provider/import change not selected; no bounded, demonstrated fork gap established in this pass.
1722a1866bb33c20852e8e591f87576ad44fc03c	2026-07-31T07:09:03Z	fix(hydration): bind requests to active generation	Deferred: architecture/product direction is outside this fork’s local CLI/importer scope.
28f73775318a219aea4c8857f81ea1a5798581ca	2026-07-31T08:07:54Z	fix(pro): bound source progress lifecycle receipts	Deferred: no independently portable change selected from metadata; inspect diff if a concrete need arises.
4cc2079b80c9f73b94ce93a07aed1d0172c8e744	2026-07-31T08:48:52Z	fix(pro): batch source materialization pages	Deferred: no independently portable change selected from metadata; inspect diff if a concrete need arises.
6d9768ebbf0ffd8064201603a9b274072490dc01	2026-07-31T09:04:59Z	refactor(pro): split source materialization helpers	Deferred: no independently portable change selected from metadata; inspect diff if a concrete need arises.
34ea0b3883549e8c01b8f871fdb969e4c32c0223	2026-07-31T09:15:01Z	perf(pro): bound stale source reconciliation	Deferred: no independently portable change selected from metadata; inspect diff if a concrete need arises.
ef1b806cb3ddaaf2b6fdb430dcb4c69a21802c48	2026-07-31T09:38:29Z	fix(pro): merge interleaved provider pages	Deferred: provider/import change not selected; no bounded, demonstrated fork gap established in this pass.
4771b127fac78d05d6617b112fdb7c5b437697ef	2026-07-31T10:04:41Z	fix(release): satisfy strict candidate lint	Deferred: no independently portable change selected from metadata; inspect diff if a concrete need arises.
dc0b27143e76471db214284a10bd8a7e58bc17d5	2026-07-31T10:37:24Z	fix(release): converge foreground imports	Deferred: provider/import change not selected; no bounded, demonstrated fork gap established in this pass.
202f55e0cc1a1f907b264336a5247079b52d4a30	2026-07-31T10:55:20Z	fix(import): serialize relational convergence	Deferred: provider/import change not selected; no bounded, demonstrated fork gap established in this pass.
9829ee460df7a35137e4d215edbbd35a5ede9902	2026-07-31T11:14:24Z	test(refresh): isolate recovery discovery roots	Deferred: no independently portable change selected from metadata; inspect diff if a concrete need arises.
a3c79f40f4da33ed67b465becf852731ba8c20f2	2026-07-31T11:22:07Z	test(search): accept truthful semantic catch-up states	Deferred: architecture/product direction is outside this fork’s local CLI/importer scope.
26f1a4d44f243f21ebc3dc2f40e7ceea8897b061	2026-07-31T14:01:28Z	fix(cli): style integration receipts	Deferred: no independently portable change selected from metadata; inspect diff if a concrete need arises.
160c590973f11b7cdfbd221670c8554cdb97182b	2026-07-31T14:01:43Z	fix(cli): render unknown docs topics structurally	Deferred: no independently portable change selected from metadata; inspect diff if a concrete need arises.
c47beac722cf8a6cca459e6bbd2c21a0de8cf416	2026-07-31T14:01:54Z	fix(cli): map referral validation for humans	Deferred: no independently portable change selected from metadata; inspect diff if a concrete need arises.
23a78b1dda002a0f2b53a3ad422e16de46a67a06	2026-07-31T14:13:40Z	test(cli): lock docs machine diagnostics	Deferred: no independently portable change selected from metadata; inspect diff if a concrete need arises.
9520123ba2009574480b932632de0165e225c78e	2026-07-31T14:18:03Z	fix(cli): keep docs recovery visible	Deferred: no independently portable change selected from metadata; inspect diff if a concrete need arises.
7fdf4e246e576508155093bf2f976be78c2cd152	2026-07-31T16:30:41Z	Integrate source-backed performance and reliability hardening (#223)	Deferred: architecture/product direction is outside this fork’s local CLI/importer scope.
3148fa89d20261c1b751675c449769ac13781d35	2026-07-31T17:49:32Z	fix(daemon): preserve validated Pro channel	Deferred: architecture/product direction is outside this fork’s local CLI/importer scope.
0b39e95d20b5990cdbb9350ec20537ef526a782c	2026-07-31T18:38:56Z	Merge pull request #225 from ctxrs/codex/preserve-staging-pro-channel	Deferred: provider/import change not selected; no bounded, demonstrated fork gap established in this pass.
2da945b484f5024b56b1305c8dda7230df064dac	2026-07-31T17:33:35Z	Fix relational projection for bounded source subsets	Deferred: no independently portable change selected from metadata; inspect diff if a concrete need arises.
73a0dc104d7ca41fda71266eb808602645b01282	2026-07-31T17:50:25Z	Fail closed on invalid custom history manifests	Deferred: no independently portable change selected from metadata; inspect diff if a concrete need arises.
2186f45d8d54daeb0f2f0646d7860d831aa58adf	2026-07-31T18:05:08Z	fix(pro): expose missing blame resources	Deferred: architecture/product direction is outside this fork’s local CLI/importer scope.
c9eecadc657cd66642d3653d54a9e04f03ec70f6	2026-07-31T18:16:21Z	fix(pro): explain missing blame resources	Deferred: architecture/product direction is outside this fork’s local CLI/importer scope.
3359ea3af00185d4174c65685a7c7fc78332dc9b	2026-07-31T18:57:35Z	fix(deps): update event-listener to 5.4.2	Deferred: no independently portable change selected from metadata; inspect diff if a concrete need arises.
b95e75fe4de06b962bdcd772cbe491684a086adf	2026-07-31T18:57:51Z	Merge pull request #228 from ctxrs/codex/update-event-listener-5-4-2	Deferred: provider/import change not selected; no bounded, demonstrated fork gap established in this pass.
5abe8d780df16e2d478e14cfa17bb9ed6e3648a6	2026-07-31T19:04:36Z	chore(deps): refresh Bazel lock for event-listener	Excluded by fork guardrail: SDK/contracts/build or hosted-install/release/marketing surface.
e9f371cbe311998b09af3ee5d2fc9b5a45b607bb	2026-07-31T19:04:53Z	Merge pull request #229 from ctxrs/codex/update-event-listener-bazel-lock	Excluded by fork guardrail: SDK/contracts/build or hosted-install/release/marketing surface.
daaade0c7b8eef990d88eb2d58b0d6b10c7fea92	2026-07-30T18:29:23Z	test(cli): add isolated PTY observation runner	Deferred: no independently portable change selected from metadata; inspect diff if a concrete need arises.
acf39c3d2f9b9a4e52ee602afa6d6bb5bca7af05	2026-07-30T21:30:55Z	test(pro): add hermetic commercial control manifest	Deferred: no independently portable change selected from metadata; inspect diff if a concrete need arises.
4f91e79c9865a44784b5da12ff03cdb2ae01b422	2026-07-31T16:10:17Z	test(pro): align control host with human recovery	Deferred: no independently portable change selected from metadata; inspect diff if a concrete need arises.
1fbf0db43fdfee911656e3dd4dc800e01f4f02fb	2026-07-30T21:19:41Z	test(cli): add index dashboard renderer fixture	Deferred: no independently portable change selected from metadata; inspect diff if a concrete need arises.
e39ad836380ec6364921f1bff08c581fab719181	2026-07-31T16:38:03Z	test(cli): align help diagnostics with styled parser	Deferred: no independently portable change selected from metadata; inspect diff if a concrete need arises.
c1fd058f841fd786785423c2dea56093d0674104	2026-07-31T17:04:19Z	fix(cli-ux): reap exited observer descendants	Deferred: no independently portable change selected from metadata; inspect diff if a concrete need arises.
3dfe74c6b843bdbaddcddec87c7707a343d82d12	2026-07-31T17:07:40Z	fix(cli-ux): allow teardown processes to settle	Deferred: no independently portable change selected from metadata; inspect diff if a concrete need arises.
a87bf40955e77c6e14830bc5804057a2be5cbba0	2026-07-31T17:09:38Z	test(cli-ux): report leaked process identity	Excluded by fork guardrail: network, telemetry, updater, or release-signing surface.
3349620a5548e09d1d1ee48c200f34b4aedc1989	2026-07-30T18:16:10Z	test(cli): enforce raw output source closure	Deferred: no independently portable change selected from metadata; inspect diff if a concrete need arises.
4494dbd035710c4da795ef19fe495b48ba64d8b4	2026-07-30T18:44:11Z	test(cli): enforce raw output policy in CI	Deferred: no independently portable change selected from metadata; inspect diff if a concrete need arises.
1dfed9e02eb2b8d20f95c1f5e3a1f7739e4fa641	2026-07-30T19:18:25Z	test(cli): close raw output scanner gaps	Deferred: no independently portable change selected from metadata; inspect diff if a concrete need arises.
c46f082572fc28597bff622e6df01f922c12071c	2026-07-30T20:24:18Z	test(cli): close raw output source escapes	Deferred: no independently portable change selected from metadata; inspect diff if a concrete need arises.
2e65d89c0da318188989c2092aa4571ad6decf54	2026-07-31T18:07:43Z	fix(upgrade): clarify integrity and PATH status	Excluded by fork guardrail: network, telemetry, updater, or release-signing surface.
217b50d19ea0f575020c257c3c3e29131aea367c	2026-07-31T18:03:28Z	fix(cli): clarify index and SQL recovery	Deferred: no independently portable change selected from metadata; inspect diff if a concrete need arises.
32b2bbb5afef5be470854147246772c2a44a7e25	2026-07-31T18:08:55Z	fix(index): preserve pending and terminal semantic states	Deferred: architecture/product direction is outside this fork’s local CLI/importer scope.
56e376675d416cc506cc8ba32447c1616e57d8ab	2026-07-31T18:09:09Z	fix(cli): make integration conflicts actionable	Deferred: no independently portable change selected from metadata; inspect diff if a concrete need arises.
8d324805dc7e50f2d4c4d2b7796f10ebfa6a94eb	2026-07-31T18:30:15Z	fix(cli): enforce styled parser output boundaries	Deferred: no independently portable change selected from metadata; inspect diff if a concrete need arises.
767de97c0d093d8d5481b6d78c710b1ded6fd03a	2026-07-31T18:30:22Z	fix(cli): make fallback recovery copyable and actionable	Deferred: no independently portable change selected from metadata; inspect diff if a concrete need arises.
d31aa0e29531d8e5586ce200f02a3d8c93bbbc00	2026-07-31T18:30:27Z	fix(index): preserve lexical wait-state precedence	Deferred: no independently portable change selected from metadata; inspect diff if a concrete need arises.
e46dde7b6474fd12ae94149a23dce94dd38c3c59	2026-07-31T18:30:33Z	docs(telemetry): refresh upgrade source provenance	Excluded by fork guardrail: network, telemetry, updater, or release-signing surface.
c5a94a1c0089cdbda64acc668b7214eeadc0b2d5	2026-07-31T18:41:53Z	refactor(cli-ux): split observer process cleanup	Deferred: no independently portable change selected from metadata; inspect diff if a concrete need arises.
2071505b5b568c2cb84bdb237d4925576252fc58	2026-07-31T18:50:11Z	test(cli): split source index semantic fallback test	Deferred: architecture/product direction is outside this fork’s local CLI/importer scope.
55e03d2f51fa42abaf4579d5c3b3f8f256a2e14d	2026-07-31T18:50:52Z	test(cli): split upgrade release validation tests	Excluded by fork guardrail: network, telemetry, updater, or release-signing surface.
52c5a94e94777bc4663e6814489f76d3ec4e6f91	2026-07-31T18:52:52Z	refactor(cli): split dispatch finalization	Deferred: no independently portable change selected from metadata; inspect diff if a concrete need arises.
1d4ab430adc87a71754efbf2dd65a500cab66ef5	2026-07-31T18:59:55Z	fix(upgrade): avoid duplicate PATH diagnostics	Excluded by fork guardrail: network, telemetry, updater, or release-signing surface.
40ec9ab5c401ce5363be611efcdee82692932038	2026-07-31T19:05:20Z	fix(daemon): bound failed refresh diagnostics	Deferred: architecture/product direction is outside this fork’s local CLI/importer scope.
dd2bc64ba7bf8a0eda66063d0ac77c138d765495	2026-07-31T19:12:01Z	fix(referral): make country recovery concrete	Deferred: no independently portable change selected from metadata; inspect diff if a concrete need arises.
f6aa2af6142a1f6cc01a08ed01923f777ef3d8bc	2026-07-31T19:45:31Z	fix(referral): render service failures for humans	Deferred: no independently portable change selected from metadata; inspect diff if a concrete need arises.
bcfefd2b4c03d394b84562c4512fc76d2c2799b3	2026-07-31T19:48:49Z	fix(capture): retain complete structured provider bodies	Deferred: provider/import change not selected; no bounded, demonstrated fork gap established in this pass.
7333575c8014e905a8623bf4d06b660891237216	2026-07-31T19:49:18Z	test(capture): prove complete P-Z provider bodies	Deferred: provider/import change not selected; no bounded, demonstrated fork gap established in this pass.
05e936878ed09a5fd722c77343b94607a7feb8ff	2026-07-31T19:50:50Z	fix(capture): retain complete native JSONL bodies	Deferred: no independently portable change selected from metadata; inspect diff if a concrete need arises.
0f2b1647cf1a8e92b747e645c0727aa53fcc9c9f	2026-07-31T19:52:05Z	fix(history): retain complete J-O provider bodies	Deferred: provider/import change not selected; no bounded, demonstrated fork gap established in this pass.
35689ec288700274a7c8b218bc9956bcf76fa90b	2026-07-31T19:52:41Z	fix(daemon): report enabled service as not started	Deferred: architecture/product direction is outside this fork’s local CLI/importer scope.
b4850b34eb7d95af38bebd031d9aea9714ff3d33	2026-07-31T19:54:51Z	fix(doctor): humanize failed history diagnostics	Deferred: no independently portable change selected from metadata; inspect diff if a concrete need arises.
3e74148b46fb19a7e227c15711709e5edb948154	2026-07-31T19:57:13Z	test(capture): expect complete Kiro bodies	Deferred: no independently portable change selected from metadata; inspect diff if a concrete need arises.
d9f34364cd028037a3e686dec606d7ed1d88f6fb	2026-07-31T20:01:30Z	Complete normalized ingestion for A-H providers	Deferred: provider/import change not selected; no bounded, demonstrated fork gap established in this pass.
8d15c88cf6dfcbcd4ed297da643fe25f08ad573d	2026-07-31T20:01:44Z	fix(sources): keep human inventory width-safe	Deferred: no independently portable change selected from metadata; inspect diff if a concrete need arises.
f7d73aef33bb8d3b009bb9e1f8acf678662fd6ef	2026-07-31T20:03:38Z	feat: store self-contained Core records in Tantivy	Deferred: no independently portable change selected from metadata; inspect diff if a concrete need arises.
f5c00df569aad8996d016e1e7294e71ab03357bb	2026-07-31T20:05:13Z	fix(cli): make missing index recovery actionable	Deferred: no independently portable change selected from metadata; inspect diff if a concrete need arises.
d0f176cb8e34d7ff58a24dfe8a1d26728d78e690	2026-07-31T20:05:35Z	fix(cli): make semantic status recovery actionable	Deferred: architecture/product direction is outside this fork’s local CLI/importer scope.
76436f511783287ba7344c77ec0c6b9db88ea9af	2026-07-31T20:08:25Z	fix(pro): render trusted human errors	Deferred: no independently portable change selected from metadata; inspect diff if a concrete need arises.
87b2510d286e2c6120606b3e611264a851965a57	2026-07-31T20:12:38Z	test(pro): split human error coverage	Deferred: no independently portable change selected from metadata; inspect diff if a concrete need arises.
b9d9e96f753872afb4b80f4c8c1ee525ecd4085d	2026-07-31T20:24:40Z	perf(index): bound Core source page materialization	Deferred: no independently portable change selected from metadata; inspect diff if a concrete need arises.
92b704ef219e38c1ac799764672d99ab40e360e1	2026-07-31T20:33:30Z	feat(semantic): project complete Core records	Deferred: architecture/product direction is outside this fork’s local CLI/importer scope.
482a6b9b4922cf2489e3919d70481091929f8a79	2026-07-31T20:37:49Z	refactor(relational): project pinned Core metadata	Deferred: no independently portable change selected from metadata; inspect diff if a concrete need arises.
75bc48bb1a864561fd64c55f71f27a22195753c7	2026-07-31T20:53:12Z	Replace Pro source hydration with Core feed	Deferred: no independently portable change selected from metadata; inspect diff if a concrete need arises.
36e42dbd799c7af6d336b912b84bcca65bd1f7fe	2026-07-31T20:56:13Z	Cut search and show presentation over to Core	Deferred: no independently portable change selected from metadata; inspect diff if a concrete need arises.
1539c83bd4b0b6339fe08e805669dbb129ed860a	2026-07-31T20:57:56Z	feat(core): certify bounded repository attribution	Deferred: architecture/product direction is outside this fork’s local CLI/importer scope.
71fc08bb46c7d8c052c0b7fccd78dad94c2e170b	2026-07-31T20:58:32Z	perf(semantic): bound batched Core reads	Deferred: architecture/product direction is outside this fork’s local CLI/importer scope.
9a44db339af365ab4544a950c7496a52f7f9fd61	2026-07-31T21:04:19Z	refactor(refresh): consolidate core control seams	Deferred: no independently portable change selected from metadata; inspect diff if a concrete need arises.
fb131718c7a73a3744ccc6251b1af1fc191e39aa	2026-07-31T21:26:01Z	perf(index): bound source-local Core paging	Deferred: no independently portable change selected from metadata; inspect diff if a concrete need arises.
0490cba6f124e43b1f78bb20de7d6e1f2227621b	2026-07-31T21:27:29Z	fix(pro): make helper authoritative for catch-up	Deferred: no independently portable change selected from metadata; inspect diff if a concrete need arises.
8b13c9cb656fb1c83e637888f2a2395b731a2ea0	2026-07-31T21:26:45Z	refactor(refresh): replace resolver lifecycle with core engine	Deferred: no independently portable change selected from metadata; inspect diff if a concrete need arises.
0f5e6662d7dfe943b25430c6ba8021f2452dc0bd	2026-07-31T21:31:57Z	fix(index): complete source-order integration	Deferred: no independently portable change selected from metadata; inspect diff if a concrete need arises.
26f7907c27978d065c4992422f9f32aaf9809ea5	2026-07-31T21:32:47Z	fix(daemon): avoid immediate loop after Pro replay	Deferred: architecture/product direction is outside this fork’s local CLI/importer scope.
3765af51267b7f7eb557fdf78f908018c91d6482	2026-07-31T21:42:26Z	test(cli): migrate committed generation fixture	Deferred: architecture/product direction is outside this fork’s local CLI/importer scope.
02f00a2522645661593ee55f4be7e9e1202361cb	2026-07-31T21:55:34Z	fix(upgrade): report installed version after apply	Excluded by fork guardrail: network, telemetry, updater, or release-signing surface.
ccaff9d9bb62e9233ff760f07adf0be1e33c5ce0	2026-07-31T21:58:05Z	polish(cli): clarify pro and docs guidance	Deferred: no independently portable change selected from metadata; inspect diff if a concrete need arises.
685bf85aa271bb932c1521978e11cc295bfe78df	2026-07-31T21:57:48Z	feat(index): ingest self-contained Core records	Deferred: no independently portable change selected from metadata; inspect diff if a concrete need arises.
6079e48f65979ea3a3a7ef819ee0661e7e5c02aa	2026-07-31T21:59:58Z	fix(daemon): make not-started status actionable	Deferred: architecture/product direction is outside this fork’s local CLI/importer scope.
d0b48da34574b143c06bf9a84fc011033c7ae0f9	2026-07-31T22:02:42Z	test(sql): lock bounded preview command atom	Deferred: no independently portable change selected from metadata; inspect diff if a concrete need arises.
2e159553b93a8672f98f07e0da80a5e0550810c6	2026-07-31T22:03:03Z	polish(sources): humanize source formats	Deferred: no independently portable change selected from metadata; inspect diff if a concrete need arises.
2b3e6b9f8c30144454a9f3dc88ee2a3e6a35909c	2026-07-31T22:04:10Z	fix(index): avoid duplicate human diagnostics	Deferred: no independently portable change selected from metadata; inspect diff if a concrete need arises.
1fffc30e21bd938f8fa10836007a05d48e4cf039	2026-07-31T22:05:28Z	polish(blame): humanize relationship labels	Deferred: architecture/product direction is outside this fork’s local CLI/importer scope.
fc8ab671a01db217afdd62a683404a23ad772cb6	2026-07-31T22:06:27Z	polish(status): replace internal readiness codes	Deferred: no independently portable change selected from metadata; inspect diff if a concrete need arises.
6e4d60d892d972ef201c6dda4c5f64c6a10aafae	2026-07-31T22:06:52Z	polish(daemon): replace lifecycle jargon	Deferred: architecture/product direction is outside this fork’s local CLI/importer scope.
68a7352825e2773b7ca317c017dffe1f282c95f9	2026-07-31T22:14:22Z	feat(protocol): add typed repository status coverage	Excluded by fork guardrail: SDK/contracts/build or hosted-install/release/marketing surface.
f7fc4472de9033a4f3535495f3725b0ec8475ec1	2026-07-31T22:14:46Z	refactor(cli): delete retired locate and hydration paths	Deferred: no independently portable change selected from metadata; inspect diff if a concrete need arises.
ccf0c90b7ff55d642b3203afc7107d7c15e2bea4	2026-07-31T22:18:26Z	test(pro): provide repository coverage fixture	Deferred: no independently portable change selected from metadata; inspect diff if a concrete need arises.
e5b313d7a8cfb3ae4de0a224dbeb292402386632	2026-07-31T22:18:51Z	fix(cli): wrap human parser diagnostics	Deferred: no independently portable change selected from metadata; inspect diff if a concrete need arises.
fcfe7086c409318143cd335491c54a85e71ba86a	2026-07-31T22:21:23Z	test(blame): update humanized relationship goldens	Deferred: architecture/product direction is outside this fork’s local CLI/importer scope.
7af547a620fe4dae0fcb17180c1b54ee904d2e02	2026-07-31T22:22:24Z	test(status): align actionable path guidance	Deferred: no independently portable change selected from metadata; inspect diff if a concrete need arises.
5be61580ade7c33decf58680d4bb03ba84d4103d	2026-07-31T22:16:39Z	fix(cli): bound Core show presentation	Deferred: no independently portable change selected from metadata; inspect diff if a concrete need arises.
9fc897133a309351072f14468a2125ddcc9db833	2026-07-31T22:28:33Z	fix(show): bound session coordinate selection	Deferred: no independently portable change selected from metadata; inspect diff if a concrete need arises.
2762c87e7db55484cf867a32c4f819ffdce5b2ab	2026-07-31T22:50:08Z	fix(cli): preserve provider recovery command	Deferred: provider/import change not selected; no bounded, demonstrated fork gap established in this pass.
71525373039bccdcce2825811f6bfa64863c6ff5	2026-07-31T22:52:18Z	fix(index): bound generation manifest retention	Deferred: architecture/product direction is outside this fork’s local CLI/importer scope.
325f9c012333df76ba4f3d5efaee9d422caf0be8	2026-07-31T22:59:08Z	refactor(public): remove retired locator surfaces	Deferred: no independently portable change selected from metadata; inspect diff if a concrete need arises.
2394e670bca35b6cf2db1b225f07c5570e377932	2026-07-31T23:11:02Z	feat(history): capture certified repository outcomes	Deferred: no independently portable change selected from metadata; inspect diff if a concrete need arises.
2f43f2afeaa29c5e191c41983946b0e59210a7f1	2026-07-31T22:34:35Z	refactor(capture): cut shared transport to Core records	Deferred: no independently portable change selected from metadata; inspect diff if a concrete need arises.
a1a15e54427503f7ca6be243fbdce7525d467b26	2026-07-31T23:09:27Z	capture: project JSONL providers directly to core	Deferred: provider/import change not selected; no bounded, demonstrated fork gap established in this pass.
a36db3a8543430a8199479531abb73e1cf32efed	2026-07-31T23:02:41Z	refactor(custom): emit complete Core records directly	Deferred: no independently portable change selected from metadata; inspect diff if a concrete need arises.
1c64d7dcdd981c853e8759b506d8ac07b021252c	2026-07-31T23:14:26Z	refactor(capture): project OpenHands and Shelley directly to Core	Deferred: no independently portable change selected from metadata; inspect diff if a concrete need arises.
6d277ae146533da265b979ec2dfcf6b3cf31fd9e	2026-07-31T23:08:50Z	perf(pro): batch bounded Core materialization pages	Deferred: no independently portable change selected from metadata; inspect diff if a concrete need arises.
2410169bfff9c2efb87ad2b904340017ced05b44	2026-07-31T23:10:45Z	fix(relational): publish projections atomically	Deferred: no independently portable change selected from metadata; inspect diff if a concrete need arises.
fad93394240d3a7e124dc5fd000787ed9add472f	2026-07-31T23:19:57Z	fix(core): complete direct-record migration seams	Deferred: no independently portable change selected from metadata; inspect diff if a concrete need arises.
6f8a7ac3a88ecd1a6d379bc9679cce688fd6dad6	2026-07-31T23:27:36Z	refactor(sdk): remove final locator operations	Excluded by fork guardrail: SDK/contracts/build or hosted-install/release/marketing surface.
dbe98485dcca8b73c395441d66ec3114d2c25c84	2026-07-31T23:27:07Z	refactor(capture): emit AstrBot and Lingma Core records	Deferred: no independently portable change selected from metadata; inspect diff if a concrete need arises.
32669f00675fe52182c120a4dec2d25de721c509	2026-07-31T23:30:47Z	fix(pro): transport escaped maximum Core records	Deferred: no independently portable change selected from metadata; inspect diff if a concrete need arises.
917c13adaec92b392e3a5617955990842c6d3f7f	2026-07-31T23:35:06Z	Bound Core query hot paths	Deferred: no independently portable change selected from metadata; inspect diff if a concrete need arises.
af136def24f701e11c8e050bd729e2f46d5d97c9	2026-07-31T23:38:56Z	refactor(capture): emit Core records from document providers	Deferred: provider/import change not selected; no bounded, demonstrated fork gap established in this pass.
0b1749cc55b1230631dd3d5a268b2099cbb1a385	2026-07-31T23:42:12Z	fix(capture): complete document provider Core cutover	Deferred: provider/import change not selected; no bounded, demonstrated fork gap established in this pass.
06050980064646f292927fa9317196e686de8e12	2026-07-31T23:45:32Z	refactor(capture): emit Crush and Zed Core records	Deferred: no independently portable change selected from metadata; inspect diff if a concrete need arises.
cf4ddda7c312529fe9a5334e29f2954b22f155da	2026-07-31T23:50:26Z	fix(capture): close direct SQLite provider seams	Deferred: provider/import change not selected; no bounded, demonstrated fork gap established in this pass.
4f45a2786e0a96f2a934683abb1de79fdbb270fb	2026-07-31T23:53:11Z	refactor(codex): emit self-contained Core records	Deferred: provider/import change not selected; no bounded, demonstrated fork gap established in this pass.
6881bdff502029635734dcaf7c899dd141c575f2	2026-07-31T23:53:25Z	feat(core): fail closed Cursor and Gemini repository evidence	Deferred: provider/import change not selected; no bounded, demonstrated fork gap established in this pass.
6f09109ac2759e52a8c5eb89db57cd81ddc0312e	2026-07-31T23:54:50Z	feat(capture): attribute Claude and OpenClaw repositories	Deferred: provider/import change not selected; no bounded, demonstrated fork gap established in this pass.
f03b00280adff700d1bcb1e3672fcf40ce30a767	2026-08-01T00:07:36Z	refactor(core): remove source hydration contract	Excluded by fork guardrail: SDK/contracts/build or hosted-install/release/marketing surface.
6d8fb826ccf5812aa73a3a7d61b468fd1407fc96	2026-08-01T00:11:06Z	test(protocol): regenerate current Core inventory	Excluded by fork guardrail: SDK/contracts/build or hosted-install/release/marketing surface.
55a8ef59727e31225a1aa49508eae1a47bfe7c19	2026-08-01T00:10:26Z	fix(query): stream semantic turn pairing	Deferred: architecture/product direction is outside this fork’s local CLI/importer scope.
f5b5deb496dc31be7f2ed48f23f3519ebccc9e7a	2026-08-01T00:17:41Z	fix(cli): hide data root env value in help	Deferred: no independently portable change selected from metadata; inspect diff if a concrete need arises.
a835a738ff5bdd6f2f94ae7bde7914eda689d420	2026-08-01T00:18:16Z	refactor(capture): remove complete-content architecture	Deferred: no independently portable change selected from metadata; inspect diff if a concrete need arises.
d7fbea213f2e44813f7ba5663656072219cceda1	2026-08-01T00:22:38Z	fix(index): deduplicate wait timeout snapshots	Deferred: no independently portable change selected from metadata; inspect diff if a concrete need arises.
ba7aafa0a9a5fa797e34664e0cc719d9b26ac1d9	2026-08-01T00:26:17Z	fix(capture): retain oversized record across test callback	Deferred: no independently portable change selected from metadata; inspect diff if a concrete need arises.
2792126ae01f114666eec39607d8620bb6daf0bc	2026-08-01T00:26:32Z	fix(cli): align daemon status field tables	Deferred: architecture/product direction is outside this fork’s local CLI/importer scope.
b393d8c084f961d146b1b00f215741783827a1c6	2026-08-01T00:29:13Z	fix(pro): emit stable JSON errors	Deferred: no independently portable change selected from metadata; inspect diff if a concrete need arises.
ff1a7616ecbe1bf4a46f99b34b47e52990cbd64f	2026-08-01T00:31:00Z	docs(cli): define Pro JSON error envelope	Deferred: no independently portable change selected from metadata; inspect diff if a concrete need arises.
b5b20c4c2026c8c8b2923fd7e2579f5e0a2a759a	2026-08-01T00:34:30Z	fix(semantic): update daemon Core fixtures	Deferred: architecture/product direction is outside this fork’s local CLI/importer scope.
eadead613a8a0f7febc797e671b751e5088f176a	2026-08-01T00:34:53Z	fix repository attribution fail-closed boundaries	Deferred: architecture/product direction is outside this fork’s local CLI/importer scope.
8e1c2ff6badc71f3e12dd5029f3425a27edc231b	2026-08-01T00:37:29Z	test(pro): split terminal error contract tests	Excluded by fork guardrail: SDK/contracts/build or hosted-install/release/marketing surface.
6cd76dcbba43b5675c1b368c14b1910cea34a765	2026-08-01T00:40:08Z	refactor(capture): prune obsolete provider infrastructure	Deferred: provider/import change not selected; no bounded, demonstrated fork gap established in this pass.
1fd1492090b16252d6099d2ae39fd4a28c5c9e99	2026-08-01T00:44:03Z	test(protocol): regenerate Core revision 3 inventory	Excluded by fork guardrail: SDK/contracts/build or hosted-install/release/marketing surface.
05cab0aac930e53b47b5611b2936a0ef966e9214	2026-08-01T00:45:36Z	refactor(capture): remove dead non-tier provider code	Deferred: provider/import change not selected; no bounded, demonstrated fork gap established in this pass.
95241a1c12f2c884c270f634ba9ff634a1fdc860	2026-08-01T00:49:54Z	docs(cli): describe self-contained Core paths	Deferred: no independently portable change selected from metadata; inspect diff if a concrete need arises.
44bdf564b1c541e9da0b01e234b16b89e5bf0a2c	2026-08-01T00:52:53Z	Remove dead SQLite provider capture paths	Deferred: provider/import change not selected; no bounded, demonstrated fork gap established in this pass.
51754fda62dbbf1b1f0b8983300d6a766a649370	2026-08-01T00:54:10Z	refactor(core): remove final content locator seams	Deferred: no independently portable change selected from metadata; inspect diff if a concrete need arises.
94f356db6e5ae394a95539531831bfb7dd771556	2026-08-01T01:00:18Z	docs(core): remove locator-era content terminology	Deferred: no independently portable change selected from metadata; inspect diff if a concrete need arises.
71c08676d78e9cd363e7164d6b7c7623d6041f16	2026-08-01T01:01:20Z	fix(query): bound segment paging and authenticate metadata	Deferred: no independently portable change selected from metadata; inspect diff if a concrete need arises.
f920635495fab0001ebea08b90ed13e63a3a17bd	2026-08-01T01:09:57Z	refactor(capture): remove dead provider read-time helpers	Deferred: provider/import change not selected; no bounded, demonstrated fork gap established in this pass.
b31afd34f5c3f05853582d68711fb5a26cb9f3c9	2026-08-01T01:09:12Z	refactor(capture): prune obsolete provider test support	Deferred: provider/import change not selected; no bounded, demonstrated fork gap established in this pass.
1d61a3f84a1cb8dc3203facb3e3401b3d7e6eef3	2026-08-01T01:12:56Z	chore(test): name self-contained Core contracts directly	Excluded by fork guardrail: SDK/contracts/build or hosted-install/release/marketing surface.
34bb700787e3d23e954512a3f0f64fc0a40924f8	2026-08-01T01:15:13Z	fix(test): wait on Core refresh endpoint	Deferred: no independently portable change selected from metadata; inspect diff if a concrete need arises.
8a13746fc00fb19c3c400493c795e9109a8b3afb	2026-08-01T01:18:07Z	refactor(nanoclaw): remove obsolete warning scaffolding	Deferred: no independently portable change selected from metadata; inspect diff if a concrete need arises.
6dc1ca25f2e666a22d91ed7840f4af0c0b2ab587	2026-08-01T01:18:26Z	refactor(capture): remove obsolete Core test infrastructure	Deferred: no independently portable change selected from metadata; inspect diff if a concrete need arises.
5668170d13fb4ef400fd62577e4c8dcb9939efde	2026-08-01T01:22:23Z	refactor(capture): close provider dead-code warnings	Deferred: provider/import change not selected; no bounded, demonstrated fork gap established in this pass.
c47d424c634e036849f06a1586cd54b8ea2f858a	2026-08-01T01:26:10Z	fix(claude): retain exact per-result outcomes	Deferred: provider/import change not selected; no bounded, demonstrated fork gap established in this pass.
603440013af9f85f990daf82e379e69b5490a7b0	2026-08-01T01:26:17Z	fix(cli): make SQL recovery terminal-safe	Deferred: no independently portable change selected from metadata; inspect diff if a concrete need arises.
8ab10800007fc364fd810d6b580d13800bfc1e83	2026-08-01T01:28:27Z	test(astrbot): assert provider-native Core identity	Excluded by fork guardrail: network, telemetry, updater, or release-signing surface.
66741598eac699df16d62e0d27cf38bf86c67a33	2026-08-01T01:29:18Z	fix(daemon): make persistence caveat actionable	Deferred: architecture/product direction is outside this fork’s local CLI/importer scope.
5d6400f12bb5fbd9e881969ca7606b37be274c6c	2026-08-01T01:31:03Z	fix(cli): trim styled help line endings	Deferred: no independently portable change selected from metadata; inspect diff if a concrete need arises.
e96cf62bb5811ed6a7db1c88a473fd25b6d3606d	2026-08-01T01:32:37Z	chore(index): satisfy strict query linting	Deferred: no independently portable change selected from metadata; inspect diff if a concrete need arises.
a935fb1f35cafde26176595231fba456f8bbb4ed	2026-08-01T01:34:16Z	chore(capture): satisfy strict provider linting	Deferred: provider/import change not selected; no bounded, demonstrated fork gap established in this pass.
e58ad1464f9afe903e5d264d3adc4c70a392db00	2026-08-01T01:35:04Z	fix(cli): align SQL truncation guidance	Deferred: no independently portable change selected from metadata; inspect diff if a concrete need arises.
358da20f7bd7fbfd5f2bcdd8cda6e3dd11ad87e4	2026-08-01T01:40:36Z	fix(capture): expose provider fixtures to Bazel tests	Excluded by fork guardrail: SDK/contracts/build or hosted-install/release/marketing surface.
92193d477c5b71f83263e70a6f81af26f959eef4	2026-08-01T01:46:54Z	chore(cli): satisfy strict workspace linting	Deferred: no independently portable change selected from metadata; inspect diff if a concrete need arises.
f53374c09fbc7ac32d4c88ef20765f3b334da0d9	2026-08-01T01:48:57Z	fix(capture): retain independent repository evidence	Deferred: no independently portable change selected from metadata; inspect diff if a concrete need arises.
c1934ec99db68395283a4eeaea1087e92709d92b	2026-08-01T01:52:20Z	fix(pro): preserve granular status readiness	Deferred: no independently portable change selected from metadata; inspect diff if a concrete need arises.
26eb4b786a6473cb3caa5448e55aadab8688c34a	2026-08-01T01:51:40Z	fix(capture): revalidate Git cache geometry	Deferred: no independently portable change selected from metadata; inspect diff if a concrete need arises.
f9e5c6dafecbd2c9fddd167f10d62ccd5cc3ae9f	2026-08-01T02:06:09Z	fix(capture): support Windows Git cache geometry	Deferred: no independently portable change selected from metadata; inspect diff if a concrete need arises.
b09e53e3802d0921abf0c5f68a110e0545cb74c0	2026-08-01T01:57:42Z	refactor(capture): remove transient output architecture	Deferred: no independently portable change selected from metadata; inspect diff if a concrete need arises.
bfb835f3a6fb63e8986deab80a6973cb75ddeb04	2026-08-01T02:05:36Z	refactor(capture): drop Gemini publisher compatibility	Deferred: provider/import change not selected; no bounded, demonstrated fork gap established in this pass.
b0fd42df7fb46b91f8efbf1dec0b22ea3803a155	2026-08-01T02:07:35Z	fix(cursor): preserve Core fidelity and stable identity	Excluded by fork guardrail: network, telemetry, updater, or release-signing surface.
70f2cb4925aa6db02e3b7bf4ca0383b9246e5261	2026-08-01T01:51:37Z	docs: remove retired locator guidance	Deferred: no independently portable change selected from metadata; inspect diff if a concrete need arises.
f8bb3969398220c9de3cbf568dca4df4a1218ab6	2026-08-01T02:10:31Z	docs: finish Core architecture terminology	Deferred: no independently portable change selected from metadata; inspect diff if a concrete need arises.
21c60dbfe38d6dd0a5d12630db2fa8ac173bd497	2026-08-01T02:10:13Z	fix(codex): stabilize source-backed event identity	Excluded by fork guardrail: network, telemetry, updater, or release-signing surface.
eab7d81b5b483bd0ed5ad73db4cce149bd0ebf58	2026-08-01T02:12:51Z	docs(core): require complete tool content	Deferred: no independently portable change selected from metadata; inspect diff if a concrete need arises.
cd85da0bc27f8990ca4f55bfdc5adc9526758aea	2026-08-01T02:12:44Z	refactor(core): remove dead locator metadata	Deferred: no independently portable change selected from metadata; inspect diff if a concrete need arises.
80999522de4e94f76e096382d4582a9ae8c3ee33	2026-08-01T02:18:41Z	fix(capture): retain provider repository identity	Excluded by fork guardrail: network, telemetry, updater, or release-signing surface.
9b6afde7d966b6f4250f27e11932905f9fe30b24	2026-08-01T02:18:35Z	fix(index): bind generations to exact Core records	Deferred: architecture/product direction is outside this fork’s local CLI/importer scope.
98361a8ecfb555509a180bea78c50c73487f021c	2026-08-01T02:06:14Z	fix(capture): grace automatic source deletion	Deferred: no independently portable change selected from metadata; inspect diff if a concrete need arises.
9274a5968377ef6dd89b6021dbf0ef242d3ab391	2026-08-01T01:58:48Z	fix(query): bound lexical query work	Deferred: no independently portable change selected from metadata; inspect diff if a concrete need arises.
c916c7a4d328071244a4cb99b284866fa284707b	2026-08-01T02:11:42Z	fix(sdk): align public Core history contract	Excluded by fork guardrail: SDK/contracts/build or hosted-install/release/marketing surface.
480a91f1b4f289535f328c90d62baf466dfcf803	2026-08-01T02:31:06Z	fix(index): tolerate transient preflight lock handoff	Deferred: no independently portable change selected from metadata; inspect diff if a concrete need arises.
3f8ca2a756b84a42346ec7511b2b3840ee14f086	2026-08-01T02:30:52Z	fix(capture): stabilize provider outcome linkage	Deferred: provider/import change not selected; no bounded, demonstrated fork gap established in this pass.
60e243b070bac19a2974127e290907a0f4f76d10	2026-08-01T02:35:18Z	fix(capture): reconcile provider outcome integration	Deferred: provider/import change not selected; no bounded, demonstrated fork gap established in this pass.
d54680f983e2cadf48bcfeaba534207af161c01e	2026-08-01T02:40:58Z	fix(capture): retain complete normalized Core content	Deferred: no independently portable change selected from metadata; inspect diff if a concrete need arises.
598944f9a93ea188edb663bc6945f89d5adae662	2026-08-01T02:48:13Z	test(capture): align Core attribution and fd checks	Deferred: architecture/product direction is outside this fork’s local CLI/importer scope.
9baed75ed47271c4288dca03acd8605d78971f57	2026-08-01T02:49:38Z	fix(cursor): stabilize duplicate occurrence identity	Excluded by fork guardrail: network, telemetry, updater, or release-signing surface.
d337015f51bec5fcb4bd78dcb5c391ee653a8bf4	2026-08-01T02:54:14Z	refactor(codex): simplify cold ingestion interfaces	Deferred: provider/import change not selected; no bounded, demonstrated fork gap established in this pass.
3607c0c60f4c2446df81cc5aa75df5767d1b56e4	2026-08-01T02:56:37Z	build(cli): include Core fixture digest dependency	Deferred: no independently portable change selected from metadata; inspect diff if a concrete need arises.
8e44950270ed8431571a2432557dd2867dae7eae	2026-08-01T03:05:50Z	fix(core): align generation consumers and test gates	Deferred: architecture/product direction is outside this fork’s local CLI/importer scope.
c5ba0a9ca49385f2e1876f1fefa1758a4cd30ccd	2026-08-01T03:21:25Z	test(cli): align Core daemon and retrieval contracts	Excluded by fork guardrail: SDK/contracts/build or hosted-install/release/marketing surface.
d2e7b27b0f42bbb5eaf24b55fa3ee412136ca910	2026-08-01T03:18:35Z	refactor(capture): split repository attribution modules	Deferred: architecture/product direction is outside this fork’s local CLI/importer scope.
b3c124133629188f98d683f6942dccb8b67806c6	2026-08-01T03:21:11Z	test(cli): align self-contained Core contracts	Excluded by fork guardrail: SDK/contracts/build or hosted-install/release/marketing surface.
03ae7bddf2002d02e76a16fe6286f77bdcf1e5a6	2026-08-01T03:23:26Z	test(codex): expect retained command outputs	Deferred: provider/import change not selected; no bounded, demonstrated fork gap established in this pass.
dbd9499607b8296e6838157d6df89850628bfb8c	2026-08-01T03:26:29Z	refactor(cli): split LOC-bound modules	Deferred: no independently portable change selected from metadata; inspect diff if a concrete need arises.
5a0890ff92b36f6ca72961358723262c992fb717	2026-08-01T03:35:08Z	refactor(semantic): remove Store-era document fields	Deferred: architecture/product direction is outside this fork’s local CLI/importer scope.
f228a63929610481ae8852feaf3542701de7422f	2026-08-01T03:42:49Z	fix(core): preserve custom source identity filters	Excluded by fork guardrail: network, telemetry, updater, or release-signing surface.
0dd97e8a7f446c3e06129208b51a2cb0b1127df0	2026-08-01T03:38:06Z	refactor(core): split contract and rename root fingerprint	Excluded by fork guardrail: SDK/contracts/build or hosted-install/release/marketing surface.
691c884f66df834bc69d2ed9ccabf7180c6e6efe	2026-08-01T03:39:28Z	fix source refresh coordination bounds	Deferred: no independently portable change selected from metadata; inspect diff if a concrete need arises.
b834a1fc86b1fc62c643313c405670211337390d	2026-08-01T03:40:07Z	fix: align public Core consumer contracts	Excluded by fork guardrail: SDK/contracts/build or hosted-install/release/marketing surface.
76b3cb5aac9e7797b985cb62bef933f211480a1a	2026-08-01T03:44:11Z	test(sql): align exact Core sequence values	Deferred: no independently portable change selected from metadata; inspect diff if a concrete need arises.
c142fafefc26327c3b069bed7d32180651d4e1ef	2026-08-01T03:51:20Z	Merge remote-tracking branch 'origin/main' into ctx/self-contained-core-architecture-20260731	Deferred: no independently portable change selected from metadata; inspect diff if a concrete need arises.
37aff41251ac463cfbc841e01cead2107747412d	2026-08-01T03:55:16Z	fix(cli): reconcile Core lookup UX after main merge	Deferred: no independently portable change selected from metadata; inspect diff if a concrete need arises.
801669999c1734e98f0a62de4dcd7258727e3b71	2026-08-01T03:16:27Z	refactor(index): split query modules for LOC gate	Deferred: no independently portable change selected from metadata; inspect diff if a concrete need arises.
6b4f74b658b5c4f35b9c8dd9ed1db1b1ba173e4d	2026-08-01T03:51:45Z	fix(index): publish only verified generations	Deferred: architecture/product direction is outside this fork’s local CLI/importer scope.
86274dd8dc714a20d9fc2270fc53e01f62fe8ee3	2026-08-01T03:55:54Z	fix(index): hydrate touched files from Core records	Deferred: no independently portable change selected from metadata; inspect diff if a concrete need arises.
3954f49c4d11623e9fa19be7f481733a6c680fd0	2026-08-01T03:15:41Z	refactor(capture): split tier-one provider adapters	Deferred: provider/import change not selected; no bounded, demonstrated fork gap established in this pass.
6a40709c84fa3b8b072fd0e171a7114b3e1650bb	2026-08-01T04:01:45Z	fix(capture): preserve bounded provider linkage semantics	Deferred: architecture/product direction is outside this fork’s local CLI/importer scope.
45baf3f5a3d85fc1139696ba636bb1cee0768527	2026-08-01T04:08:08Z	fix(core): bind status and refresh to active generation	Deferred: architecture/product direction is outside this fork’s local CLI/importer scope.
214fd473998ce4ac6cfbef14ac57ebbfa74b32cf	2026-08-01T04:10:57Z	refactor(core): remove legacy generation migration	Deferred: architecture/product direction is outside this fork’s local CLI/importer scope.
206732674195cf5ef7c89c0549c2211431fde8e5	2026-08-01T04:12:44Z	test(index): update generation publication fault harness	Deferred: architecture/product direction is outside this fork’s local CLI/importer scope.
0af6f9a92277ae4f9d543d0a81dccd4335c83f34	2026-08-01T04:19:50Z	fix(core): use active generation across consumers	Deferred: architecture/product direction is outside this fork’s local CLI/importer scope.
0f5fbd0b9ad62bfd52fd468a675863360201d45e	2026-08-01T04:15:26Z	feat(pro): add bounded core event deltas	Deferred: no independently portable change selected from metadata; inspect diff if a concrete need arises.
9f4b4210868e6c5673986b0f6807f0559b0f7c20	2026-08-01T04:23:49Z	test(pro): complete event-delta cutover	Deferred: no independently portable change selected from metadata; inspect diff if a concrete need arises.
dee48b272f9ed348739d4cc7c139ec3a01f8b9d6	2026-08-01T04:32:13Z	test(core): align missing-generation expectations	Deferred: architecture/product direction is outside this fork’s local CLI/importer scope.
3630a78d7eda926025e45a13cf0e150a67fcd088	2026-08-01T04:35:27Z	test: follow active generation publication layout	Deferred: architecture/product direction is outside this fork’s local CLI/importer scope.
011ab7d61ec4a7efd14aa7f13150d6d07d0d680b	2026-08-01T04:44:36Z	Fix relational projection catch-up correctness	Deferred: no independently portable change selected from metadata; inspect diff if a concrete need arises.
3e883a0b315c935709b8ee3fc7842df74bba4180	2026-08-01T04:45:29Z	fix(capture): harden repository shell outcomes	Deferred: no independently portable change selected from metadata; inspect diff if a concrete need arises.
ece99fa90293506253b0d02a0ec1909c2f184087	2026-08-01T04:54:17Z	fix(pro): bind source selection to Core records	Deferred: no independently portable change selected from metadata; inspect diff if a concrete need arises.
2d5ef4777743f0f0a5163e673ecabd898c02ccb7	2026-08-01T04:51:14Z	fix(index): bound identity memory and no-op integrity	Excluded by fork guardrail: network, telemetry, updater, or release-signing surface.
3fd77bffb01357533fb427d5c5aef06df7c4afda	2026-08-01T05:02:11Z	fix provider-neutral repository contracts	Excluded by fork guardrail: SDK/contracts/build or hosted-install/release/marketing surface.
ee9f1f4648aa528d77fbd7567f4a3aa996d647d9	2026-08-01T05:03:13Z	refactor(core): remove residual lexical surface	Deferred: no independently portable change selected from metadata; inspect diff if a concrete need arises.
aec87c9871904f71d7ae0fb127363e459eebcd96	2026-08-01T05:02:38Z	fix(codex): accept direct MCP tool results	Deferred: provider/import change not selected; no bounded, demonstrated fork gap established in this pass.
6745c435f7748286ddb36c3f98f824d7756261da	2026-08-01T05:05:52Z	fix(capture): bound Claude and OpenClaw results	Deferred: provider/import change not selected; no bounded, demonstrated fork gap established in this pass.
92d12f55ca68741fbca21b09317c898e66ba7adb	2026-08-01T05:17:58Z	fix(protocol): cut over Core repository contract	Excluded by fork guardrail: SDK/contracts/build or hosted-install/release/marketing surface.
1a5afbddebd85117f3853827422cda179de4c93c	2026-08-01T05:24:47Z	fix(capture): preserve provider result completeness	Deferred: provider/import change not selected; no bounded, demonstrated fork gap established in this pass.
11c647704322f73c03aeed5e2dcbb07fc15c5f30	2026-08-01T05:53:45Z	refactor(import): return after Core publication	Deferred: provider/import change not selected; no bounded, demonstrated fork gap established in this pass.
32abc93a13b1d5e68572d2bc717d89c11fa8a37e	2026-08-01T05:59:49Z	refactor(index): compact Core document storage	Deferred: no independently portable change selected from metadata; inspect diff if a concrete need arises.
e8ec7dfdaf570ba05a85d9270d5c9502fa8e3aa4	2026-08-01T06:00:12Z	perf(index): make publication verification structural	Deferred: no independently portable change selected from metadata; inspect diff if a concrete need arises.
163728911e21e4b8a6d071f1c1fbfcc5b0d216a7	2026-08-01T06:08:22Z	test(index): preserve no-op mutation contract	Excluded by fork guardrail: SDK/contracts/build or hosted-install/release/marketing surface.
8f0d151ee244127761363b91d95dd1ba093566c0	2026-08-01T06:11:23Z	perf(index): compress Core records with zstd	Deferred: no independently portable change selected from metadata; inspect diff if a concrete need arises.
78ef438e8066eceea8be3d828ff26c68d1ea7bc9	2026-08-01T06:15:31Z	build(release): remove Tantivy lz4 feature	Deferred: no independently portable change selected from metadata; inspect diff if a concrete need arises.
b98c877a4949fbeefaba91c3bb2182ced83d7710	2026-08-01T06:17:29Z	fix(index): validate selected storage settings	Deferred: no independently portable change selected from metadata; inspect diff if a concrete need arises.
cbde71e2f12054614702bdb8c82eaafb06099977	2026-08-01T06:18:11Z	perf(relational): catch up live projection in place	Deferred: no independently portable change selected from metadata; inspect diff if a concrete need arises.
7fa21334e075d0f6e43d98f7e6d7db63435322ec	2026-08-01T06:19:29Z	Compact relational projection schema v8	Deferred: no independently portable change selected from metadata; inspect diff if a concrete need arises.
abf2218a6e378cf8e471da0e338fafd58ac6cdf5	2026-08-01T06:25:14Z	test(relational): certify fixture parser revision	Deferred: no independently portable change selected from metadata; inspect diff if a concrete need arises.
af83f32ab76c6dbd3d5b1de40de4ec08eaa4699e	2026-08-01T06:25:56Z	docs(core): describe asynchronous derived catch-up	Deferred: no independently portable change selected from metadata; inspect diff if a concrete need arises.
cbf3f7d5f462e3ea0c0c50f18b004d0719182af6	2026-08-01T06:42:17Z	Remove retired relational schema fallback	Deferred: no independently portable change selected from metadata; inspect diff if a concrete need arises.
03b19180a74f3750da875789a5d46c53eddef173	2026-08-01T06:50:38Z	fix(pro): query latest committed Pro generation	Deferred: architecture/product direction is outside this fork’s local CLI/importer scope.
1f8d741921f30732ae367499ea2ffa2214b631e1	2026-08-01T06:56:46Z	perf(index): bound semantic Core paging	Deferred: architecture/product direction is outside this fork’s local CLI/importer scope.
b406d2ccb72cb95192c9f76e67299b7f90f50131	2026-08-01T06:57:18Z	fix(cursor): fail closed on tool path overflow	Deferred: provider/import change not selected; no bounded, demonstrated fork gap established in this pass.
8fbdb731f015095ca7a4ddfe38c4f4f9745f3262	2026-08-01T06:57:55Z	fix(index): rebuild incompatible generations from sources	Deferred: architecture/product direction is outside this fork’s local CLI/importer scope.
156242564a148e90581fbe658d2c8d1ccce8390d	2026-08-01T06:59:00Z	fix(claude): retain complete content block records	Deferred: provider/import change not selected; no bounded, demonstrated fork gap established in this pass.
2bc4880c4c3c65f6ebfd2d25b2e456e6bba71dc9	2026-08-01T07:03:40Z	fix(relational): consume Core manifest v6	Deferred: no independently portable change selected from metadata; inspect diff if a concrete need arises.
6ed2abd641d11d3a0f64cdb89ace8d14a566be0b	2026-08-01T07:04:05Z	refactor(capture): centralize Core publication authority	Deferred: no independently portable change selected from metadata; inspect diff if a concrete need arises.
00a9faf72aa83b2f26e3bc0153c655c0675313d2	2026-08-01T07:05:41Z	style(capture): format source-backed exports	Deferred: architecture/product direction is outside this fork’s local CLI/importer scope.
58dfaccf5c32e47f80a91f10dad808e787247d5f	2026-08-01T07:13:33Z	perf(index): restore LZ4 Core docstore	Deferred: no independently portable change selected from metadata; inspect diff if a concrete need arises.
01504abc75902b6912dc279478464fda25a3d7e2	2026-08-01T07:23:32Z	fix(core): align public surfaces with self-contained authority	Deferred: no independently portable change selected from metadata; inspect diff if a concrete need arises.
d0b98b1657eb3f9fbae3954b665ba9374ed8ed80	2026-08-01T07:28:43Z	test(index): model incompatible Zstd settings	Deferred: no independently portable change selected from metadata; inspect diff if a concrete need arises.
b04557b3ae4e41735d4779d239ffc8a1146b90e8	2026-08-01T07:42:09Z	test(index): align recovery coverage with LZ4 settings	Deferred: no independently portable change selected from metadata; inspect diff if a concrete need arises.
1c3c7c366a4859d6eaaf6c64a5485b126a8b30c6	2026-08-01T07:52:08Z	refactor(capture): remove legacy custom history cursors	Deferred: provider/import change not selected; no bounded, demonstrated fork gap established in this pass.
f7f76b4ca397bfbfa2535ca65de7651c04effa8d	2026-08-01T07:53:41Z	fix(index): defer post-publication cleanup failures	Deferred: no independently portable change selected from metadata; inspect diff if a concrete need arises.
f6c1e31f04e91a3a01d4dc6bdd9ce1e146ddbd03	2026-08-01T07:59:45Z	perf(semantic): index projection reuse lookups	Deferred: architecture/product direction is outside this fork’s local CLI/importer scope.
064e7c5cd57f497276f436e2426e3417a5004a7b	2026-08-01T08:00:21Z	fix(sql): reject stale projection without Core	Deferred: no independently portable change selected from metadata; inspect diff if a concrete need arises.
d3652d03a38459f3ee2586874dffea69e70658c8	2026-08-01T08:00:59Z	fix(daemon): continue semantic catch-up pages	Deferred: architecture/product direction is outside this fork’s local CLI/importer scope.
a6210dcd222fe8937bef9b8e3e0a389b6df766ec	2026-08-01T08:05:59Z	fix(search): bound Core result hydration	Deferred: no independently portable change selected from metadata; inspect diff if a concrete need arises.
d67962afc0bf4d42d37787fd4dc3a5e35374b89e	2026-08-01T08:08:50Z	perf(index): bound session coordinate ranges	Deferred: no independently portable change selected from metadata; inspect diff if a concrete need arises.
89cae027e2a9790e6866d375c3532fb2db2dfd3f	2026-08-01T08:12:56Z	perf(index): use measured 32KiB LZ4 blocks	Deferred: no independently portable change selected from metadata; inspect diff if a concrete need arises.
96bb91b4c794e475f59c063a30c81ec57a6ec529	2026-08-01T08:14:03Z	test(claude): cover complete large tool arguments	Deferred: provider/import change not selected; no bounded, demonstrated fork gap established in this pass.
63f83e0d51504bed23b474efc6d94fdece15f576	2026-08-01T08:18:11Z	fix(capture): preserve exact repository attribution	Deferred: architecture/product direction is outside this fork’s local CLI/importer scope.
1d30649a6c48abd65bc5fcdc5476af23c01519d5	2026-08-01T08:23:49Z	test(cli): satisfy raw output scanner lint	Deferred: no independently portable change selected from metadata; inspect diff if a concrete need arises.
738840632771676da91612aa9567f54891175cd3	2026-08-01T08:30:25Z	test(cli): refresh raw output policy inventory	Deferred: no independently portable change selected from metadata; inspect diff if a concrete need arises.
2a6cd26c0ec3e8b3d15f8186e00cce70f7e9c0a3	2026-08-01T08:50:06Z	perf(search): batch bounded Core hydration	Deferred: no independently portable change selected from metadata; inspect diff if a concrete need arises.
84c319a53c4e5f3dba9c43ebc8bb07ac4e801421	2026-08-01T08:50:06Z	chore(lint): clean integrated provider and UI code	Deferred: provider/import change not selected; no bounded, demonstrated fork gap established in this pass.
3b3019e569c6d30aa8a20402f6906679fbb1ad6e	2026-08-01T09:02:40Z	fix(capture): certify provider parser revisions	Deferred: provider/import change not selected; no bounded, demonstrated fork gap established in this pass.
2afa456b487b19e78936fc72b902f7d8a00e7524	2026-08-01T09:02:40Z	test(cli): align Core search and SQL integration	Deferred: no independently portable change selected from metadata; inspect diff if a concrete need arises.
92aab5c1bc353908e6a86887c38b6ed17a43b01a	2026-08-01T09:05:26Z	test(capture): complete Bazel fixture and lint coverage	Excluded by fork guardrail: SDK/contracts/build or hosted-install/release/marketing surface.
8342b8794be10bacd3580c41b0f7640bf3080e25	2026-08-01T09:34:39Z	refactor(core): close final integration gates	Deferred: no independently portable change selected from metadata; inspect diff if a concrete need arises.
824510070315068359eee89220baa1db0612c164	2026-08-01T09:44:47Z	test(cli): align status assertions with terminal state	Deferred: no independently portable change selected from metadata; inspect diff if a concrete need arises.
341776ed124a7ad680f9f5f00068f1f6f3950987	2026-08-01T09:47:25Z	test(cli): wait for relational status convergence	Deferred: no independently portable change selected from metadata; inspect diff if a concrete need arises.
18a62c682508925705c51799ef898e7215834785	2026-08-01T09:50:07Z	Merge pull request #233 from ctxrs/ctx/self-contained-core-architecture-20260731	Deferred: no independently portable change selected from metadata; inspect diff if a concrete need arises.
8b02519aed86843ccd96638da7cf49826357c3bb	2026-08-01T15:25:22Z	test(history-index): split writer merge policy tests	Deferred: no independently portable change selected from metadata; inspect diff if a concrete need arises.
e5a84440c3e384b5914785bab8a0669aa90c2b94	2026-08-01T15:26:13Z	test(cli): split search flow coverage	Deferred: no independently portable change selected from metadata; inspect diff if a concrete need arises.
c2a83a205797566eb0ef92c20f6aed584ebd12e6	2026-08-01T15:34:05Z	fix: close remaining 1.0 correctness gaps	Deferred: no independently portable change selected from metadata; inspect diff if a concrete need arises.
ba6aaeb4d05089e369e956c3eb414856748b4182	2026-08-01T15:38:09Z	fix(opencode): import current schema with repository attribution	Deferred: architecture/product direction is outside this fork’s local CLI/importer scope.
5de6a880766d166c9b7b5b86decf0fc8796bdd12	2026-08-01T15:44:03Z	capture Codex structured workdirs and patches	Deferred: provider/import change not selected; no bounded, demonstrated fork gap established in this pass.
29c784fb4ecfec9d020fbd1cd9df697d8bc19165	2026-08-01T15:45:40Z	reuse certified identity across moved roots	Excluded by fork guardrail: network, telemetry, updater, or release-signing surface.
c5fc213cdb8ae6498b23d7ae8076b38e7fd02948	2026-08-01T16:18:22Z	capture certified Git commit outcomes	Deferred: no independently portable change selected from metadata; inspect diff if a concrete need arises.
fe108481e1fc15df20d4b6004a9d032eb37929f7	2026-08-01T16:22:07Z	Add bounded Core session event paging	Deferred: no independently portable change selected from metadata; inspect diff if a concrete need arises.
0c3e3606719a405eba9ee28d561a25c303fea0b2	2026-08-01T16:22:16Z	Stream large session presentation safely	Deferred: no independently portable change selected from metadata; inspect diff if a concrete need arises.
a813b04d6b30ae7a8375b67232764a964760c7a7	2026-08-01T16:26:00Z	prove Git inspection outputs are not production	Deferred: no independently portable change selected from metadata; inspect diff if a concrete need arises.
0a3f34c9eae32bb77230e2fc84cc06e0848c0683	2026-08-01T16:35:01Z	materialize typed repository outcomes	Deferred: no independently portable change selected from metadata; inspect diff if a concrete need arises.
432ed29e5e0b2d4f98c6de96ceb466afc85dc519	2026-08-01T16:42:26Z	feat(sdk): expose session paging contract	Excluded by fork guardrail: SDK/contracts/build or hosted-install/release/marketing surface.
12861b9d85dfc04f69d5274cd653cfc6816b0783	2026-08-01T17:00:29Z	deduplicate copied Codex outcome origins	Deferred: provider/import change not selected; no bounded, demonstrated fork gap established in this pass.
c4306797dc02fe77e3a2df3a538baef23f5fb315	2026-08-01T17:24:47Z	Rank exact typed produced objects first	Deferred: no independently portable change selected from metadata; inspect diff if a concrete need arises.
4fb37cb4fccc001c8bccf0e77cc70b6b0f5a3af2	2026-08-01T17:29:01Z	Center Core search snippets on query matches	Deferred: no independently portable change selected from metadata; inspect diff if a concrete need arises.
12b12704b7deb95f5b888ba603910144565475c1	2026-08-01T17:31:50Z	Restore v0.25 README verbatim	Deferred: no independently portable change selected from metadata; inspect diff if a concrete need arises.
cfdebb62fd5ead339f771195ea7983535bca1f03	2026-08-01T17:36:14Z	Merge dogfood attribution and retrieval fixes	Deferred: architecture/product direction is outside this fork’s local CLI/importer scope.
61f914df364fd8aacce466585fc120c171f5394e	2026-08-01T17:40:39Z	Fail closed on ambiguous OpenCode conversation families	Deferred: provider/import change not selected; no bounded, demonstrated fork gap established in this pass.
20c4595af0ec8eb5cf06cd98b423acc56f823b94	2026-08-01T17:56:24Z	refactor: split history contracts and MCP tests	Excluded by fork guardrail: SDK/contracts/build or hosted-install/release/marketing surface.
98eac701e2019e6f12c26f29ee7fae63408d3358	2026-08-01T17:57:39Z	Split Codex repository evidence parser	Deferred: provider/import change not selected; no bounded, demonstrated fork gap established in this pass.
3e906b000e4f743de944ffdcadec4f71f87bd9ae	2026-08-01T17:59:30Z	refactor(history-capture): split repository Git parsing	Deferred: no independently portable change selected from metadata; inspect diff if a concrete need arises.
88478d9437ef58fbb65c3c49f943f7f332a13db0	2026-08-01T18:00:29Z	refactor(capture): split repository attribution	Deferred: architecture/product direction is outside this fork’s local CLI/importer scope.
3abc460d6c8e7aee7a133d9cd59630a1e9d0a97b	2026-08-01T18:00:54Z	refactor(cli): split source index show modules	Deferred: no independently portable change selected from metadata; inspect diff if a concrete need arises.
49825314b708cc8f64c189a0fff1d40cff7b1c0b	2026-08-01T18:01:37Z	fix(codex): snapshot active session trees	Deferred: provider/import change not selected; no bounded, demonstrated fork gap established in this pass.
e8f1c247434e1ae38cbf2a4a7adcd95ed1e9506d	2026-08-01T18:10:42Z	perf(core): ready-drive cold scanning and Pro contract	Excluded by fork guardrail: SDK/contracts/build or hosted-install/release/marketing surface.
da40d1ae06cd1220b8ef98d9f999ec28c970cd90	2026-08-01T18:19:38Z	refactor(codex): split cold scanner tests	Deferred: provider/import change not selected; no bounded, demonstrated fork gap established in this pass.
ea75c69465ad087e75bc4d91ae3f0fcf286af99d	2026-08-01T18:24:25Z	Merge pull request #234 from ctxrs/ctx/dogfood-architecture-integration-20260801	Deferred: no independently portable change selected from metadata; inspect diff if a concrete need arises.
b14a32e40e516fa3e82de5e5979318c80b45e96e	2026-08-01T18:13:27Z	test(cli): wait for current relational projection	Deferred: no independently portable change selected from metadata; inspect diff if a concrete need arises.
9dcf5c72c3cfa88366d9b6a033392f4d7625724e	2026-08-01T18:20:17Z	fix(sql): preserve structured repository outcomes	Deferred: no independently portable change selected from metadata; inspect diff if a concrete need arises.
d5a0c40045546702cef2ffbc2157c77f6c711517	2026-08-01T18:33:40Z	test(index): satisfy produced-object ranking lint	Deferred: no independently portable change selected from metadata; inspect diff if a concrete need arises.
10de8f125ba25fdb07b4ed512e4bcc2df1f133a6	2026-08-01T18:41:12Z	fix: complete dogfood integration contracts	Excluded by fork guardrail: SDK/contracts/build or hosted-install/release/marketing surface.
fd98645babca71d8d89783d5fe616317bbaef3d6	2026-08-01T19:39:46Z	Merge pull request #235 from ctxrs/ctx/close-open-issues-followup-20260801	Deferred: no independently portable change selected from metadata; inspect diff if a concrete need arises.
19f8f6a76955e70e5f1f85e8ae5ac8305182b919	2026-08-01T21:17:14Z	release: derive macOS signer authority from certificate	Deferred: no independently portable change selected from metadata; inspect diff if a concrete need arises.
a68d5bc9c7aed7864d48be5ac6f1aad81b54aff6	2026-08-02T01:22:10Z	Remove relational SQL projection	Deferred: no independently portable change selected from metadata; inspect diff if a concrete need arises.
a8096d918e583bc0346aaac4973dcb9bd8b454f7	2026-08-02T01:31:40Z	Merge pull request #237 from ctxrs/ctx/remove-relational-sql-20260801	Deferred: no independently portable change selected from metadata; inspect diff if a concrete need arises.
dec06d44e5af6bb250d5931463259d518d313f28	2026-08-02T02:41:15Z	fix(pro): reject empty repository selectors	Deferred: no independently portable change selected from metadata; inspect diff if a concrete need arises.
3b84dd2822ca0a506acf6667775e7de8d0078cdc	2026-08-02T03:36:29Z	Merge pull request #238 from ctxrs/ctx/pro-empty-repository-20260801	Deferred: no independently portable change selected from metadata; inspect diff if a concrete need arises.
0942c365b0af09b9e27cf1c543a6e70f99a440c1	2026-08-02T02:43:23Z	docs(storage): pin strict compaction policy	Deferred: no independently portable change selected from metadata; inspect diff if a concrete need arises.
6963d6fab7223c59229397ae449c404b1eb05632	2026-08-02T02:53:13Z	perf(search): bound snippet and lexical decode memory	Deferred: no independently portable change selected from metadata; inspect diff if a concrete need arises.
7b244c9f29640e10b1dbd5138d98de0def46acb8	2026-08-02T02:55:33Z	perf: build Core materialization pages linearly	Deferred: no independently portable change selected from metadata; inspect diff if a concrete need arises.
c000bc7a7ac7037b8f46bd2902301f1018ee74eb	2026-08-02T02:58:46Z	fix(daemon): restore retry liveness	Deferred: architecture/product direction is outside this fork’s local CLI/importer scope.
c83d33aae2f2da45ace9de1179c44c1f03dfaac2	2026-08-02T03:11:32Z	Unify public status and index readiness contracts	Excluded by fork guardrail: SDK/contracts/build or hosted-install/release/marketing surface.
9d782da676395bc5d7346d710e320baf3b00ca1b	2026-08-02T03:46:36Z	fix: make source lifecycle snapshots authoritative	Deferred: no independently portable change selected from metadata; inspect diff if a concrete need arises.
1e069ea115e28ebcc4a9a4be82720424736dc863	2026-08-02T04:06:11Z	Reconcile semantic projections by source	Deferred: architecture/product direction is outside this fork’s local CLI/importer scope.
2b996a80862f44b80cdbd55492eb20b8c42444da	2026-08-02T04:19:36Z	fix(index): separate readiness from refresh lifecycle	Deferred: no independently portable change selected from metadata; inspect diff if a concrete need arises.
c5ef53f0fc46e62ad4ccd0c08183c1e40d4090a7	2026-08-02T04:24:11Z	fix(sdk): align init status contracts	Excluded by fork guardrail: SDK/contracts/build or hosted-install/release/marketing surface.
c93f841675e21105f67c734167af3f1f0c66a0d7	2026-08-02T04:36:06Z	revert(capture): restore PR 232 integration base	Deferred: no independently portable change selected from metadata; inspect diff if a concrete need arises.
788fb5cc311587039d0ea99bd29d8f3f1c3047c2	2026-08-02T04:36:32Z	Merge pull request #239 from ctxrs/ctx/revert-pr232-superseding-fix	Deferred: no independently portable change selected from metadata; inspect diff if a concrete need arises.
17651d22b096391398eaf22c1d62b3772ce43523	2026-08-01T00:35:08Z	fix(capture): restore macOS symlink/socket rejection after data_root threading	Deferred: no independently portable change selected from metadata; inspect diff if a concrete need arises.
ce908ad55e7053fa44c829979afcd7cab9058c36	2026-08-02T04:41:46Z	test(capture): strengthen PR 232 path classification coverage	Deferred: no independently portable change selected from metadata; inspect diff if a concrete need arises.
044cf8e207de8c5327f875779131931aa3899bfa	2026-08-02T04:42:52Z	Merge pull request #232 from rNoz/rnoz/fix-macos-sqlite-test-compile	Deferred: no independently portable change selected from metadata; inspect diff if a concrete need arises.
9e980d481722643b85dfce93a02f96e3cd587790	2026-08-02T04:40:44Z	test: align lifecycle fixtures with source routes	Deferred: no independently portable change selected from metadata; inspect diff if a concrete need arises.
b42d8913c3fff9d02ca6513ded8ee544cd4a8a8a	2026-08-02T04:51:04Z	fix(pro): bind status to active Core authority	Deferred: no independently portable change selected from metadata; inspect diff if a concrete need arises.
68aec31103642d30c2dfd8ab3fc94fee10da3dc7	2026-08-02T04:52:13Z	fix: coalesce equivalent running refresh waits	Deferred: no independently portable change selected from metadata; inspect diff if a concrete need arises.
662895b1d3980654cf8a541ace15891904ae9975	2026-08-02T04:59:19Z	test: repair integrated readiness contracts	Excluded by fork guardrail: SDK/contracts/build or hosted-install/release/marketing surface.
0d4cf0d73e4b92ecdf335ad0ebfc8cc25e97e569	2026-08-02T04:31:41Z	feat(blame): add universal target shorthand	Deferred: architecture/product direction is outside this fork’s local CLI/importer scope.
c56e7ee884fc3743138e1e927a255392df62c427	2026-08-02T05:09:58Z	Merge pull request #240 from ctxrs/ctx/universal-blame-integration-20260802	Deferred: architecture/product direction is outside this fork’s local CLI/importer scope.
5574bb77f420fb5d0b884e691424bb3593044d4c	2026-08-02T05:19:56Z	fix(capture): snapshot active SQLite sources once	Deferred: no independently portable change selected from metadata; inspect diff if a concrete need arises.
7bbb79b09a6a89c8a612cd674e04f8604fcb3691	2026-08-02T05:24:22Z	Isolate source-backed refresh failures by route	Deferred: architecture/product direction is outside this fork’s local CLI/importer scope.
41caa9bcf123e2dcf97306fffbf6a0498981a1c9	2026-08-02T05:34:11Z	fix(refresh): preserve usable grace and failure classes	Deferred: no independently portable change selected from metadata; inspect diff if a concrete need arises.
630b2541836bc224ea4eb88bbc33687d5e04da89	2026-08-02T05:37:27Z	feat: add daemon dirty source route ledger	Deferred: architecture/product direction is outside this fork’s local CLI/importer scope.
289173f0d8d4adb36088f244b38e2664aafa4e74	2026-08-02T05:40:36Z	fix(daemon): preserve dirty-route fairness	Deferred: architecture/product direction is outside this fork’s local CLI/importer scope.
4269ca5d0fe573f55bd7808005241c267685f72a	2026-08-02T05:58:52Z	fix(capture): harden bounded SQLite snapshots	Deferred: no independently portable change selected from metadata; inspect diff if a concrete need arises.
5e1ef19fbcc3c3da161d56451f29364d5a605585	2026-08-02T06:03:55Z	fix(capture): publish certified SQLite backups	Deferred: no independently portable change selected from metadata; inspect diff if a concrete need arises.
03625b9846d562e82b703078ed5ec7345e1fd621	2026-08-02T06:21:32Z	feat(daemon): refresh exact dirty source routes	Deferred: architecture/product direction is outside this fork’s local CLI/importer scope.
d6244c151fbb4230a2d7f20857843e5c924adefd	2026-08-02T06:26:16Z	feat(status): report active source record progress	Deferred: no independently portable change selected from metadata; inspect diff if a concrete need arises.
9b73e923d430cfc0b8a87ab5ca81905a4d55dfbe	2026-08-02T06:41:23Z	fix(refresh): require terminal route outcomes	Deferred: no independently portable change selected from metadata; inspect diff if a concrete need arises.
4d26b5dacd6cda85856309221f4806412e14b804	2026-08-02T06:51:33Z	fix(status): bind public status to one Core snapshot	Deferred: no independently portable change selected from metadata; inspect diff if a concrete need arises.
2ffea5875f6c42538b50df1f92b16238b98e012d	2026-08-02T07:02:07Z	fix(daemon): harden watcher rearm buffering	Deferred: architecture/product direction is outside this fork’s local CLI/importer scope.
8650eea85d3ec08860438b72a6c71329c2d3f04f	2026-08-02T07:02:02Z	test(capture): align isolated route failure receipts	Deferred: no independently portable change selected from metadata; inspect diff if a concrete need arises.
b036c8a02ce0cd94b483a7c9af2de9778ee67ae0	2026-08-02T07:03:11Z	test(cli): stabilize parallel unit coverage	Deferred: no independently portable change selected from metadata; inspect diff if a concrete need arises.
c604de750b1e391edbecdb9c9e369b0c1ab4581e	2026-08-02T07:11:13Z	fix(daemon): coalesce manual all with exact refresh	Deferred: architecture/product direction is outside this fork’s local CLI/importer scope.
6062a693ff20de71de5f6e4fb622396135bccb28	2026-08-02T07:16:31Z	fix(daemon): allow queued exact import upgrade	Excluded by fork guardrail: network, telemetry, updater, or release-signing surface.
896aa51e79d001090855e7cad8aeae775bffcd3f	2026-08-02T07:12:11Z	fix(semantic): retain flat reconciliation view	Deferred: architecture/product direction is outside this fork’s local CLI/importer scope.
062b50721360c326864d44187706d9243e89dd52	2026-08-02T07:23:30Z	fix(semantic): defer reconciliation compaction checks	Deferred: architecture/product direction is outside this fork’s local CLI/importer scope.
11a4c6a5fe862ad8b79ba9a0d487b9865dc6bc69	2026-08-02T08:05:29Z	feat(index): open retained pinned generations	Deferred: architecture/product direction is outside this fork’s local CLI/importer scope.
9f18cbbcff5678abe4d286908b07ed812929c684	2026-08-02T08:16:04Z	fix(ui): expose bidi spoofing controls	Deferred: no independently portable change selected from metadata; inspect diff if a concrete need arises.
59f6545eb24b1c2bd58fd7618029616a0dc66d5d	2026-08-02T08:23:09Z	fix(capture): bound SQLite snapshot scratch	Deferred: no independently portable change selected from metadata; inspect diff if a concrete need arises.
5b2ca6f6573960c71ba584f40d70b83cba031ff7	2026-08-02T08:28:07Z	test(index): cover real pinned publication races	Deferred: no independently portable change selected from metadata; inspect diff if a concrete need arises.
64f6ba6a9d5a59cae10d76df37ece32086f7a7ee	2026-08-02T08:34:36Z	perf(opencode): stream native projections in one pass	Deferred: provider/import change not selected; no bounded, demonstrated fork gap established in this pass.
55e7c6921f43fcf4af48ca77a3a804338815b64e	2026-08-02T08:23:21Z	feat(pro): add exact blame evidence projector	Deferred: architecture/product direction is outside this fork’s local CLI/importer scope.
572452cbec83b7149df6e6daf19f5562cf2bbdd2	2026-08-02T08:34:41Z	chore(pro): mark projector integration seam	Deferred: no independently portable change selected from metadata; inspect diff if a concrete need arises.
4d35b1db23fe46d3185b8edbfceca95f6883837c	2026-08-02T08:36:05Z	fix(pro): size Core source pages with actual index	Deferred: no independently portable change selected from metadata; inspect diff if a concrete need arises.
02ef0fbdb2a1fe6972620d74ddf5ec4ea12383d5	2026-08-02T08:40:54Z	fix(opencode): stabilize indexed generation evidence	Deferred: architecture/product direction is outside this fork’s local CLI/importer scope.
9e1117a36183241e2a2858691cbebac3d996dfca	2026-08-02T08:40:37Z	fix(sdk): bound status counters to exact integers	Excluded by fork guardrail: SDK/contracts/build or hosted-install/release/marketing surface.
770f53f13175189959bb3738b72251e5c9a2fd40	2026-08-02T08:41:25Z	fix(daemon): recover watcher catalog authority	Deferred: architecture/product direction is outside this fork’s local CLI/importer scope.
3993a385f6300217fc068dec30eefc3781100a41	2026-08-02T08:43:14Z	refactor: remove dead Store compatibility scaffolding	Deferred: no independently portable change selected from metadata; inspect diff if a concrete need arises.
4c897af0189ed716bdead0ae124205d7083eae08	2026-08-02T08:46:04Z	fix(refresh): bind publication pin before success	Deferred: no independently portable change selected from metadata; inspect diff if a concrete need arises.
d0e4a11d9805a7087902b7dba7b7e4a301447f3e	2026-08-02T08:49:26Z	fix(ui): scope history control escaping	Deferred: no independently portable change selected from metadata; inspect diff if a concrete need arises.
967d220caa85ba4a98e629ba52985ab0ff0d5010	2026-08-02T08:51:23Z	fix(capture): isolate route revalidation without rescans	Deferred: no independently portable change selected from metadata; inspect diff if a concrete need arises.
196367ada2cf64131809e634c5e0d6305ccf3125	2026-08-02T08:52:32Z	fix(pro): bound source removal acknowledgements	Deferred: no independently portable change selected from metadata; inspect diff if a concrete need arises.
221049685b23023cef13cead7feb440cab84c470	2026-08-02T09:07:22Z	feat(blame): add opt-in evidence previews	Deferred: architecture/product direction is outside this fork’s local CLI/importer scope.
242d9c71cb71c56d40d369581ff5550a4072d8f8	2026-08-02T09:06:23Z	fix(status): expose live SQLite byte progress	Deferred: no independently portable change selected from metadata; inspect diff if a concrete need arises.
5dd9a373e4a5df7339bb5f63899d86d14b8496b3	2026-08-02T09:12:03Z	fix(semantic): make source refresh proportional	Deferred: architecture/product direction is outside this fork’s local CLI/importer scope.
5b8016ef3be841d9ecd391ffafc0c4825b029385	2026-08-02T09:16:40Z	fix(index): satisfy source ordering lint	Deferred: no independently portable change selected from metadata; inspect diff if a concrete need arises.
43ec0a53d9ce3e6bd929f6a31bf7389a4d2f17f7	2026-08-02T09:21:56Z	fix(pro): harden blame evidence projector	Deferred: architecture/product direction is outside this fork’s local CLI/importer scope.
f5eccd9174fa5ad20a5f55568f3dbbb993b06fca	2026-08-02T09:25:34Z	fix(import): report only authoritative Core totals	Deferred: provider/import change not selected; no bounded, demonstrated fork gap established in this pass.
0954b9a5288153eb131784bd3e6dc3f57cc14ad0	2026-08-02T09:28:56Z	style: format refresh lifecycle fixtures	Deferred: no independently portable change selected from metadata; inspect diff if a concrete need arises.
4be5c6c712d3b302e30d08e1b64ca450a2c234ce	2026-08-02T09:32:07Z	fix(blame): refine evidence preview presentation	Deferred: architecture/product direction is outside this fork’s local CLI/importer scope.
3aaf620fd5062cc2874b126b8ba09c28b884eeaf	2026-08-02T09:38:05Z	refactor(protocol): split core materialization control DTOs	Excluded by fork guardrail: SDK/contracts/build or hosted-install/release/marketing surface.
fb9773a2479f38f40e8824390c5756144c4b5de9	2026-08-02T09:39:54Z	refactor(index): split oversized writer modules	Deferred: no independently portable change selected from metadata; inspect diff if a concrete need arises.
00fb38a4f912e4d7b0216f8c59a0a489133d75ef	2026-08-02T09:41:08Z	refactor(semantic): split source projection state	Deferred: architecture/product direction is outside this fork’s local CLI/importer scope.
d1fc9f681ac4d2fe83989b0351fb7a4a80f575ce	2026-08-02T09:43:29Z	test(cli): extract blame command tests	Deferred: architecture/product direction is outside this fork’s local CLI/importer scope.
ac80ff82b96d43b960dd4b383f1158d9ae7b712c	2026-08-02T09:44:43Z	test(history-index): split pinned generation recovery tests	Deferred: architecture/product direction is outside this fork’s local CLI/importer scope.
2c0136c5ef1ab209ff5e67b02f2df216b158c4cc	2026-08-02T09:47:46Z	fix(capture): split modules and keep progress monotonic	Deferred: no independently portable change selected from metadata; inspect diff if a concrete need arises.
19980a0a9ec6e7bba479956ab19381f9b7d0835a	2026-08-02T09:48:07Z	refactor(index): split commit contracts	Excluded by fork guardrail: SDK/contracts/build or hosted-install/release/marketing surface.
4ca645385db4a77e68d96b81617ad786ba7ddc30	2026-08-02T09:44:31Z	fix(pro): close evidence preview ambiguity gaps	Deferred: no independently portable change selected from metadata; inspect diff if a concrete need arises.
503d75d87588269b531990bb9d32b61338081a69	2026-08-02T09:48:42Z	fix(blame): wrap grouped evidence headings	Deferred: architecture/product direction is outside this fork’s local CLI/importer scope.
0787b85642f8ed7c581807db072d08e3cce6b78a	2026-08-02T09:50:13Z	fix(import): fail closed on native source errors	Deferred: provider/import change not selected; no bounded, demonstrated fork gap established in this pass.
ea738ac43484ae08ede718d851bd2f78c3bc9873	2026-08-02T09:51:35Z	fix(blame): bound narrow evidence previews	Deferred: architecture/product direction is outside this fork’s local CLI/importer scope.
fd6b8e0ffce5b31409e22c253b3a266ccbd2dc0f	2026-08-02T09:52:40Z	test(history-index): cover pinned reader reclamation	Deferred: no independently portable change selected from metadata; inspect diff if a concrete need arises.
14c5e31099280429dd20cf684d3191b0f229a5b0	2026-08-02T09:53:27Z	fix(pro): preserve evaluated evidence preview units	Deferred: no independently portable change selected from metadata; inspect diff if a concrete need arises.
769f5ca8808223bfb19c48faee17524ced080aa1	2026-08-02T09:58:59Z	fix(refresh): preserve publication generation accounting	Deferred: architecture/product direction is outside this fork’s local CLI/importer scope.
d010a91abf023a2a8bd14cb2dac90bc1e423f61c	2026-08-02T10:02:25Z	docs(blame): document evidence preview	Deferred: architecture/product direction is outside this fork’s local CLI/importer scope.
47e41f9f0b8ee85b39aa698084cde0acb5a5699d	2026-08-02T10:02:24Z	perf(capture): make Hermes ingestion one-pass	Deferred: no independently portable change selected from metadata; inspect diff if a concrete need arises.
04c1db85e54680882db7b29713b544cc4bfdf682	2026-08-02T10:00:48Z	fix(opencode): bound fallback and session memory	Deferred: provider/import change not selected; no bounded, demonstrated fork gap established in this pass.
84914aaddcf16d9cde6d45cdeaf7431661ef416e	2026-08-02T10:06:09Z	fix(history-index): preflight strict core budgets	Deferred: no independently portable change selected from metadata; inspect diff if a concrete need arises.
7d0145695c476fa84b527b0fcb3a8397256c468b	2026-08-02T10:13:45Z	fix(history-index): order strict budget reads by request	Deferred: no independently portable change selected from metadata; inspect diff if a concrete need arises.
b7f1f0a5110539ff66a8e2ff611f9a94af78a7c4	2026-08-02T10:15:16Z	refactor(daemon): split wakeup tests	Deferred: architecture/product direction is outside this fork’s local CLI/importer scope.
ecce83f5a4fdd19cc49f1f62ead526c2c9416ae5	2026-08-02T10:14:50Z	refactor(refresh): split coordinator lifecycle modules	Deferred: no independently portable change selected from metadata; inspect diff if a concrete need arises.
f95e4df7dd5c324304a25818484b8d546ac1ab22	2026-08-02T10:16:43Z	refactor(daemon): split command control	Deferred: architecture/product direction is outside this fork’s local CLI/importer scope.
ac9b9a0e6f30a18b380f71431abcfc7fb888c9e0	2026-08-02T10:24:36Z	Merge remote-tracking branch 'origin/main' into ctx/post-relational-architecture-fixes-20260801	Deferred: no independently portable change selected from metadata; inspect diff if a concrete need arises.
8513e6e50e233089bea0bdd2fcc1a03a9e574de6	2026-08-02T10:35:46Z	fix(blame): enforce per-record preview hydration budgets	Deferred: architecture/product direction is outside this fork’s local CLI/importer scope.
ab80ce06127d0804f8efc9d83cb83b25ccf00f59	2026-08-02T10:36:38Z	fix(blame): bind evidence to requested generation	Deferred: architecture/product direction is outside this fork’s local CLI/importer scope.
a67c0c17713e02721e9e773b96b340dc607cdcc9	2026-08-02T10:40:00Z	fix(cli): preserve evidence preview literals	Deferred: no independently portable change selected from metadata; inspect diff if a concrete need arises.
cf6c8a06bf24810e3e1108ded0017674ec06e6d5	2026-08-02T10:46:41Z	fix(semantic): make source reconciliation linear and durable	Deferred: architecture/product direction is outside this fork’s local CLI/importer scope.
a91d9c22990147febb2ea68ae08c4a1600b902f8	2026-08-02T10:58:33Z	fix(refresh): converge deletions and recover waiters	Deferred: no independently portable change selected from metadata; inspect diff if a concrete need arises.
2f0db87ccb8c38d8e1b51b3d4a9599084c6fde89	2026-08-02T10:59:21Z	test(protocol): extract blame generation tests	Excluded by fork guardrail: SDK/contracts/build or hosted-install/release/marketing surface.
8be149136d7bd7d7feeae7551f5d1e089ab53f17	2026-08-02T11:13:29Z	fix(capture): contain SQLite fallback scratch	Deferred: no independently portable change selected from metadata; inspect diff if a concrete need arises.
a02e68256df5801952abc9fd4e7b7a03b7e2b757	2026-08-02T11:18:16Z	fix(protocol): bound complete Core ack frames	Excluded by fork guardrail: SDK/contracts/build or hosted-install/release/marketing surface.
52c1b3430e46e7d586b3e840fcc77a9b1927c964	2026-08-02T11:19:03Z	fix(hermes): bound ancestry resolution	Deferred: no independently portable change selected from metadata; inspect diff if a concrete need arises.
ecca3a15df0214b64163446dd2501aa7da63bec8	2026-08-02T11:25:33Z	fix(cli): restrict evidence previews to Codex files	Deferred: provider/import change not selected; no bounded, demonstrated fork gap established in this pass.
09e2848f38eb680264c8edfd493cc7c92cbf3ac0	2026-08-02T11:26:32Z	fix(history-index): preflight encoded Core sizes	Deferred: no independently portable change selected from metadata; inspect diff if a concrete need arises.
027585e7131058f51055690d9adad65510a43214	2026-08-02T11:29:20Z	refactor(capture): split SQLite scratch modules	Deferred: no independently portable change selected from metadata; inspect diff if a concrete need arises.
46288540415b31229fcc12f01ea01596709b27c4	2026-08-02T11:39:36Z	fix(semantic): bind projection to lexical schema v16	Deferred: architecture/product direction is outside this fork’s local CLI/importer scope.
18c11c8c0583b39539ade0b9935d92cbb1e90c76	2026-08-02T11:44:32Z	fix(protocol): bound complete Core request frames	Excluded by fork guardrail: SDK/contracts/build or hosted-install/release/marketing surface.
309fc5d33563b64dd230d2da82a95cefd8583fd4	2026-08-02T11:54:44Z	fix(blame): align preview with evaluated contract	Excluded by fork guardrail: SDK/contracts/build or hosted-install/release/marketing surface.
bf6ecfcf5771093094cc60738185c4e68d5bd157	2026-08-02T11:50:47Z	fix(refresh): close final race and recovery gaps	Deferred: no independently portable change selected from metadata; inspect diff if a concrete need arises.
51f7490f878e668bf0474433926af2cd96659d13	2026-08-02T11:59:12Z	test(import): inspect catalog keys structurally	Deferred: provider/import change not selected; no bounded, demonstrated fork gap established in this pass.
75f661071676091842ceccca9737c7bdbb46a4d2	2026-08-02T12:04:01Z	fix(hermes): invalidate legacy ancestry replay	Deferred: no independently portable change selected from metadata; inspect diff if a concrete need arises.
4c0ae7dbafef24821635d7321b95d1b6a0fbeba3	2026-08-02T12:07:01Z	Merge pull request #242 from ctxrs/ctx/blame-evidence-preview-integration-20260802	Deferred: architecture/product direction is outside this fork’s local CLI/importer scope.
d1feaa07f990c156a809fd39bd0ebb71ac256506	2026-08-02T12:11:14Z	fix(capture): bound SQLite provider ordering	Deferred: provider/import change not selected; no bounded, demonstrated fork gap established in this pass.
5e2c3b8819a78a31c0775eb79f79c14751576bc8	2026-08-02T12:12:23Z	fix(refresh): keep clean watcher rearm idle	Deferred: no independently portable change selected from metadata; inspect diff if a concrete need arises.
b402e62286794768cde8cc1aade45ca3e71eb83c	2026-08-02T12:13:47Z	fix(semantic): stage source projection atomically	Deferred: architecture/product direction is outside this fork’s local CLI/importer scope.
ace4992216f0b9707ae7a76b0a3e67d9b43456e5	2026-08-02T12:18:18Z	test(semantic): split content projection coverage	Deferred: architecture/product direction is outside this fork’s local CLI/importer scope.
4d714b16b2b7b40fa73e6ebeca3bd92a31a62d6e	2026-08-02T12:22:19Z	test(refresh): satisfy strict lint gate	Deferred: no independently portable change selected from metadata; inspect diff if a concrete need arises.
d0df37e3ffdde88398552bb4bd0e40f995565731	2026-08-02T13:07:34Z	fix(semantic): recover published source staging	Deferred: architecture/product direction is outside this fork’s local CLI/importer scope.
3ac35e630d301d3afbebf28fa6458620895549f8	2026-08-02T13:08:14Z	fix(capture): bound all SQLite provider scratch	Deferred: provider/import change not selected; no bounded, demonstrated fork gap established in this pass.
5b2746c20aa7be4678ae5b2f09cb3f7dfdef72b7	2026-08-02T13:16:11Z	Merge remote-tracking branch 'origin/main' into ctx/post-relational-architecture-fixes-20260801	Deferred: no independently portable change selected from metadata; inspect diff if a concrete need arises.
498970a1e0fc6b686709b7e0dc541b1a71796b44	2026-08-02T13:33:02Z	fix: align merged control contracts	Excluded by fork guardrail: SDK/contracts/build or hosted-install/release/marketing surface.
58b1abadc68aa894559ea03ce16ca99abed2c65f	2026-08-02T13:40:27Z	test(daemon): wait on authoritative refresh receipts	Deferred: architecture/product direction is outside this fork’s local CLI/importer scope.
742feba91826d73e8f7c2a021df432cfee82bbd8	2026-08-02T13:53:27Z	test: cover projection rollover and daemon activation	Deferred: architecture/product direction is outside this fork’s local CLI/importer scope.
1775cec7a8ec9fbcbb608f46ba1055e5085c4d75	2026-08-02T13:58:55Z	fix(pro): bind blame results to exact Core snapshot	Deferred: architecture/product direction is outside this fork’s local CLI/importer scope.
dc29398a6b37e871687628dc3a98e2a0c367c89a	2026-08-02T05:12:07Z	fix: coalesce equivalent running refresh waits	Deferred: no independently portable change selected from metadata; inspect diff if a concrete need arises.
82d8186ba89b02882248a88fca4b635ddc260b0c	2026-08-02T05:24:15Z	fix(capture): snapshot active SQLite providers logically	Deferred: provider/import change not selected; no bounded, demonstrated fork gap established in this pass.
85507d7193c7926c660b25d1d136488a57a1f530	2026-08-02T05:38:51Z	fix(history): isolate source-backed refresh failures	Deferred: architecture/product direction is outside this fork’s local CLI/importer scope.
530ef4fb8db86f36f8933a609864066359406847	2026-08-02T06:04:21Z	test(history): assert source-scoped refresh failures	Deferred: no independently portable change selected from metadata; inspect diff if a concrete need arises.
7c8fcb6b3540d04acd3bc0df05161026344690c1	2026-08-02T06:13:49Z	fix(daemon): defer refresh churn to safety cadence	Deferred: architecture/product direction is outside this fork’s local CLI/importer scope.
222af03f570e642b191daa71a3a41c72dc7880b8	2026-08-02T06:20:13Z	feat(import): report source-scoped refresh failures	Deferred: provider/import change not selected; no bounded, demonstrated fork gap established in this pass.
22a16c0fc69c2037c97ab272f4469bd81d214ef1	2026-08-02T06:22:53Z	test(daemon): initialize source refresh result fixture	Deferred: architecture/product direction is outside this fork’s local CLI/importer scope.
e200dba60f9f32c796abeddafb8ac145a8971f90	2026-08-02T06:27:53Z	feat(capture): report live SQLite scan progress	Deferred: no independently portable change selected from metadata; inspect diff if a concrete need arises.
b329fbb01db79b4cac958d84b93527a1d9510163	2026-08-02T06:38:39Z	test(capture): preserve systemic progress failures	Deferred: no independently portable change selected from metadata; inspect diff if a concrete need arises.
36153942cc352bc4dffeea9897e17abf26fccc05	2026-08-02T07:10:54Z	feat(cli): propagate detailed refresh progress	Deferred: no independently portable change selected from metadata; inspect diff if a concrete need arises.
eba3464c815757a1c4d2ca985473de5e8eba63d9	2026-08-02T07:21:23Z	fix(import): preserve bounded source failure diagnostics	Deferred: provider/import change not selected; no bounded, demonstrated fork gap established in this pass.
e379804b3e5642a0b3c97fd5d214fc83bd667538	2026-08-02T14:25:18Z	Merge pull request #243 from ctxrs/ctx/issue236-e2e-integration-20260802	Deferred: no independently portable change selected from metadata; inspect diff if a concrete need arises.
8cd404f965972fd21383683fb684d9ad2a618d92	2026-08-02T14:31:33Z	fix(refresh): persist dirty routes and isolate failures	Deferred: no independently portable change selected from metadata; inspect diff if a concrete need arises.
130c6ece9d29451e359ed1e11a86a712eca8912e	2026-08-02T14:59:49Z	fix(refresh): scope registry failures by route	Deferred: no independently portable change selected from metadata; inspect diff if a concrete need arises.
d50cb66f563a3db63729f72d46621c02a5a434cf	2026-08-02T15:02:05Z	fix(import): report exact explicit route outcome	Deferred: provider/import change not selected; no bounded, demonstrated fork gap established in this pass.
30223a6f118bb22e622aaeaf1d82e45b2d72ac73	2026-08-02T15:10:11Z	fix(refresh): scale durable route freshness	Deferred: no independently portable change selected from metadata; inspect diff if a concrete need arises.
22a125cbf1d4325261ac6471a7cc5f43a4241113	2026-08-02T15:12:39Z	feat(import): expose bounded source progress and failures	Deferred: provider/import change not selected; no bounded, demonstrated fork gap established in this pass.
7d0886313d51fbc87a13fbcae7d581a58a324456	2026-08-02T15:55:12Z	feat(blame): show verified evidence context by default	Deferred: architecture/product direction is outside this fork’s local CLI/importer scope.
46f5b3da3fe24739d6b6ed6d2ce0eee58a011fe6	2026-08-02T16:14:21Z	fix(capture): narrow SQLite source recertification	Deferred: no independently portable change selected from metadata; inspect diff if a concrete need arises.
a1e806c5f44e716e4385b50b2b661b591bd30cd1	2026-08-02T16:31:19Z	Merge pull request #244 from ctxrs/ctx/blame-default-provider-neutral-20260802	Deferred: architecture/product direction is outside this fork’s local CLI/importer scope.
b7ac8ebc4ab0354d5d4aa740fe36e3a6c94f1543	2026-08-02T16:44:01Z	fix(import): bound and certify source refresh results	Deferred: provider/import change not selected; no bounded, demonstrated fork gap established in this pass.
7b486826d915b874b364513950f530b6cfce8ebc	2026-08-02T16:44:08Z	Merge source refresh integration baseline	Deferred: no independently portable change selected from metadata; inspect diff if a concrete need arises.
b34025797656e0665822f4f1eb6a7b75911f412b	2026-08-02T16:56:50Z	Merge latest origin/main	Deferred: no independently portable change selected from metadata; inspect diff if a concrete need arises.
edded2d88655dfa06ee200d51b781dc189391be6	2026-08-02T17:12:37Z	chore: satisfy strict lint checks	Deferred: no independently portable change selected from metadata; inspect diff if a concrete need arises.
b8be4e4291b0d74ac2324686405e2780a062a05b	2026-08-02T18:28:11Z	fix(sdk): preserve exact status counters	Excluded by fork guardrail: SDK/contracts/build or hosted-install/release/marketing surface.
c7d065ff4a57daf686af0fab25cf48f5470f4f0c	2026-08-02T18:28:27Z	fix(import): report route-local refresh outcomes	Deferred: provider/import change not selected; no bounded, demonstrated fork gap established in this pass.
1b72d50342b085a37cd39edb1b1b3f33d0aa8604	2026-08-02T18:28:36Z	fix(capture): skip unchanged SQLite snapshots	Deferred: no independently portable change selected from metadata; inspect diff if a concrete need arises.
465170abebf28f6beca7acfc124ac67ee5511dfa	2026-08-02T19:10:57Z	fix(import): preserve certified refresh outcomes	Deferred: provider/import change not selected; no bounded, demonstrated fork gap established in this pass.
e77d7fd6b04637281a7ae184137e4ca0e4920890	2026-08-02T19:15:01Z	chore: satisfy Bazel lint policy	Excluded by fork guardrail: SDK/contracts/build or hosted-install/release/marketing surface.
67ae6469e0c4f4f89d9b481a6b5c249731c991da	2026-08-02T19:23:19Z	test(import): align source-backed receipt assertions	Deferred: architecture/product direction is outside this fork’s local CLI/importer scope.
5787d7e08a20eb3192aa1123eb6abf37adef23ed	2026-08-02T19:55:07Z	fix(capture): stream changed SQLite sources directly	Deferred: no independently portable change selected from metadata; inspect diff if a concrete need arises.
91c2c308c0bc9c265f8b5ffd15360e902772ccf6	2026-08-02T20:08:37Z	perf(opencode): drive bounded hydration by rowid	Deferred: provider/import change not selected; no bounded, demonstrated fork gap established in this pass.
289df904cf10bcbe28c8ba7a2411d2cf008ef914	2026-08-02T20:23:30Z	test(refresh): tolerate watcher generation supersession	Deferred: architecture/product direction is outside this fork’s local CLI/importer scope.
5633f1a27a8e70c5718ddf7356a7d942eeb391f0	2026-08-02T20:29:38Z	Merge pull request #245 from ctxrs/ctx/post-relational-architecture-fixes-20260801	Deferred: no independently portable change selected from metadata; inspect diff if a concrete need arises.
7fcf1d5a2403d38f8c9e39f9cccc12d36ff97831	2026-08-02T17:19:29Z	fix(provenance): attribute repositories with multiple remotes	Deferred: no independently portable change selected from metadata; inspect diff if a concrete need arises.
ddd2ca87ef76f0bb9573fd1295c58d8e9426c798	2026-08-02T17:54:50Z	feat(blame): surface producing session hierarchy	Deferred: architecture/product direction is outside this fork’s local CLI/importer scope.
0a76f3df6d5f8e28bb83fdcb8dcc9b6f376e872b	2026-08-02T18:12:24Z	fix(blame): bind hierarchy fixtures to query snapshot	Deferred: architecture/product direction is outside this fork’s local CLI/importer scope.
8016b22a0b52357defdb816fc8ec5899bc96297d	2026-08-02T20:17:08Z	feat(show): expose session lineage in human output	Deferred: no independently portable change selected from metadata; inspect diff if a concrete need arises.
9261a83c5a4e98e78ae00ced299125c57221e03a	2026-08-02T20:14:26Z	fix(pro): preserve typed lineage roles	Deferred: no independently portable change selected from metadata; inspect diff if a concrete need arises.
9527804f420de52bd793b490e09444187da5704c	2026-08-02T21:01:22Z	Merge pull request #246 from ctxrs/ctx/blame-lineage-main-port-20260802	Deferred: architecture/product direction is outside this fork’s local CLI/importer scope.
c1e35ac840ef7d928bda47c22084702079443298	2026-08-02T22:10:30Z	fix(cursor): skip non-regular source entries without failing discovery	Deferred: provider/import change not selected; no bounded, demonstrated fork gap established in this pass.
7913312ffb1b24e932f64da9af10425698cdbc5b	2026-08-02T23:45:51Z	Merge pull request #249 from rNoz/rnoz/cursor-socket-refresh	Deferred: provider/import change not selected; no bounded, demonstrated fork gap established in this pass.
a3e5e19d749f23173e9eb3e99925e29612f2c91f	2026-08-03T00:02:10Z	style(capture): format special-file import	Deferred: provider/import change not selected; no bounded, demonstrated fork gap established in this pass.
10ff0bd4803a9e5f0d38713756a9ef12c1f3146f	2026-08-03T00:02:36Z	Merge pull request #250 from ctxrs/ctx/cursor-special-file-rustfmt-20260802	Deferred: provider/import change not selected; no bounded, demonstrated fork gap established in this pass.
f3dc0ae365406069c90596fc334327eab18b1cbb	2026-08-02T23:47:02Z	Remove stale core sync and history DTOs	Deferred: no independently portable change selected from metadata; inspect diff if a concrete need arises.
9c259f6321b792b229b513abc420dc424b379a88	2026-08-03T00:37:24Z	Merge pull request #251 from ctxrs/ctx/arch-safe-cleanup-20260802	Deferred: no independently portable change selected from metadata; inspect diff if a concrete need arises.
7a5df58980849dad5b5252559bb1be2f6d908a92	2026-08-02T23:59:39Z	Bound search result presentation hydration	Deferred: no independently portable change selected from metadata; inspect diff if a concrete need arises.
8be2c9b0eaa5200984674ff69023a5eeaeed3e77	2026-08-03T01:25:33Z	Merge pull request #252 from ctxrs/ctx/arch-search-presentation-20260802	Deferred: no independently portable change selected from metadata; inspect diff if a concrete need arises.
17353b307b9b091c2b339b15fc9b554ac793b311	2026-08-03T01:38:31Z	fix(import): tolerate unknown provider events	Deferred: provider/import change not selected; no bounded, demonstrated fork gap established in this pass.
ebf6d0dec2ec6c5960a80d0c69d2bac51d6a1720	2026-08-03T01:41:37Z	chore: clear merge gate lints	Deferred: no independently portable change selected from metadata; inspect diff if a concrete need arises.
50cdb6d1df1a7797ec0a81009e67345f703d00df	2026-08-03T01:52:58Z	Merge pull request #253 from ctxrs/ctx/issue-247-forward-compat	Deferred: no independently portable change selected from metadata; inspect diff if a concrete need arises.
eb98c2a84bf8d965db2ee0f2c7b143ae49a9dcdf	2026-08-03T02:28:26Z	test(search): split oversized gate modules	Deferred: no independently portable change selected from metadata; inspect diff if a concrete need arises.
27e35dbb637906ecb60f2c8e37551945bd28d5f9	2026-08-03T02:30:07Z	Merge pull request #254 from ctxrs/ctx/search-gate-hygiene-20260803	Deferred: no independently portable change selected from metadata; inspect diff if a concrete need arises.
e5d6a623114cd84f7c383ba57a82dac6c144886d	2026-08-02T23:55:14Z	fix(index): verify Core before publication	Deferred: no independently portable change selected from metadata; inspect diff if a concrete need arises.
1db88326a0d20efec1889fa7d11124b27a9b9593	2026-08-03T05:15:24Z	refactor(core): split oversized LOC modules	Deferred: no independently portable change selected from metadata; inspect diff if a concrete need arises.
8dd177a836f324d71a68f3047fab710ce7f7b8e1	2026-08-03T05:28:49Z	Merge pull request #255 from ctxrs/ctx/core-publication-loc-split-20260803	Deferred: no independently portable change selected from metadata; inspect diff if a concrete need arises.
76c158c107451f8b34d7116aa02aaaab6fff3d84	2026-08-03T02:05:18Z	feat(export): add generation-bound Core event range	Deferred: architecture/product direction is outside this fork’s local CLI/importer scope.
f510005987055e3185559bbd30acf6cc2b54907d	2026-08-03T06:15:38Z	Merge pull request #256 from ctxrs/ctx/event-range-export-final-20260803	Deferred: no independently portable change selected from metadata; inspect diff if a concrete need arises.
fbeddd4427bcc0c579587f05da0c8efefba68045	2026-08-03T05:55:54Z	Add opaque publication metadata to Core generations	Deferred: architecture/product direction is outside this fork’s local CLI/importer scope.
1a993896619dd9c56adabadea5e3f5411d020ef0	2026-08-03T06:19:01Z	Merge pull request #257 from ctxrs/ctx/core-publication-metadata-20260803	Deferred: no independently portable change selected from metadata; inspect diff if a concrete need arises.
ce2b67786dfc37f61317f5cc0d28f75daa5b3802	2026-08-03T02:20:46Z	Converge provider source outcomes and resource contracts	Excluded by fork guardrail: SDK/contracts/build or hosted-install/release/marketing surface.
fdf630419a70238eaddd218af44e1a6bcbf1f2a0	2026-08-03T06:34:09Z	Merge pull request #258 from ctxrs/ctx/provider-outcomes-final-20260803	Deferred: provider/import change not selected; no bounded, demonstrated fork gap established in this pass.
824578957c185d553598224dd073f67e70117922	2026-08-03T06:58:15Z	fix(sqlite): preserve revalidation resource exhaustion	Deferred: no independently portable change selected from metadata; inspect diff if a concrete need arises.
e766f6e5417f8384aa81c9e2980c3bfd52e8910f	2026-08-03T07:05:59Z	Merge pull request #259 from ctxrs/ctx/sqlite-revalidation-resource-20260803	Deferred: no independently portable change selected from metadata; inspect diff if a concrete need arises.
509119cc3ff913ff8b5b4d2c3ce6d4c549628823	2026-08-03T07:41:57Z	feat(core): bind Flat feed record leaves	Deferred: no independently portable change selected from metadata; inspect diff if a concrete need arises.
37355606a3dd25bfb2d61aa9be2e53b635c6418d	2026-08-03T07:49:37Z	perf(index): expose bounded stored Core page plans	Deferred: no independently portable change selected from metadata; inspect diff if a concrete need arises.
d9573a28912b15478da10e3559ce7af2529f0889	2026-08-03T07:50:02Z	feat(protocol): batch bounded Core event delta pages	Excluded by fork guardrail: SDK/contracts/build or hosted-install/release/marketing surface.
264fd97e2b25db48987c656ce59f898cc803f181	2026-08-03T07:55:57Z	refactor(protocol): split frame-bound contract tests	Excluded by fork guardrail: SDK/contracts/build or hosted-install/release/marketing surface.
d152533d116b4d2c326f13b5e191d478b6498114	2026-08-03T07:58:03Z	perf(pro): stream bounded ordered Core feed	Deferred: no independently portable change selected from metadata; inspect diff if a concrete need arises.
48b42c303645e8afc8131c20090db94375a474ab	2026-08-03T08:01:56Z	refactor(pro): remove qualification helper path	Deferred: no independently portable change selected from metadata; inspect diff if a concrete need arises.
46b38d5244bffcd2f5c13cf78af5ec9cf52c0b1c	2026-08-03T08:08:24Z	refactor(release): derive Apple identity from verified certificates	Excluded by fork guardrail: network, telemetry, updater, or release-signing surface.
5449f3afd678d137447d9bbee511eaf8d12a2b05	2026-08-03T09:09:45Z	Merge pull request #264 from ctxrs/ctx/flat-fst-recovery-20260803	Deferred: no independently portable change selected from metadata; inspect diff if a concrete need arises.
5caea25edd4ad3b6b69bbb2286c7b90f2b442140	2026-08-03T10:09:29Z	fix(factory-ai-droid): stabilize retry event identities	Deferred: no independently portable change selected from metadata; inspect diff if a concrete need arises.
fbcadf0c32062542a4d257ed59b84e2d3f14fe1e	2026-08-03T10:21:46Z	Merge pull request #265 from ctxrs/ctx/factory-retry-stable-id-20260803	Deferred: no independently portable change selected from metadata; inspect diff if a concrete need arises.
ea052517041ae97cf6be29e6a2ab4eaae81730d7	2026-08-03T13:18:37Z	fix(protocol): order event batches by materialize index	Excluded by fork guardrail: SDK/contracts/build or hosted-install/release/marketing surface.
3b41a290b810f202e36fa976a9aad7aacd9c1e83	2026-08-03T13:20:16Z	Merge pull request #266 from ctxrs/ctx/materialize-batch-order-20260803	Deferred: no independently portable change selected from metadata; inspect diff if a concrete need arises.
cc8bde49f6d3c0ae5b6b0e9ecc77577c6654544d	2026-08-03T07:53:38Z	Finalize refresh routing control plane	Deferred: no independently portable change selected from metadata; inspect diff if a concrete need arises.
db9a3c7a7e64bd97dbf29d089d69892f3fd207d2	2026-08-03T09:17:22Z	Resolve refresh control-plane review findings	Deferred: no independently portable change selected from metadata; inspect diff if a concrete need arises.
1254b0e387c30470337a2a29c65cf5eaa571b524	2026-08-03T06:09:18Z	feat(index): add bounded Core event range enumeration	Deferred: no independently portable change selected from metadata; inspect diff if a concrete need arises.
70d56cf7061c2d146cb748aefe2ab25f97d9aaa7	2026-08-03T06:12:38Z	test(index): align event range schema contract	Excluded by fork guardrail: SDK/contracts/build or hosted-install/release/marketing surface.
983d4b4cfe7896f48b0563de8f4bee70226948c9	2026-08-03T06:23:42Z	test(index): qualify event range lifecycle	Deferred: no independently portable change selected from metadata; inspect diff if a concrete need arises.
1feeb362084fd5bf7ceb38c8f6f625e803e2f797	2026-08-03T06:53:35Z	fix(index): audit and optimize event range traversal	Deferred: no independently portable change selected from metadata; inspect diff if a concrete need arises.
74c649402892e905c668b4534cfe886d3eda4a84	2026-08-03T07:02:20Z	feat(cli): stream typed Core event queries	Deferred: no independently portable change selected from metadata; inspect diff if a concrete need arises.
db672e3d6b5c6b9430062eaefb3b87203384368f	2026-08-03T07:14:04Z	docs: document typed event queries and JSONL	Deferred: no independently portable change selected from metadata; inspect diff if a concrete need arises.
89b38381c97a96cdc47b50a3d48e7f1debaa8f83	2026-08-03T07:21:50Z	fix(semantic): follow lexical schema revision	Deferred: architecture/product direction is outside this fork’s local CLI/importer scope.
1c058507d468c27a0e0a15cd44110c082da5e953	2026-08-03T07:58:50Z	refactor(events): narrow the event query surface	Deferred: no independently portable change selected from metadata; inspect diff if a concrete need arises.
5044d5b2dadf69544117042280f0d1b78eb13227	2026-08-03T15:41:46Z	Make explicit route replacement atomic	Deferred: no independently portable change selected from metadata; inspect diff if a concrete need arises.
4131c742670d658e2d0f5f261f13dd7b6b7e6f5a	2026-08-03T15:45:14Z	feat(cli): list filtered Core events	Deferred: no independently portable change selected from metadata; inspect diff if a concrete need arises.
8eb00a5dd7328655da76d891576ac620a79f874f	2026-08-03T15:46:18Z	Merge pull request #269 from ctxrs/ctx/event-query-final-20260803	Deferred: no independently portable change selected from metadata; inspect diff if a concrete need arises.
3f5f6a7e1a950e7314307e68f29f3b73cc2e4639	2026-08-03T15:56:41Z	Allow mixed exact replay coverage	Deferred: no independently portable change selected from metadata; inspect diff if a concrete need arises.
9506e2c9ba8c0f706d5c7ef5104662736f4e9546	2026-08-03T14:29:00Z	fix(kimi): index streamed assistant content parts from wire transcripts	Deferred: no independently portable change selected from metadata; inspect diff if a concrete need arises.
30e75160979a8eae490f88168452bbe97ce3c1f7	2026-08-03T16:00:08Z	Merge pull request #268 from ctxrs/ctx/refresh-routing-final-20260803	Deferred: no independently portable change selected from metadata; inspect diff if a concrete need arises.
865497d37a169ce4350020c59b624a2084d454d8	2026-08-03T16:06:36Z	docs(skill): teach advanced event queries	Deferred: no independently portable change selected from metadata; inspect diff if a concrete need arises.
103b125ecdbd996897440cb253e102e1fea3eb23	2026-08-03T16:07:02Z	Merge pull request #271 from ctxrs/ctx/skill-list-events	Deferred: no independently portable change selected from metadata; inspect diff if a concrete need arises.
98d54eac9eb676bcc509bf3cb8829bcd48e5f6b0	2026-08-03T08:03:17Z	fix(factory-ai-droid): restore automatic ~/.factory/sessions discovery	Deferred: no independently portable change selected from metadata; inspect diff if a concrete need arises.
8353a3e8112df47c2f405f570945ca3f4d21e451	2026-08-03T16:15:19Z	test(factory-ai-droid): certify automatic discovery flow	Deferred: no independently portable change selected from metadata; inspect diff if a concrete need arises.
df3791460b3e6e0054071e5ac4967bb614b29ce2	2026-08-03T16:20:13Z	Merge pull request #272 from ctxrs/ctx/factory-droid-auto-discovery-ready	Deferred: no independently portable change selected from metadata; inspect diff if a concrete need arises.
07da4ad4b25f585042226a58e9e81fb03f7e05a9	2026-08-03T16:29:23Z	Merge pull request #267 from rcny/rcny/kimi-wire-content-parts	Deferred: no independently portable change selected from metadata; inspect diff if a concrete need arises.
2e3653fb93984ad0ca64347931b6a0720798fccc	2026-08-03T16:34:27Z	fix(kimi): bump source parser revision so v2 transcripts re-project	Deferred: no independently portable change selected from metadata; inspect diff if a concrete need arises.
5cf71000d1491daa297bf2677fcfce3c822ee70e	2026-08-03T15:56:32Z	perf(index): parallelize exhaustive generation verification	Deferred: architecture/product direction is outside this fork’s local CLI/importer scope.
cbdb1f53aa313bd73a2dd65329cf600c5712b8e4	2026-08-03T16:37:15Z	Merge pull request #270 from ctxrs/ctx/core-commit-perf-20260803	Deferred: no independently portable change selected from metadata; inspect diff if a concrete need arises.
3fb5f1a14b93078be0db026b8b7c6b55c1fa92e2	2026-08-03T17:02:36Z	fix(kimi): normalize official tool call ids	Deferred: no independently portable change selected from metadata; inspect diff if a concrete need arises.
27d177118a903bdeb1fe72f69d5945660fc8690f	2026-08-03T17:03:42Z	Merge pull request #273 from rcny/rcny/kimi-parser-revision-v3	Deferred: no independently portable change selected from metadata; inspect diff if a concrete need arises.
270124e04309d8a14bfd3b7f81d8fa9c9eb50aa0	2026-08-03T16:52:11Z	refactor: restore merged-main architecture gates	Deferred: no independently portable change selected from metadata; inspect diff if a concrete need arises.
b958f0925e357e57ccc804f5e81b3ec30c3666cb	2026-08-03T17:18:45Z	fix(pro): rebuild after same-generation helper upgrades	Excluded by fork guardrail: network, telemetry, updater, or release-signing surface.
c7c63294cf3d6343d2f221a2c7de030da9c0fa5d	2026-08-03T17:38:50Z	style: restore merged-main rustfmt gate	Deferred: no independently portable change selected from metadata; inspect diff if a concrete need arises.
a2e3893d1204165657adf8265104b3473707f885	2026-08-03T18:11:15Z	fix(pro): make helper upgrade rebuild crash-safe	Excluded by fork guardrail: network, telemetry, updater, or release-signing surface.
73989af63d527b7972659bcb6bf88417186136b7	2026-08-03T18:21:39Z	Merge pull request #274 from ctxrs/ctx/merged-main-final-20260803	Deferred: no independently portable change selected from metadata; inspect diff if a concrete need arises.
ec927c0f0d2769c0451a0354baeff41d354ae81f	2026-08-03T18:24:57Z	fix(daemon): recover legacy publications without source-refresh metadata	Deferred: architecture/product direction is outside this fork’s local CLI/importer scope.
52c5c93650fca089e4093c31c9333441a2b07fed	2026-08-03T19:21:21Z	fix(security): normalize macOS system path alias	Deferred: no independently portable change selected from metadata; inspect diff if a concrete need arises.
3226f84e495c6ed57e3228347cd4ae8374d525d8	2026-08-03T19:19:04Z	fix(daemon): fail closed outside exact legacy publication	Deferred: architecture/product direction is outside this fork’s local CLI/importer scope.
655783c3a66aa6cbe50fb89742fcc718a1c88405	2026-08-03T19:29:15Z	Merge pull request #278 from ctxrs/ctx/review-pr276-20260803	Deferred: no independently portable change selected from metadata; inspect diff if a concrete need arises.
c8ce9d617da8e882094d7d8ce3f2be871434331d	2026-08-03T19:53:06Z	Merge pull request #279 from ctxrs/ctx/issue-277-macos-tmpdir-20260803	Deferred: no independently portable change selected from metadata; inspect diff if a concrete need arises.
cd92c8f6e55bb37d5e722ef6c28441b27ababd8a	2026-08-03T18:44:36Z	fix(pro): capture exact pull request associations	Deferred: no independently portable change selected from metadata; inspect diff if a concrete need arises.
89cbb3b4b4c04d4a6395362dcd5e8a15060390d2	2026-08-03T20:27:40Z	Merge pull request #280 from ctxrs/ctx/pr-association-final-main-20260803	Deferred: no independently portable change selected from metadata; inspect diff if a concrete need arises.
368070389a3d5d73dee3d1e2b8b5fd6f1474aaf2	2026-08-03T21:52:24Z	test: repair current-main deterministic gates	Deferred: no independently portable change selected from metadata; inspect diff if a concrete need arises.
1ea2d6cc2897999f8c88d0de22d462da43291b73	2026-08-03T21:53:55Z	Merge pull request #285 from ctxrs/ctx/mcp-tool-call-baseline	Deferred: no independently portable change selected from metadata; inspect diff if a concrete need arises.
bffcbc191b83423cfefcf81889b12db20e021dc1	2026-08-03T21:53:25Z	refactor(cli): extract event renderers	Deferred: no independently portable change selected from metadata; inspect diff if a concrete need arises.
54f9e97b462536d25bf1f371f973e821e66e75d1	2026-08-03T22:05:14Z	Merge pull request #286 from ctxrs/ctx/mcp-tool-call-p1	Deferred: no independently portable change selected from metadata; inspect diff if a concrete need arises.
752147242eae63eb57cafef3317f442a21fee3e5	2026-08-03T21:57:54Z	refactor(capture): split shared parser revisions	Deferred: no independently portable change selected from metadata; inspect diff if a concrete need arises.
cf5a1550959a7b6b55b49feb06e23ca232d6dad7	2026-08-03T22:11:51Z	Merge pull request #287 from ctxrs/ctx/mcp-tool-call-p1-parser	Deferred: no independently portable change selected from metadata; inspect diff if a concrete need arises.
ff1b818331e3f15187d1f01e0b03371eb9bc90c1	2026-08-03T22:56:54Z	fix(repository): preserve logical identity continuity	Excluded by fork guardrail: network, telemetry, updater, or release-signing surface.
a688f7cf6d072d784275865485d525c5393b5d6e	2026-08-04T00:03:52Z	fix(capture): share canonical forge authority in shell tests	Deferred: no independently portable change selected from metadata; inspect diff if a concrete need arises.
132528763e7f6ac56682433c87c85924b73e01e4	2026-08-04T00:14:08Z	test(capture): refresh repository policy record hashes	Deferred: no independently portable change selected from metadata; inspect diff if a concrete need arises.
e03be8c4558320ba8401fe095ecb9337c0a7dce8	2026-08-04T00:18:09Z	test(core): refresh association contract fingerprint	Excluded by fork guardrail: SDK/contracts/build or hosted-install/release/marketing surface.
9a77fb2c10798dc7dc1180ccfcb514c45b9b7e21	2026-08-04T00:16:40Z	fix(repository): certify bounded packed refs	Deferred: no independently portable change selected from metadata; inspect diff if a concrete need arises.
3e8d927dc5cd58c4f7241f14598f5e6a7039fa38	2026-08-04T00:48:30Z	test(repository): isolate unbound path fixtures	Deferred: no independently portable change selected from metadata; inspect diff if a concrete need arises.
c505bca000b41ad97c4e260b68485aa8d8121b6e	2026-08-04T00:52:14Z	Merge pull request #288 from ctxrs/ctx/pro-graph-continuity-integration-20260803	Deferred: no independently portable change selected from metadata; inspect diff if a concrete need arises.
8682ca1d6cc37b6dcea5acea30c3e0c278032cad	2026-08-03T22:47:19Z	fix(daemon): bound watcher refresh convergence	Deferred: architecture/product direction is outside this fork’s local CLI/importer scope.
4537d4d91195e17aa89be61f5d348c20430d3ac4	2026-08-03T23:20:13Z	fix(daemon): close watcher convergence races	Deferred: architecture/product direction is outside this fork’s local CLI/importer scope.
39901d749ce35fe0a1bd8b9616135dbd273ca212	2026-08-03T22:58:17Z	fix(codex): certify lineage across active appends	Deferred: provider/import change not selected; no bounded, demonstrated fork gap established in this pass.
d214b05d3b938be1789c79b321497e3cbc38e98a	2026-08-03T23:32:44Z	Separate refresh demand from physical attempts	Deferred: no independently portable change selected from metadata; inspect diff if a concrete need arises.
fc99f908060cee316b4c0a814bac588298fa4fe7	2026-08-03T23:43:40Z	fix(daemon): bind route coverage to verified publication	Deferred: architecture/product direction is outside this fork’s local CLI/importer scope.
f7a7ba208a546a89935e7dff87be4b67b6022f63	2026-08-03T23:41:06Z	fix(daemon): preserve recovered refresh cooldown	Deferred: architecture/product direction is outside this fork’s local CLI/importer scope.
319537380f8fb0bd81e2cf9723807a530919d666	2026-08-03T23:07:14Z	fix(history): isolate SQLite WAL snapshots	Deferred: no independently portable change selected from metadata; inspect diff if a concrete need arises.
3fe5eb723b473532a84dc506e722a053a3c84f16	2026-08-03T23:43:45Z	fix(history): keep SQLite diagnostics warning-free	Deferred: no independently portable change selected from metadata; inspect diff if a concrete need arises.
32b84b7211516ac262448b98879a7caf4c06ad6b	2026-08-03T23:52:24Z	fix(history): classify SQLite snapshot failures	Deferred: no independently portable change selected from metadata; inspect diff if a concrete need arises.
2fbe8fc99532d762ade7e1e5663c65caa5cc7c96	2026-08-03T23:57:48Z	refactor(daemon): split watcher convergence modules	Deferred: architecture/product direction is outside this fork’s local CLI/importer scope.
c1c0929fb4b6caca9f65888e61e9f309bf94319d	2026-08-04T00:02:04Z	Fix logical refresh recovery fences	Deferred: no independently portable change selected from metadata; inspect diff if a concrete need arises.
0ff10e57d5acab22b6214c14b85be805693b0e7c	2026-08-04T00:01:08Z	fix(codex): derive lineage from certified source scans	Deferred: provider/import change not selected; no bounded, demonstrated fork gap established in this pass.
26efb22bb8a227297d4797bf5c1d24ed3d53d27f	2026-08-04T00:17:24Z	test(history): assert systemic Kiro scratch exhaustion	Deferred: no independently portable change selected from metadata; inspect diff if a concrete need arises.
a3c33cc9420ff739c8f36f7699e4fb20597936b6	2026-08-04T00:18:47Z	refactor(history): split SQLite snapshot diagnostics	Deferred: no independently portable change selected from metadata; inspect diff if a concrete need arises.
8192fd3c77f0fde4f970ccc33cb132f9af4e3651	2026-08-04T00:25:17Z	Split refresh coordinator modules	Deferred: no independently portable change selected from metadata; inspect diff if a concrete need arises.
811854d3cacbfc4f58a7fd0217317c68e5fd3061	2026-08-04T00:38:18Z	Bound coverage sampling to requested routes	Deferred: no independently portable change selected from metadata; inspect diff if a concrete need arises.
395fef8fb8b03543c8c497ec03cbb23d08929bea	2026-08-04T00:48:11Z	Skip unchanged publication fence sampling	Deferred: no independently portable change selected from metadata; inspect diff if a concrete need arises.
74da438f4f3d6b21c09a2a66437a41bdecb53972	2026-08-04T00:59:04Z	fix(codex): close lineage remediation gaps	Deferred: provider/import change not selected; no bounded, demonstrated fork gap established in this pass.
80ae50b4e5186eeb8af318b2d9cc5e0845733010	2026-08-04T01:09:32Z	Isolate logical demand tests from discovery	Deferred: no independently portable change selected from metadata; inspect diff if a concrete need arises.
889e34c946883c2c07ae274d0de4ce55529d61f1	2026-08-04T01:32:58Z	fix(codex): close lineage replay edge cases	Deferred: provider/import change not selected; no bounded, demonstrated fork gap established in this pass.
bab8a925ec72b7c3c01a4f909ce224a4b70dfb6b	2026-08-04T02:21:27Z	test(refresh): isolate source admission fences	Deferred: no independently portable change selected from metadata; inspect diff if a concrete need arises.
2bbe0f24e9cafb51f7dcc2b1290e473ffae977b5	2026-08-04T02:22:42Z	fix(codex): scope malformed lineage evidence	Deferred: provider/import change not selected; no bounded, demonstrated fork gap established in this pass.
02890cbb8f7afa7855727b38de4b7ed0a6792232	2026-08-04T02:32:03Z	test(refresh): extract admission fence support	Deferred: no independently portable change selected from metadata; inspect diff if a concrete need arises.
78d3abcf4d84e547f72f8590e483ca3d4ba6ca3e	2026-08-04T04:03:22Z	fix(capture): preserve SQLite failure provenance	Deferred: no independently portable change selected from metadata; inspect diff if a concrete need arises.
7c19641d2322a1477b7238820727710b6e7921c4	2026-08-04T04:08:09Z	test(capture): place geometry tests after production items	Deferred: no independently portable change selected from metadata; inspect diff if a concrete need arises.
f5c4f771f830b3af2152ec12e2d5781f5d41da35	2026-08-04T04:36:36Z	fix(capture): propagate SQLite terminal failures	Deferred: no independently portable change selected from metadata; inspect diff if a concrete need arises.
043bf42ec8e359ceef6f1d9b4d2a4d8d2da3918e	2026-08-04T04:44:59Z	fix(capture): retain SQLite cleanup failures after sink errors	Deferred: no independently portable change selected from metadata; inspect diff if a concrete need arises.
054fd10089fb2216261ab7e32ebb5ddd2cd94141	2026-08-04T05:18:36Z	test(refresh): isolate startup continuation admission	Deferred: no independently portable change selected from metadata; inspect diff if a concrete need arises.
8b294240804f2d41cfa3dc645a0658de24c313e5	2026-08-04T02:21:52Z	fix(semantic): make refresh recovery exact	Deferred: architecture/product direction is outside this fork’s local CLI/importer scope.
73e3419f6b2d98d6e84b14793835a029979b7d91	2026-08-04T05:25:13Z	Revert "test(capture): place geometry tests after production items"	Deferred: no independently portable change selected from metadata; inspect diff if a concrete need arises.
8d4d5ef220521202daacff0af270500d9a8a7df1	2026-08-04T05:26:10Z	fix(cli): retain explicit routes across overlays	Deferred: no independently portable change selected from metadata; inspect diff if a concrete need arises.
a1504dfb904723f02fd70ee45ee7ef60c5d4a6dd	2026-08-04T05:34:37Z	fix(cli): deduplicate retained explicit overlays	Deferred: no independently portable change selected from metadata; inspect diff if a concrete need arises.
85d6538e1e2b28487bd6a31a7b9625e6e6ed1b70	2026-08-04T05:52:54Z	fix(import): keep explicit route receipts exact	Deferred: provider/import change not selected; no bounded, demonstrated fork gap established in this pass.
a93df1a8132f849a47008e8dd058743db6177ee2	2026-08-04T06:00:45Z	Merge pull request #291 from ctxrs/ctx/issues-281-284-focused-20260804	Deferred: no independently portable change selected from metadata; inspect diff if a concrete need arises.
0e56142f5f25bc7f9f19a8cd6e1bcdb363ecadaa	2026-08-03T22:41:03Z	fix(sdk): drain and reap local ctx subprocesses	Excluded by fork guardrail: SDK/contracts/build or hosted-install/release/marketing surface.
205bf200c997be7e1760ad740368fc360afa5f9c	2026-08-03T22:51:14Z	test(projections): measure changed-source replay work	Deferred: no independently portable change selected from metadata; inspect diff if a concrete need arises.
572a6c41b5efa08022ce882488f8965e9c90983a	2026-08-03T22:53:48Z	perf(index): avoid exhaustive candidate replay	Deferred: no independently portable change selected from metadata; inspect diff if a concrete need arises.
32ed917fd0facc75171e2c59e62c8e120a358df3	2026-08-03T22:54:14Z	fix(search): filter semantic candidates before ranking	Deferred: architecture/product direction is outside this fork’s local CLI/importer scope.
54a948e714cd8ad95496e7c36cc55e9996b84ae4	2026-08-03T22:55:08Z	fix(daemon): recover unusable IPC owners	Deferred: architecture/product direction is outside this fork’s local CLI/importer scope.
e0faa6c28d33da4c39b2f7a7b50fe3a2efce5b46	2026-08-03T23:01:33Z	test: make release test inventory fail closed	Deferred: no independently portable change selected from metadata; inspect diff if a concrete need arises.
2e67177d65b124ca23874530963002f39c444120	2026-08-03T23:06:04Z	fix(capture): stabilize JSONL fallback event identities	Deferred: no independently portable change selected from metadata; inspect diff if a concrete need arises.
e2605055d3b63f215ca76533fb07ce2d1cae3496	2026-08-03T23:04:33Z	fix(pro): delete current Flat graph before key	Deferred: no independently portable change selected from metadata; inspect diff if a concrete need arises.
d1a4b236af107f20ae4428f44f2ce72dbce47ac9	2026-08-03T23:09:40Z	fix(upgrade): recover hosted install transactions	Excluded by fork guardrail: network, telemetry, updater, or release-signing surface.
c1c409531fb18bf4571804eaf694a3f504c023cc	2026-08-03T23:16:19Z	refactor(upgrade): split hosted transaction durability	Excluded by fork guardrail: network, telemetry, updater, or release-signing surface.
637524f2fb6b84b9231af0b16a96bbf18d6aa3be	2026-08-03T23:17:58Z	refactor(sdk): split subprocess collector	Excluded by fork guardrail: SDK/contracts/build or hosted-install/release/marketing surface.
4387e719b474775ed546455639ceff9262588cd3	2026-08-03T23:19:42Z	Retry Pro publication after rebuild preflight	Deferred: no independently portable change selected from metadata; inspect diff if a concrete need arises.
106f706938311c35d466ec5e15451bf397f01684	2026-08-03T23:20:23Z	test(index): split writer verifier coverage	Deferred: no independently portable change selected from metadata; inspect diff if a concrete need arises.
befcf3b7a0bf3fdf2d885cb0f45e85e87e694479	2026-08-03T23:24:01Z	refactor(capture): split Claude and Cursor bindings	Deferred: provider/import change not selected; no bounded, demonstrated fork gap established in this pass.
cd68334c109eda2a7c65d8cc92e09e60a2d3284b	2026-08-04T01:09:57Z	fix(build): scope test-only verification exports	Deferred: no independently portable change selected from metadata; inspect diff if a concrete need arises.
fefc5ed1f099c6d9468f74c96d8cbd0ed4714ed1	2026-08-04T01:09:57Z	refactor(pro): remove superseded helper deletion seam	Deferred: no independently portable change selected from metadata; inspect diff if a concrete need arises.
635c6b8d592facb52c272ab892b5830225ba8de2	2026-08-04T01:08:24Z	fix(release): enforce binary exploit mitigations	Deferred: no independently portable change selected from metadata; inspect diff if a concrete need arises.
799e87581dc816135bc3023060d42c250c8dda71	2026-08-04T01:18:45Z	docs: preserve v0.25 public README	Deferred: no independently portable change selected from metadata; inspect diff if a concrete need arises.
d309bce0b95f93e6c61c495e1438b4aa6b7c1116	2026-08-04T01:23:37Z	fix(index): certify immutable generation integrity	Deferred: architecture/product direction is outside this fork’s local CLI/importer scope.
8a4ac36090e2bf1d8a1f9ce3786966e3d3fd016b	2026-08-04T01:33:58Z	test(index): update continuity policy hash	Deferred: no independently portable change selected from metadata; inspect diff if a concrete need arises.
e064ee7f35415d01fa720f5a8f9e756474e1d64b	2026-08-04T01:43:06Z	chore(build): refresh Rust dependency lock authority	Deferred: no independently portable change selected from metadata; inspect diff if a concrete need arises.
81e04150870334e007654501f0ed9f38c60edf4f	2026-08-04T02:21:27Z	test(protocol): refresh Core record conformance oracles	Excluded by fork guardrail: SDK/contracts/build or hosted-install/release/marketing surface.
b58f5d6efe2921c83718b6c8bbc1e0d1eee6db7f	2026-08-04T02:18:30Z	fix(daemon): expire stale refresh takeover leases	Deferred: architecture/product direction is outside this fork’s local CLI/importer scope.
8425cb43adc1cd0e81e8ea9ba051677b03ba8fe3	2026-08-04T02:21:30Z	fix(upgrade): retire hosted ownership during uninstall	Excluded by fork guardrail: network, telemetry, updater, or release-signing surface.
6edff38b1f722318884dbb04625d54ba1b28d380	2026-08-04T02:31:29Z	fix(release): pin detached symbol tool authority	Deferred: no independently portable change selected from metadata; inspect diff if a concrete need arises.
84d6e8cd968ca023edb95f1da9d871d43fcc000c	2026-08-04T02:28:40Z	fix(sdk): bound inherited subprocess pipes	Excluded by fork guardrail: SDK/contracts/build or hosted-install/release/marketing surface.
b0abd9f8d5606cfb31c2b25ccc9853447f7c02e8	2026-08-04T02:35:39Z	fix(sdk): own MCP subprocess collection	Excluded by fork guardrail: SDK/contracts/build or hosted-install/release/marketing surface.
1e6b766c66aa9ec900049ee99d3b574eb78936ca	2026-08-04T02:48:36Z	fix(sdk): bound MCP subprocess output	Excluded by fork guardrail: SDK/contracts/build or hosted-install/release/marketing surface.
bce2a662f2aa19df758c4040f46dfa6d9be72307	2026-08-04T04:20:58Z	fix(cli): close release output inventory	Deferred: no independently portable change selected from metadata; inspect diff if a concrete need arises.
bf2eb524a947411b18a1d2dd0794de7c878bdcea	2026-08-04T04:54:22Z	test(cli): enforce source-backed receipt schema	Deferred: architecture/product direction is outside this fork’s local CLI/importer scope.
ea3662e671569ec6963e024827c216720e4a2b64	2026-08-04T04:59:05Z	fix(sdk): make package dry run hermetic	Excluded by fork guardrail: SDK/contracts/build or hosted-install/release/marketing surface.
3d951542e805f3b034b02097a5d6939e0cbe734a	2026-08-04T05:00:42Z	fix(cli): repair event query and telemetry contracts	Excluded by fork guardrail: network, telemetry, updater, or release-signing surface.
a22f5bd37086a8067ffb853570a6d6225e97dafc	2026-08-04T04:58:06Z	test(cli): align Pro fixtures with repository contract	Excluded by fork guardrail: SDK/contracts/build or hosted-install/release/marketing surface.
b3ac63022da3bca22a19c8e6cb7f94f2f58bae1d	2026-08-04T05:02:14Z	test(refresh): stabilize bounded performance gates	Deferred: no independently portable change selected from metadata; inspect diff if a concrete need arises.
eb50baefbb2646c4ea0b0f8a05f2348dbd070538	2026-08-04T04:58:06Z	test(cli): align Pro fixtures with repository contract	Excluded by fork guardrail: SDK/contracts/build or hosted-install/release/marketing surface.
7d17179cc40e8f11198d37232dc922016a3dca12	2026-08-04T05:13:01Z	test(daemon): align continuation lifecycle semantics	Deferred: architecture/product direction is outside this fork’s local CLI/importer scope.
942e72ea2eaea7ce8c8461fca90037cd00f5c54c	2026-08-04T05:34:19Z	fix(daemon): classify scheduled refresh wakeups	Deferred: architecture/product direction is outside this fork’s local CLI/importer scope.
8abc1aa227a0b043888d92bbc5f2fa7ccb4a91dc	2026-08-04T06:09:43Z	test(cli): align native provider outcome receipts	Deferred: provider/import change not selected; no bounded, demonstrated fork gap established in this pass.
f8447a955ff9356c454b06379c1a1713e3b10f7c	2026-08-03T23:25:34Z	chore(protocol): reconcile integrated inventory	Excluded by fork guardrail: SDK/contracts/build or hosted-install/release/marketing surface.
01ff9f52f4c4ad864f4357a829309a7859bdc557	2026-08-04T06:18:10Z	style(cli): format catalog overlay regression	Deferred: no independently portable change selected from metadata; inspect diff if a concrete need arises.
0dea4fc111a42c6cbbf364c064ed98078d5af389	2026-08-04T06:47:27Z	Merge pull request #292 from ctxrs/ctx/remediation-converged-20260804	Deferred: no independently portable change selected from metadata; inspect diff if a concrete need arises.
4edb8e9b49260db6b46316543186a77356402865	2026-08-04T07:46:50Z	feat(history): expose exact MCP tool-call attribution	Deferred: architecture/product direction is outside this fork’s local CLI/importer scope.
8ca09e6936cf49a0c2c012d975f320a519c2eacd	2026-08-04T09:28:50Z	Merge pull request #289 from ctxrs/ctx/mcp-tool-call-integration	Deferred: no independently portable change selected from metadata; inspect diff if a concrete need arises.
77e0fcca137773bab50257f3f3b14b4cce9357ca	2026-08-04T04:15:36Z	fix(provenance): retain commit proof across output tails	Deferred: no independently portable change selected from metadata; inspect diff if a concrete need arises.
93c4c0c647237a87aa654ba04c40c0775d56ee5d	2026-08-04T06:23:31Z	fix(codex): retain exact post-fork outcomes	Deferred: provider/import change not selected; no bounded, demonstrated fork gap established in this pass.
faa5a75c770486bcbbe72647a62d5076dfed22de	2026-08-04T07:04:13Z	test(protocol): refresh outcome revision fixtures	Excluded by fork guardrail: SDK/contracts/build or hosted-install/release/marketing surface.
46f1457d18f543f11961dfd70e9e057f9ba8a9f1	2026-08-04T08:19:31Z	fix(provenance): admit exact multiline outcomes	Deferred: no independently portable change selected from metadata; inspect diff if a concrete need arises.
f6c54e2c089b85247234b1f4211a2ea3c8f8cc79	2026-08-04T08:35:06Z	fix(provenance): preserve outcome status authority	Deferred: no independently portable change selected from metadata; inspect diff if a concrete need arises.
8a09b7382370c83baa72024e739d138e766ec1f3	2026-08-04T08:46:24Z	fix(provenance): reject incomplete outcome evidence	Deferred: no independently portable change selected from metadata; inspect diff if a concrete need arises.
44f67fdf5f2e085e7027e6fc64ded050340983d0	2026-08-04T08:52:23Z	fix(provenance): close non-producing flag aliases	Deferred: no independently portable change selected from metadata; inspect diff if a concrete need arises.
d703bac2eebd911bf6ab51e6e190e966452dd557	2026-08-04T08:54:47Z	test(codex): preserve exact producer output bytes	Deferred: provider/import change not selected; no bounded, demonstrated fork gap established in this pass.
cc0729e7c2dc21d9463386a1d7d6f1fecd1b665b	2026-08-04T09:40:00Z	fix(provenance): bound containing ref reachability	Deferred: no independently portable change selected from metadata; inspect diff if a concrete need arises.
7be0e7afabb811925e13c29caa0bf82ada58bff8	2026-08-04T09:47:02Z	chore(protocol): reconcile attribution revisions	Excluded by fork guardrail: SDK/contracts/build or hosted-install/release/marketing surface.
ffd1d3403286b78d81f10e296ecd2c6e5072c908	2026-08-04T14:08:30Z	Merge pull request #290 from ctxrs/ctx/pro-commit-outcome-tail-20260803	Deferred: no independently portable change selected from metadata; inspect diff if a concrete need arises.
05b4b995de127186616a818c6d4bd08bbb75b6d2	2026-08-04T18:09:01Z	refactor(protocol): expose shared Pro contract	Excluded by fork guardrail: SDK/contracts/build or hosted-install/release/marketing surface.
3c986087680240959ba881449c16e1d38d1bfb26	2026-08-04T18:14:51Z	Merge pull request #296 from ctxrs/ctx/structural-protocol-unification-20260804	Excluded by fork guardrail: SDK/contracts/build or hosted-install/release/marketing surface.
b9fc1945d64408aee5514d222b68692a44ee3de2	2026-08-04T18:24:00Z	feat(search): add content-aware ranking and scopes	Deferred: no independently portable change selected from metadata; inspect diff if a concrete need arises.
4a43fe5b284931bd8659def51c93e3a3020c5085	2026-08-04T18:30:46Z	Merge pull request #297 from ctxrs/ctx/class-aware-search-20260804	Deferred: no independently portable change selected from metadata; inspect diff if a concrete need arises.
3847c31ce8ebdbdc4d11cf670414e3094396127f	2026-08-04T18:30:30Z	feat(history): capture MCP call and response payloads	Deferred: no independently portable change selected from metadata; inspect diff if a concrete need arises.
f5fc3f39353b8fddce1df99948cba5a666ea7c37	2026-08-04T18:40:59Z	Merge pull request #298 from ctxrs/ctx/mcp-call-response-capture	Deferred: no independently portable change selected from metadata; inspect diff if a concrete need arises.
042eb750cdc6f302243e100760f843741eacdf6e	2026-08-04T19:38:34Z	fix(index): refresh predecessor migration authority	Deferred: no independently portable change selected from metadata; inspect diff if a concrete need arises.
453274696dfbe6dbc13761e1086a948b01d8a9a4	2026-08-04T19:39:22Z	Merge pull request #299 from ctxrs/codex/fix-298-generation-policy	Deferred: architecture/product direction is outside this fork’s local CLI/importer scope.
5f48762dbf20ce7f402754b6f5653d9988d69358	2026-08-04T15:08:55Z	fix(cli): make daemon refresh admission durable	Deferred: architecture/product direction is outside this fork’s local CLI/importer scope.
a2c7019dbb00e7c0e2ab284b1b114ccd022d767b	2026-08-04T21:02:14Z	Merge pull request #300 from ctxrs/ctx/issue-294-admission-stable-20260804	Deferred: no independently portable change selected from metadata; inspect diff if a concrete need arises.
12b43f8078344702ac0935468d4a08ac011e5827	2026-08-04T19:59:36Z	feat(search): index policy-selected MCP invocations	Deferred: no independently portable change selected from metadata; inspect diff if a concrete need arises.
d506f0619af4fa61b9a2f2e38398a7d51d76b569	2026-08-04T21:08:51Z	fix(index): tolerate managed generation topology races	Deferred: architecture/product direction is outside this fork’s local CLI/importer scope.
14aecb84813ab78a4c68d32d37e8487229d02dfa	2026-08-04T21:14:50Z	Merge pull request #301 from ctxrs/ctx/mcp-exchange-search-20260804	Deferred: no independently portable change selected from metadata; inspect diff if a concrete need arises.
b5522aa8c8d50b3d8c0ba9e60d212d52341f763f	2026-08-04T16:24:41Z	Add Firebender project-local discovery	Deferred: no independently portable change selected from metadata; inspect diff if a concrete need arises.
7e17601d3eb194c7920037168e6e127c63164d1a	2026-08-04T16:34:01Z	Add Trae current default discovery	Deferred: no independently portable change selected from metadata; inspect diff if a concrete need arises.
55d76d7eff72b142b8e615fa4a8f5be575472376	2026-08-04T16:32:19Z	Add NanoClaw service registration discovery	Deferred: no independently portable change selected from metadata; inspect diff if a concrete need arises.
5dd5821f75781e4ab1b56d8872738bc59e675fa0	2026-08-04T16:50:31Z	Fix Firebender unmarked project discovery	Deferred: no independently portable change selected from metadata; inspect diff if a concrete need arises.
24f555914ae3b1afc1f7bf7b106896b74247c120	2026-08-04T16:57:27Z	Harden Trae automatic database admission	Deferred: no independently portable change selected from metadata; inspect diff if a concrete need arises.
f69cb20f33578c1bf5b53255de89e16d67426765	2026-08-04T17:08:47Z	Harden NanoClaw service registration parsing	Deferred: no independently portable change selected from metadata; inspect diff if a concrete need arises.
4c09ed1de8da50c1b20d2d2292ef108581c1c637	2026-08-04T17:14:47Z	Enforce automatic provider discovery invariant	Deferred: provider/import change not selected; no bounded, demonstrated fork gap established in this pass.
6228e921d375d92ebec986a5455b25f936999622	2026-08-04T17:29:47Z	Preserve NanoClaw plist text exactly	Deferred: no independently portable change selected from metadata; inspect diff if a concrete need arises.
336c18ea69b445f72d0b8573003c3f50e7de1cb5	2026-08-04T17:36:21Z	Reject duplicate Trae chat keys	Deferred: no independently portable change selected from metadata; inspect diff if a concrete need arises.
01f1755be24238b1eaef3c75577d7fc18731ae36	2026-08-04T17:45:15Z	Fix NanoClaw registry authority handling	Deferred: no independently portable change selected from metadata; inspect diff if a concrete need arises.
d576ed3b81774aadd80d3d71966a8c5619a13dbd	2026-08-04T18:22:00Z	Fix NanoClaw automatic discovery blockers	Deferred: no independently portable change selected from metadata; inspect diff if a concrete need arises.
e60d89891d64516d5ff642899b670cc0c3552fea	2026-08-04T18:56:30Z	fix canonical automatic failure route identity	Excluded by fork guardrail: network, telemetry, updater, or release-signing surface.
151ff4382bbd75f9e0a35a1ab6e25516b6dc172b	2026-08-04T19:36:48Z	Fail closed on encrypted Trae defaults	Deferred: no independently portable change selected from metadata; inspect diff if a concrete need arises.
cc49d4840ec0ee61ba6bb1beb83386f577b07913	2026-08-04T20:11:38Z	Fix route-specific Trae source status	Deferred: no independently portable change selected from metadata; inspect diff if a concrete need arises.
432415b0dd30a5bd7b744534d5ea4a2d87bb255c	2026-08-04T20:51:03Z	fix nanoclaw automatic explicit source lineage	Deferred: no independently portable change selected from metadata; inspect diff if a concrete need arises.
06e0144c799336e5104b14a92b08faa009002a5f	2026-08-04T21:13:33Z	Canonicalize NanoClaw discovered checkout identity	Excluded by fork guardrail: network, telemetry, updater, or release-signing surface.
939a6842deed40ff7e8916edab2cfd63eb99fbcc	2026-08-04T21:26:34Z	Merge pull request #302 from ctxrs/codex/provider-default-discovery-20260804	Deferred: provider/import change not selected; no bounded, demonstrated fork gap established in this pass.
8facae3d3f89bd1f41d83be6149df00b092a7a5c	2026-08-04T17:56:52Z	refactor(refresh): extract process-neutral engine	Deferred: no independently portable change selected from metadata; inspect diff if a concrete need arises.
87bd93ce25659b2a91d0cb820a92836556f49aa8	2026-08-04T22:07:15Z	Merge pull request #303 from ctxrs/ctx/structural-refresh-extraction-20260804	Deferred: no independently portable change selected from metadata; inspect diff if a concrete need arises.
334251abc61150919751d5468403b6f1e0d35580	2026-08-04T07:11:37Z	refactor(capture): converge JSONL family ingestion	Deferred: no independently portable change selected from metadata; inspect diff if a concrete need arises.
2133c34ea27f11162ac8ea9b14f0ca8063087b69	2026-08-04T07:26:32Z	refactor(capture): split parallel driver modules	Deferred: no independently portable change selected from metadata; inspect diff if a concrete need arises.
ba5f48121ca8e57429eccbf1e4b97a8897d50452	2026-08-04T07:34:27Z	refactor(capture): split source-backed helpers	Deferred: architecture/product direction is outside this fork’s local CLI/importer scope.
08fa3aeea20cf87f00f732bfddedff98e506f8e3	2026-08-04T08:09:50Z	fix(capture): acknowledge parallel source begin	Deferred: no independently portable change selected from metadata; inspect diff if a concrete need arises.
977d0f52fc3bda7e837011850b018065047f8782	2026-08-04T14:40:33Z	perf(capture): converge dependency-aware JSONL ingestion	Deferred: no independently portable change selected from metadata; inspect diff if a concrete need arises.
1b10e9363599757c855f28d6a27361e9b6a8c486	2026-08-04T15:56:48Z	fix(history): bound Codex lineage by component	Deferred: provider/import change not selected; no bounded, demonstrated fork gap established in this pass.
e635a7edb651af3656bafedaf793afa0510e7ee9	2026-08-04T16:37:46Z	fix(history): stabilize lineage partition scheduling	Deferred: no independently portable change selected from metadata; inspect diff if a concrete need arises.
975817529db5016a178f79bc4852cbf775c619ab	2026-08-04T17:59:54Z	Use exhaustive verifier when no index segments are reused	Deferred: no independently portable change selected from metadata; inspect diff if a concrete need arises.
88491701468e5ebb6b117961804f79e6ea8a3725	2026-08-04T18:03:10Z	Parallelize JSONL lineage depth frontiers	Deferred: no independently portable change selected from metadata; inspect diff if a concrete need arises.
0af52cf4b5f7445d06b590543bfd793ae3d7b3dc	2026-08-04T18:14:01Z	Test partitioned JSONL worker-count determinism	Deferred: no independently portable change selected from metadata; inspect diff if a concrete need arises.
dcd042db3d910970abc175f79d0f0c9daab19898	2026-08-04T18:22:09Z	Stabilize partition cache lanes and wave admission	Deferred: no independently portable change selected from metadata; inspect diff if a concrete need arises.
e7f1731af95679e07485974df11b8b824346b6b1	2026-08-04T19:07:35Z	Count Core JSON content without payload copies	Deferred: no independently portable change selected from metadata; inspect diff if a concrete need arises.
5cb5ec73b7696ad6dac6be10630245a23305ec32	2026-08-04T19:07:35Z	Align verifier activity expectation	Deferred: no independently portable change selected from metadata; inspect diff if a concrete need arises.
a987a7b1c93765a890ddafd3cf34a0fab2420008	2026-08-04T19:27:08Z	Stream repository reuse fingerprints	Deferred: no independently portable change selected from metadata; inspect diff if a concrete need arises.
37cba72351be1711488d813c4b04e91bb620c91c	2026-08-04T22:35:12Z	chore: satisfy authoritative lint	Deferred: no independently portable change selected from metadata; inspect diff if a concrete need arises.
146ff07891a511eb96f0198335f3eb1ce2a6c1ae	2026-08-04T22:57:34Z	Merge pull request #295 from ctxrs/ctx/jsonl-framework-parity-20260804	Deferred: no independently portable change selected from metadata; inspect diff if a concrete need arises.
5d7bc418f7c68f68ea77c51f37788f05dd594c81	2026-08-05T03:10:38Z	fix(index): preserve incompatible pointer rebuilds	Deferred: no independently portable change selected from metadata; inspect diff if a concrete need arises.
d6a1cc21ca112ba3b5740c5d92bd9436f2808f46	2026-08-05T03:16:04Z	fix(upgrade): clean abandoned v0.25 stages	Excluded by fork guardrail: network, telemetry, updater, or release-signing surface.
f81418774677508f463a5bdb0eaac54ee72ec27f	2026-08-05T03:19:15Z	test: refresh release conformance oracles	Deferred: no independently portable change selected from metadata; inspect diff if a concrete need arises.
e1ac385d8c92ae4cf8b0dd7b89156cdc2cf10e4a	2026-08-05T03:21:11Z	build(loc): enforce LOC v2 with shrink ratchet	Deferred: no independently portable change selected from metadata; inspect diff if a concrete need arises.
4300d90cb63f7823e212287898af2feccc3cf1a3	2026-08-05T03:43:34Z	fix(loc): confine Bazel gate source inventory	Excluded by fork guardrail: SDK/contracts/build or hosted-install/release/marketing surface.
c0a0eeca40ddd552cfa3b639c27bda0d1a560207	2026-08-05T03:55:00Z	fix(loc): cover recovery harness sources	Deferred: no independently portable change selected from metadata; inspect diff if a concrete need arises.
192ac1173c3201b0e91cc89d9e0b5d5e4142c95d	2026-08-05T03:57:07Z	Merge pull request #304 from ctxrs/ctx/release-integration-20260804	Deferred: no independently portable change selected from metadata; inspect diff if a concrete need arises.
27f42dea127926e337311bf6a7fc5afe3469f689	2026-08-05T05:47:36Z	ci: make release pipeline checks deterministic	Deferred: no independently portable change selected from metadata; inspect diff if a concrete need arises.
ce831be1130bcba9bc11435c02b39d251435c962	2026-08-05T06:30:33Z	release: normalize default symbol output path	Deferred: no independently portable change selected from metadata; inspect diff if a concrete need arises.
1d08e4d4af6a9e014608b542e7274a3139f8186b	2026-08-05T06:30:33Z	test: synchronize daemon lifecycle readiness	Deferred: architecture/product direction is outside this fork’s local CLI/importer scope.
aa08d5d5a3a78762a6992f5eb14fa2c55f134b0e	2026-08-05T07:35:27Z	release: harden Linux artifact publication	Deferred: no independently portable change selected from metadata; inspect diff if a concrete need arises.
2f908204df1843c987883286a93d3489171d8420	2026-08-05T08:44:32Z	release: make Linux publication transactional	Deferred: no independently portable change selected from metadata; inspect diff if a concrete need arises.
5c3c1f15cc9a0f2ce7af211f7b80cdff1518c60a	2026-08-05T10:02:06Z	release: pin completed candidate consumption	Deferred: no independently portable change selected from metadata; inspect diff if a concrete need arises.
9e73d5bfbc154c3b6b2fce87ad55bdfc865a209b	2026-08-05T10:54:34Z	release: secure pinned stager admission	Deferred: no independently portable change selected from metadata; inspect diff if a concrete need arises.
1c57e771c59d23934c913a110882aca427deed57	2026-08-05T11:43:49Z	release: close candidate handoff blockers	Deferred: no independently portable change selected from metadata; inspect diff if a concrete need arises.
68e478ff93ea42665738c20c3f12310cfafb8442	2026-08-05T12:00:37Z	Merge pull request #307 from ctxrs/ctx/release-local-qualification-20260805	Deferred: no independently portable change selected from metadata; inspect diff if a concrete need arises.
b99fa7cbf09f12f57f26d379469f1c1729cf963c	2026-08-05T14:34:43Z	fix(release): restore native construction authority routes	Deferred: no independently portable change selected from metadata; inspect diff if a concrete need arises.
31bf08c839e34ebead1abefcc59efa69db298e98	2026-08-05T16:39:56Z	fix Linux release controller authority bindings	Deferred: no independently portable change selected from metadata; inspect diff if a concrete need arises.
3e2a09e87ace3c89a52280495d3dc5efda567b80	2026-08-05T17:01:53Z	Merge pull request #308 from ctxrs/ctx/release-native-fixes-20260805	Deferred: no independently portable change selected from metadata; inspect diff if a concrete need arises.
125833eb5c2a23c5d163f60ab700f836b7cf82d4	2026-08-05T15:13:48Z	Simplify public release bundle publication	Deferred: no independently portable change selected from metadata; inspect diff if a concrete need arises.
05b2cff8acd21904ef25c2f5c26c8cb22b4d2783	2026-08-05T15:50:58Z	Harden release bundle publication races	Deferred: no independently portable change selected from metadata; inspect diff if a concrete need arises.
89cd3df84e4ef276b662291902e6ddd3744cf483	2026-08-05T16:28:05Z	Harden final release publication bindings	Deferred: no independently portable change selected from metadata; inspect diff if a concrete need arises.
a3b48959ae42b275f3cb73b2e5d2ae07ca00c938	2026-08-05T16:41:04Z	Reject ambiguous release producer paths	Deferred: no independently portable change selected from metadata; inspect diff if a concrete need arises.
dd655f48d1170187b9d56f9847063a498cde89a1	2026-08-05T17:16:52Z	Integrate native controller with sealed bundles	Deferred: no independently portable change selected from metadata; inspect diff if a concrete need arises.
d5120fc214fd7595a62e7c2e6999b802e242bd4b	2026-08-05T17:26:18Z	Merge pull request #309 from ctxrs/ctx/release-simplification-20260805	Deferred: no independently portable change selected from metadata; inspect diff if a concrete need arises.
4eb7234af45b568a4200e7331570d9056a1c5cdd	2026-08-05T19:33:59Z	release: bind candidate manifest authority	Deferred: no independently portable change selected from metadata; inspect diff if a concrete need arises.
abcf6e7fe58f41a2566b778059cf19473f2a68b1	2026-08-05T20:13:20Z	Merge pull request #311 from ctxrs/ctx/release-manifest-authority-20260805	Deferred: no independently portable change selected from metadata; inspect diff if a concrete need arises.
fcaf0332cb1ec7229d4a67851d89fb3e5df48a62	2026-08-05T23:20:47Z	feat(cli): expose Core event chronology in human output	Deferred: no independently portable change selected from metadata; inspect diff if a concrete need arises.
f28e4363915e971c5130786501bc744d9b53705b	2026-08-05T23:30:54Z	feat(pro): surface provenance chronology	Deferred: no independently portable change selected from metadata; inspect diff if a concrete need arises.
73765d950100cae1cd9f6d8377c808380c6ded57	2026-08-05T23:53:12Z	Merge pull request #312 from ctxrs/ctx/chronology-integration-20260805	Deferred: no independently portable change selected from metadata; inspect diff if a concrete need arises.
ee7d4eabc7f02a1c1580f3b51ab67b3a1356b375	2026-08-05T15:07:19Z	refresh: expose logical and physical status	Deferred: no independently portable change selected from metadata; inspect diff if a concrete need arises.
aa4d37855f82283e7de16490893e5036560d244a	2026-08-05T16:17:03Z	refresh: make terminal route outcomes authoritative	Deferred: no independently portable change selected from metadata; inspect diff if a concrete need arises.
c63374a6d3bcbeaa7d61e91962db7aa8294a502e	2026-08-05T15:49:32Z	feat(capture): centralize JSONL terminal verification	Deferred: no independently portable change selected from metadata; inspect diff if a concrete need arises.
013de57f48bffa4bbeb9279677a818c03140c854	2026-08-05T17:03:22Z	fix(capture): bind JSONL terminal proofs to retained routes	Deferred: no independently portable change selected from metadata; inspect diff if a concrete need arises.
227d2b59313fa1ca73e91064cd009fe2ae62af08	2026-08-05T17:31:35Z	fix(capture): share prompt leaf scan descriptor	Deferred: no independently portable change selected from metadata; inspect diff if a concrete need arises.
56b0cb5e2cd06b2ab507dfa23314e894c070bf3b	2026-08-05T17:19:50Z	cli: converge daemon route retries	Deferred: architecture/product direction is outside this fork’s local CLI/importer scope.
550afa6ba76fa15ccccaef266d45f7431589f553	2026-08-05T19:13:11Z	fix daemon retry handoff and maintenance wake status	Deferred: architecture/product direction is outside this fork’s local CLI/importer scope.
036f281855ceac288da646261db0014b8e23bd95	2026-08-05T20:42:25Z	feat(cli): share typed refresh progress UI	Deferred: no independently portable change selected from metadata; inspect diff if a concrete need arises.
bd6b454a3d90bef52472e315fde1825fb8db3a2d	2026-08-05T21:37:28Z	fix(cli): preserve refresh progress authorities	Deferred: no independently portable change selected from metadata; inspect diff if a concrete need arises.
3d3e288928e5db56beef75b9791ba0aa51f55529	2026-08-05T22:34:57Z	fix(refresh): scope published source counts to requests	Deferred: no independently portable change selected from metadata; inspect diff if a concrete need arises.
f97c2f55006b054fcd8f248f99a576c821727053	2026-08-05T22:52:33Z	fix(cli): preserve source-backed failure wording	Deferred: architecture/product direction is outside this fork’s local CLI/importer scope.
98d8d711a5555414b9229a6e1c76f961fe4830d6	2026-08-05T23:29:17Z	fix(cli): restore Windows terminal adaptation	Deferred: no independently portable change selected from metadata; inspect diff if a concrete need arises.
0b3e528a09c08104116e7cfee83598292ad7556e	2026-08-05T23:15:10Z	refactor(capture): extract JSONL terminal proofs	Deferred: no independently portable change selected from metadata; inspect diff if a concrete need arises.
842bc3e4cbadb36cda17ccc22501c78407fea47e	2026-08-05T23:21:14Z	fix(refresh): recompute source count during exact recovery	Deferred: no independently portable change selected from metadata; inspect diff if a concrete need arises.
d5864a1e005513a1ae47c598d7d20e2baca9b19b	2026-08-06T00:06:13Z	fix(cli): gate Windows live output per handle	Deferred: no independently portable change selected from metadata; inspect diff if a concrete need arises.
e7d9ff82084748d9cee1fbb73825c82bee1e9226	2026-08-06T00:32:48Z	Merge pull request #313 from ctxrs/ctx/jsonl-terminal-progress-convergence-20260805	Deferred: no independently portable change selected from metadata; inspect diff if a concrete need arises.
1936cc0761df79d2fc9d48f040f0fafc5a1925f8	2026-08-06T01:24:01Z	test: harden local fixture paths	Deferred: no independently portable change selected from metadata; inspect diff if a concrete need arises.
d0c4c6c5812da90219e6744328dfeef2c3b017fc	2026-08-06T01:24:36Z	Merge pull request #314 from ctxrs/ctx/fixture-path-hardening	Deferred: no independently portable change selected from metadata; inspect diff if a concrete need arises.
78a48c61ff54b0c10924edbfe0f9b2a24a9395ae	2026-08-06T01:01:23Z	refactor: extract semantic model boundary	Deferred: architecture/product direction is outside this fork’s local CLI/importer scope.
0a18c6057f1037af0be8344b0b2217f712d83f0d	2026-08-06T02:58:17Z	Merge pull request #316 from ctxrs/ctx/crate-split-semantic-model-integration-20260805	Deferred: architecture/product direction is outside this fork’s local CLI/importer scope.
2a46e5a8aee993cee587af35240a838bc6396021	2026-08-05T22:45:02Z	feat(pro): add typed blame outcome protocol	Excluded by fork guardrail: SDK/contracts/build or hosted-install/release/marketing surface.
27831a8b5f08801737f08b2e53e7d1a653637af6	2026-08-05T22:54:50Z	Add typed Pro blame diagnostics	Deferred: architecture/product direction is outside this fork’s local CLI/importer scope.
925aefc88b07109d30b6c826749d251edd43910a	2026-08-05T23:04:25Z	feat(cli): unify Pro blame output contracts	Excluded by fork guardrail: SDK/contracts/build or hosted-install/release/marketing surface.
8b6bb961422144a99afa9bed6c0caf9c295c7c0a	2026-08-05T23:29:09Z	refine Pro blame diagnostic contract	Excluded by fork guardrail: SDK/contracts/build or hosted-install/release/marketing surface.
27126a7b3328374a7dbf9afab59b4bac4f75cee5	2026-08-05T23:37:38Z	integrate Pro blame freshness and diagnostics	Deferred: architecture/product direction is outside this fork’s local CLI/importer scope.
2bece772496a091a69d9c4d84c98e3971d2fe1a0	2026-08-05T23:41:33Z	complete Pro blame freshness recovery contract	Excluded by fork guardrail: SDK/contracts/build or hosted-install/release/marketing surface.
26b4018087dec3588b964e7b095c3a0a4842c5f5	2026-08-05T23:46:36Z	tighten Pro blame freshness diagnostics	Deferred: architecture/product direction is outside this fork’s local CLI/importer scope.
68721665ed240d23da6a5073c8be0f451770a42b	2026-08-05T23:57:28Z	remove unused blame recovery variants	Deferred: architecture/product direction is outside this fork’s local CLI/importer scope.
a8a7febd6daf30f2a474cc7d60406832926a3ad3	2026-08-06T00:04:46Z	test(cli): update blame fixtures for protocol v2	Excluded by fork guardrail: SDK/contracts/build or hosted-install/release/marketing surface.
ad6ddde2d349170a4a5bd595fc50082627e1c4f2	2026-08-06T00:23:44Z	fence stale Pro blame failures	Deferred: architecture/product direction is outside this fork’s local CLI/importer scope.
ef45823653ae5704bfbf018e46a919abfcb06e81	2026-08-06T00:30:50Z	docs: clarify stale blame coverage	Deferred: architecture/product direction is outside this fork’s local CLI/importer scope.
452a5534343d7e65c27f2e5293425ce0da50529a	2026-08-06T00:54:48Z	fix(protocol): bind blame outcomes to page evidence	Excluded by fork guardrail: SDK/contracts/build or hosted-install/release/marketing surface.
2de9e78d4c2c8749b3a0d43ecfa503b5d4fd819d	2026-08-06T00:58:50Z	test(protocol): preserve blame chronology fixtures	Excluded by fork guardrail: SDK/contracts/build or hosted-install/release/marketing surface.
dd858cd828329f348282136e0c977d20662bd784	2026-08-06T01:00:22Z	fix(cli): keep blame machine errors pure	Deferred: architecture/product direction is outside this fork’s local CLI/importer scope.
7732085e720583c371b3937324f9fe259f08b61d	2026-08-06T01:04:23Z	fix(pro): tighten blame diagnostic privacy boundary	Deferred: architecture/product direction is outside this fork’s local CLI/importer scope.
d4096d04f0e536d261192bd5faa11376f86458e7	2026-08-06T02:46:14Z	fix(pro): make blame misses actionable	Deferred: architecture/product direction is outside this fork’s local CLI/importer scope.
d7029fe44510241fec63895b580ae4c616485216	2026-08-06T03:19:59Z	fix(pro): enforce blame diagnostic boundaries	Deferred: architecture/product direction is outside this fork’s local CLI/importer scope.
e1d3e35ecc56dea29cf4a0473ab7449185b65df4	2026-08-06T03:35:23Z	fix(pro): close blame diagnostic edge paths	Deferred: architecture/product direction is outside this fork’s local CLI/importer scope.
4398b6a238b3739486dc3748c3dafb9ec4290c98	2026-08-06T03:46:15Z	Merge pull request #317 from ctxrs/ctx/pro-blame-diagnostics-integration-20260805	Deferred: architecture/product direction is outside this fork’s local CLI/importer scope.
bab6b13d1579d6506f2027759e7195a71a03ea27	2026-08-06T06:17:18Z	Fix release test readiness and progress invariants	Deferred: no independently portable change selected from metadata; inspect diff if a concrete need arises.
989053b84b89f49f14a83408ec0f4f6ee22ff20d	2026-08-06T06:18:10Z	Merge pull request #320 from ctxrs/ctx/release-test-oracles-20260806	Deferred: no independently portable change selected from metadata; inspect diff if a concrete need arises.
ee276987fb00213b39019c023dbec6ce795980e2	2026-08-05T23:15:58Z	Add provider-neutral session lineage contract	Excluded by fork guardrail: SDK/contracts/build or hosted-install/release/marketing surface.
f91a23d5d8b339b6a573fc9fe04cc3424a276e37	2026-08-06T00:40:42Z	fix(index): rebuild retired Core projections from source	Deferred: no independently portable change selected from metadata; inspect diff if a concrete need arises.
513001a03cd24baad4ddbd58596673345140ff8b	2026-08-06T00:40:28Z	Enforce no-copy provider lineage semantics	Deferred: architecture/product direction is outside this fork’s local CLI/importer scope.
8876f84ee48383c9fffaa50bb4551d0d7127f22c	2026-08-06T00:55:28Z	fix(capture): classify exact provider lineage	Deferred: provider/import change not selected; no bounded, demonstrated fork gap established in this pass.
b605c9bc2b6fbccbc038235c2d7c02a42ffddcb7	2026-08-06T01:02:22Z	Refine Codex session copy lineage	Deferred: provider/import change not selected; no bounded, demonstrated fork gap established in this pass.
e8a9640f844788700fe86d923da2190ce69c4732	2026-08-06T01:04:24Z	Exclude copied events from public query surfaces	Deferred: no independently portable change selected from metadata; inspect diff if a concrete need arises.
635ae6abd8ed42c9639fbd8a33bd18c0df39dfeb	2026-08-06T02:19:53Z	Fix incremental copy lineage verification	Deferred: no independently portable change selected from metadata; inspect diff if a concrete need arises.
0eab218177a1fd60027d91a8f5a008e83aacaf6a	2026-08-06T02:37:01Z	Classify OpenCode task session lineage	Deferred: provider/import change not selected; no bounded, demonstrated fork gap established in this pass.
a076ccdb91ddbce26081242e9adbfeff91173d29	2026-08-06T02:33:54Z	fix(index): omit copied event body postings	Deferred: no independently portable change selected from metadata; inspect diff if a concrete need arises.
d09a583153064766317ba89708918293e6e6f8a3	2026-08-06T02:39:32Z	feat(history): support exact custom-source lineage	Deferred: no independently portable change selected from metadata; inspect diff if a concrete need arises.
249acd51ce5d9671019468889d8dd8280b5f2d3e	2026-08-06T03:32:33Z	Fix residual copy lineage suite failures	Deferred: no independently portable change selected from metadata; inspect diff if a concrete need arises.
d1d33d31489ea498e72fa1af075c34540760d45c	2026-08-06T03:43:08Z	fix(history): fail closed on ambiguous provider lineage	Deferred: provider/import change not selected; no bounded, demonstrated fork gap established in this pass.
e91610d07d4d3cc405bb3b853eab6c018b2350f6	2026-08-06T03:43:33Z	fix(codex): require exact ancestor lineage proof	Deferred: provider/import change not selected; no bounded, demonstrated fork gap established in this pass.
e65f04897d8a7be410cf72094d2b3c7a5805d01d	2026-08-06T03:43:56Z	refactor(history): converge copy lineage lint cleanup	Deferred: no independently portable change selected from metadata; inspect diff if a concrete need arises.
ca883b9cf0320258df9fe1dbe0502caca194d358	2026-08-06T03:45:13Z	fix(index): verify incremental query projections	Deferred: no independently portable change selected from metadata; inspect diff if a concrete need arises.
af73e9561c998fabb547e02fb989a4d20f5d66c3	2026-08-06T03:46:49Z	fix(index): enforce typed primary search scope	Deferred: no independently portable change selected from metadata; inspect diff if a concrete need arises.
74075bc3752bf0727e3793e3a16da919c1c30204	2026-08-06T03:50:41Z	test(codex): align exact copy proof storage	Deferred: provider/import change not selected; no bounded, demonstrated fork gap established in this pass.
cdcb3be590f9ecebed0a914b12af128ddbd39e2a	2026-08-06T03:55:45Z	test(index): freeze copied-session semantic policy	Deferred: architecture/product direction is outside this fork’s local CLI/importer scope.
9b73d8b47bcfc30309c1079bec40656cdd74cfe9	2026-08-06T04:00:13Z	style(index): satisfy strict query projection lint	Deferred: no independently portable change selected from metadata; inspect diff if a concrete need arises.
83a72c285d01c3a7f94ad24b8ce4afb3c24cc57d	2026-08-06T04:02:06Z	chore(protocol): bind blame and copy lineage inventory	Excluded by fork guardrail: SDK/contracts/build or hosted-install/release/marketing surface.
91fa0c8a52244b748ad47fd51a57fe2fbe2e3be5	2026-08-06T04:03:44Z	style(pi): satisfy strict lineage fixture lint	Deferred: no independently portable change selected from metadata; inspect diff if a concrete need arises.
d7584ffe854450f05cf756d5d3fe4d264e45f32d	2026-08-06T06:32:39Z	fix(index): account copied-lineage cache heap	Deferred: no independently portable change selected from metadata; inspect diff if a concrete need arises.
620d5bacaa2a1a288168c2c52202bd12c5fab49a	2026-08-06T06:42:22Z	Merge pull request #321 from ctxrs/ctx/provider-copy-lineage-final-20260806	Deferred: provider/import change not selected; no bounded, demonstrated fork gap established in this pass.
96f065438a453af2f9d4c0897c5030c776be177f	2026-08-05T23:37:31Z	feat(protocol): add bounded exact commit lineage	Excluded by fork guardrail: SDK/contracts/build or hosted-install/release/marketing surface.
1bf0393396318eb358b90de43d4d7d5d82b949fa	2026-08-06T00:13:27Z	feat(cli): render bounded exact commit lineage	Deferred: no independently portable change selected from metadata; inspect diff if a concrete need arises.
c470a86cc44393c8144bf8ef27e1f50580c229b3	2026-08-06T00:19:44Z	feat(history): capture exact commit operation lineage	Deferred: no independently portable change selected from metadata; inspect diff if a concrete need arises.
896e09e9e649b39e92237c7c70e9f7b9f4f75ed3	2026-08-06T01:04:37Z	style(history): format lineage abstention assertion	Deferred: no independently portable change selected from metadata; inspect diff if a concrete need arises.
6a95c6cc390f634c4121fadf1b1daf13099047bd	2026-08-06T03:27:10Z	fix(protocol): validate exact commit lineage claims	Excluded by fork guardrail: SDK/contracts/build or hosted-install/release/marketing surface.
7539efec08fb4db90767a457c674c3436c2812f1	2026-08-06T03:27:18Z	fix(history): certify bounded plural commit mappings	Deferred: no independently portable change selected from metadata; inspect diff if a concrete need arises.
79b66318b0a3829576f0cf623b97c0736b63d4b5	2026-08-06T03:31:50Z	fix(protocol): type lineage operation groups explicitly	Excluded by fork guardrail: SDK/contracts/build or hosted-install/release/marketing surface.
967ab1e1db25460d37be562a1cd0f2140a928477	2026-08-06T03:46:08Z	test(index): migrate repository outcome fixtures	Deferred: no independently portable change selected from metadata; inspect diff if a concrete need arises.
4ddf4807abca478a9f8c105cff09b41701145238	2026-08-06T03:52:49Z	fix(protocol): bound lineage mappings per operation	Excluded by fork guardrail: SDK/contracts/build or hosted-install/release/marketing surface.
8202c5f526b8a0f9dcf588fde6b3d08c5aa5bf5a	2026-08-06T04:00:58Z	fix(cli): group exact lineage operations	Deferred: no independently portable change selected from metadata; inspect diff if a concrete need arises.
8b422b93e6e32a91b4f0c7c4273fed6d6835ef97	2026-08-06T05:48:28Z	fix(core): scope exact commit operation identities	Deferred: no independently portable change selected from metadata; inspect diff if a concrete need arises.
7d915de78c3ffff9d4fd874cdb09316a3fee4231	2026-08-06T05:48:28Z	fix(capture): recertify exact operation objects	Deferred: no independently portable change selected from metadata; inspect diff if a concrete need arises.
6aee2da7e7e40bf99db5ac261e086bc863aad3ee	2026-08-06T06:04:18Z	fix(capture): finalize scoped operation identities	Deferred: no independently portable change selected from metadata; inspect diff if a concrete need arises.
284c8cccc910fba2d080704fca752f4ac9ecc85c	2026-08-06T06:51:36Z	test(cli): align lineage outcome fixtures	Deferred: no independently portable change selected from metadata; inspect diff if a concrete need arises.
c846085dd722ff3de547e5a290b4a02e6c2c19fe	2026-08-06T06:58:25Z	fix(protocol): compose operation and copy lineage	Excluded by fork guardrail: SDK/contracts/build or hosted-install/release/marketing surface.
fcff4579efc9a4bfe3ed3bbeba64b52359f3c2de	2026-08-06T07:07:57Z	fix(lineage): compose strict outcomes and replay fixtures	Deferred: no independently portable change selected from metadata; inspect diff if a concrete need arises.
a60ada4f1b61247375d60793766aa32388784ec5	2026-08-06T07:09:26Z	test(index): restamp lineage policy hash	Deferred: no independently portable change selected from metadata; inspect diff if a concrete need arises.
3561acaf7fedf78534cca3457332c2b3305dd665	2026-08-06T07:16:19Z	feat(search): exclude retrieval echoes from discovery	Deferred: no independently portable change selected from metadata; inspect diff if a concrete need arises.
2c4c73273fe52ea6945a20df36f9067044f11cd0	2026-08-06T07:25:53Z	fix(lineage): close repository trust gaps	Deferred: no independently portable change selected from metadata; inspect diff if a concrete need arises.
ce0d3786b3efa8256b787425932cea7c2efd1bb2	2026-08-06T07:24:52Z	feat(capture): mark ctx retrieval-derived events	Deferred: no independently portable change selected from metadata; inspect diff if a concrete need arises.
022f539c8222b43b3a8b9b4e6f483646c2912307	2026-08-06T07:29:06Z	test(search): freeze retrieval exclusion contract	Excluded by fork guardrail: SDK/contracts/build or hosted-install/release/marketing surface.
d14373798710d6f92742ca19b9c21d6a922fcb2f	2026-08-06T07:29:59Z	fix(lineage): validate roots and evidence gaps	Deferred: no independently portable change selected from metadata; inspect diff if a concrete need arises.
36c2985e28d22302bea8633d716d1b27419d9f56	2026-08-06T07:36:59Z	Merge pull request #315 from ctxrs/ctx/commit-lineage-integration-20260805	Deferred: no independently portable change selected from metadata; inspect diff if a concrete need arises.
019d0dad8933536166435008fdf1097e9653acc1	2026-08-06T07:49:11Z	fix(search): compose retrieval and lineage exclusion	Deferred: no independently portable change selected from metadata; inspect diff if a concrete need arises.
e58e7ec8c1ce4d02d1e67d7dce5ec28fa64ee613	2026-08-06T07:16:19Z	feat(search): exclude retrieval echoes from discovery	Deferred: no independently portable change selected from metadata; inspect diff if a concrete need arises.
85b0c0b2719119d94c4ee10183c0abc159735753	2026-08-06T07:24:52Z	feat(capture): mark ctx retrieval-derived events	Deferred: no independently portable change selected from metadata; inspect diff if a concrete need arises.
303ee1737b6b213ff35c819849cfc7cd71cf67b7	2026-08-06T07:29:06Z	test(search): freeze retrieval exclusion contract	Excluded by fork guardrail: SDK/contracts/build or hosted-install/release/marketing surface.
003e235ccdc531b2244c4b368bb1cca9e65a3833	2026-08-06T07:59:29Z	chore(search): converge retrieval exclusion protocol	Excluded by fork guardrail: SDK/contracts/build or hosted-install/release/marketing surface.
cbc358e3d1910247610f389abf5dd05ce875bce8	2026-08-06T08:06:56Z	Merge current main into retrieval self-echo exclusion	Deferred: no independently portable change selected from metadata; inspect diff if a concrete need arises.
4d5307f966fddc448a58e1eb633d00ab96ad4399	2026-08-06T08:07:37Z	Merge latest retrieval self-echo convergence	Deferred: no independently portable change selected from metadata; inspect diff if a concrete need arises.
2a6f9a677f41a18e275b31f613fa564ebf46e9b5	2026-08-06T08:07:58Z	Merge pull request #319 from ctxrs/ctx/retrieval-self-echo-final-20260805	Deferred: no independently portable change selected from metadata; inspect diff if a concrete need arises.
80bb55ff5cfb3d1b9235a61e03aff8350d91c17f	2026-08-06T09:29:30Z	fix(release): repair final qualification drift	Deferred: no independently portable change selected from metadata; inspect diff if a concrete need arises.
a0918148d67010c9d22b1484beedc92e7edf51cf	2026-08-06T09:34:45Z	Merge pull request #323 from ctxrs/ctx/release-candidate-final-20260806	Deferred: no independently portable change selected from metadata; inspect diff if a concrete need arises.
d1c727a63b4bebc499a0a7cacb3a673052fd3474	2026-08-06T09:45:43Z	fix(history): isolate shared JSONL read cursors	Deferred: provider/import change not selected; no bounded, demonstrated fork gap established in this pass.
4456b97bb0084d75e846b3cb5e84f58296085b2b	2026-08-06T09:45:43Z	test(goose): qualify the current v15 schema	Deferred: no independently portable change selected from metadata; inspect diff if a concrete need arises.
57f6652168d2b4436119fe0f7c162f0148c23884	2026-08-06T09:53:19Z	Merge pull request #324 from ctxrs/ctx/release-product-fixes-20260806	Deferred: no independently portable change selected from metadata; inspect diff if a concrete need arises.
1ab21acb8c6e2fc176e0ab416457fc038467b25e	2026-08-06T08:44:42Z	fix(capture): fail open on ambiguous retrieval records	Deferred: no independently portable change selected from metadata; inspect diff if a concrete need arises.
8eeb33b918c1744dd67edf88b4890653eb745f9e	2026-08-06T09:30:30Z	fix(capture): bound exact JSON object members	Deferred: no independently portable change selected from metadata; inspect diff if a concrete need arises.
fbfe6fb9d23d78ac8bb4a8154752bb3a8d36c2e4	2026-08-06T09:34:59Z	fix(capture): fail open on ambiguous terminal authority	Deferred: no independently portable change selected from metadata; inspect diff if a concrete need arises.
b8dac0868b4ea838b6012c5e09415a74903d47ac	2026-08-06T09:38:50Z	fix(capture): poison hidden terminal authority	Deferred: no independently portable change selected from metadata; inspect diff if a concrete need arises.
4b557523d6b69c0ac493cc2d4c53cc5dadd3b94f	2026-08-06T09:59:34Z	fix(capture): poison oversized terminal authority	Deferred: no independently portable change selected from metadata; inspect diff if a concrete need arises.
ab40d98b3c41809bc8f209dbeae73a9d907483d9	2026-08-06T10:34:12Z	fix(release): expect Pro protocol v2 in native smoke	Excluded by fork guardrail: SDK/contracts/build or hosted-install/release/marketing surface.
998015fa275d2aa252f67392c7e8f36628befc0a	2026-08-06T10:34:37Z	Merge pull request #325 from ctxrs/ctx/release-native-protocol-v2-smoke-20260806	Excluded by fork guardrail: SDK/contracts/build or hosted-install/release/marketing surface.
0b1ca19378ffd145d3b3f7acb2dabafabb29f738	2026-08-06T11:15:12Z	fix(release): isolate native candidate smoke	Deferred: no independently portable change selected from metadata; inspect diff if a concrete need arises.
8888414920069f1f7a295abe54e1b1f1c4790c2e	2026-08-06T11:15:28Z	Merge pull request #326 from ctxrs/ctx/release-native-smoke-copy-isolation-20260806	Deferred: no independently portable change selected from metadata; inspect diff if a concrete need arises.
a009187b07adf31c769d69d33122caa09e51bf68	2026-08-06T12:28:43Z	fix(release): repair semantic candidate smoke	Deferred: architecture/product direction is outside this fork’s local CLI/importer scope.
b813029accc0904fd4dfc9cef7d50b40a7d212e3	2026-08-06T12:29:13Z	Merge pull request #329 from ctxrs/ctx/release-semantic-fixture-isolation-20260806	Deferred: architecture/product direction is outside this fork’s local CLI/importer scope.
ca656fe54138893649e39bf4cbfd9ec523b723b1	2026-08-06T13:25:11Z	fix(refresh): make release validation deterministic	Deferred: no independently portable change selected from metadata; inspect diff if a concrete need arises.
676200b1b97c9d1a11ba6e08f59082facc4d31ae	2026-08-06T13:25:44Z	Merge pull request #330 from ctxrs/ctx/release-final-determinism-20260806	Deferred: no independently portable change selected from metadata; inspect diff if a concrete need arises.
61a50409bcafd48ac85ef11ba6d0d9c80ba17de8	2026-08-06T14:52:07Z	Merge pull request #322 from ctxrs/ctx/retrieval-self-echo-adversarial-fix-20260806	Deferred: no independently portable change selected from metadata; inspect diff if a concrete need arises.
25c3492ec6019a20d6fd296a808d23ae5b293b47	2026-08-06T08:22:37Z	build: add governed Bazel remote execution profile	Excluded by fork guardrail: SDK/contracts/build or hosted-install/release/marketing surface.
175a22720cef03ccf9ec80a43d3beabfa1304e7b	2026-08-06T16:56:47Z	Merge pull request #331 from ctxrs/ctx/bazel-reapi-20260806	Excluded by fork guardrail: SDK/contracts/build or hosted-install/release/marketing surface.
cb97c667e72447e3c567f137397f6fd13b2a34bb	2026-08-06T17:25:35Z	fix(release): seal native Bazel lock matrix	Excluded by fork guardrail: SDK/contracts/build or hosted-install/release/marketing surface.
b54aab3fefbfeb1b09f6fa4d5692cf3aecfddb95	2026-08-06T17:25:39Z	test: repair public validation baseline	Deferred: no independently portable change selected from metadata; inspect diff if a concrete need arises.
3162474ac851976643516f993053a04ba1cf3e39	2026-08-06T17:27:16Z	fix(release): normalize FreeBSD patch fixture	Deferred: no independently portable change selected from metadata; inspect diff if a concrete need arises.
7446549f20f94a89c026da042721aceb52f8475b	2026-08-06T17:34:34Z	test: align Codex parser revision oracle	Deferred: provider/import change not selected; no bounded, demonstrated fork gap established in this pass.
3a7328aa4a87c51e3db0b12bd87e5c7cec01e131	2026-08-06T17:37:34Z	fix(release): align Bazel 7.7.1 construction pins	Excluded by fork guardrail: SDK/contracts/build or hosted-install/release/marketing surface.
a62a8ca865f37dbe501f154741beaf48b34126cc	2026-08-06T17:39:38Z	Merge pull request #332 from ctxrs/ctx/release-lock-matrix-20260806	Deferred: no independently portable change selected from metadata; inspect diff if a concrete need arises.
ef044b98239d591367f743586fd02fee9c9732cb	2026-08-06T18:01:32Z	fix(build): support macOS system Bash	Deferred: no independently portable change selected from metadata; inspect diff if a concrete need arises.
865cdc0b92442d14cae716ed899ce25d6605700d	2026-08-06T18:01:54Z	Merge pull request #333 from ctxrs/ctx/release-final-native-20260806	Deferred: no independently portable change selected from metadata; inspect diff if a concrete need arises.
4e18cf9ad584f131cb5928433459110712ee0a7d	2026-08-06T18:20:03Z	build: migrate public Bazel graph to 9.2.0	Excluded by fork guardrail: SDK/contracts/build or hosted-install/release/marketing surface.
916cebb477019f24cf6f56c25a6adc85e9becb5c	2026-08-06T18:35:47Z	Strip macOS release nlist tables	Deferred: no independently portable change selected from metadata; inspect diff if a concrete need arises.
5530381e3a011a535aca45ed50d7f6e7254c66c7	2026-08-06T19:07:08Z	Fix Bazel 9 release and CI contracts	Excluded by fork guardrail: SDK/contracts/build or hosted-install/release/marketing surface.
8ec2082902514033397a9f5eda2bda80c1321d31	2026-08-06T19:07:46Z	Merge pull request #334 from ctxrs/ctx/macos-strip-nlist-20260806	Deferred: no independently portable change selected from metadata; inspect diff if a concrete need arises.
a793579c5d2d80523df3d94ebc75e5413464b314	2026-08-06T19:23:20Z	Handle Bazel 9 crate repository names in release SBOM	Excluded by fork guardrail: SDK/contracts/build or hosted-install/release/marketing surface.
2a3eda542bb95dcd8b9dcfd7fa9a3406179fe4be	2026-08-06T19:23:44Z	Merge pull request #335 from ctxrs/ctx/release-final-187b6d14-20260806	Deferred: no independently portable change selected from metadata; inspect diff if a concrete need arises.
616470b0793a36da12392125c18bc26981564ede	2026-08-06T19:46:37Z	Support macOS Bash 3.2 in sidecar builds	Deferred: no independently portable change selected from metadata; inspect diff if a concrete need arises.
3fd282498ed1755835ef29a6b7b6efa21ab1d0ac	2026-08-06T19:46:56Z	Merge pull request #336 from ctxrs/ctx/release-macos-sidecar-bash32-20260806	Deferred: no independently portable change selected from metadata; inspect diff if a concrete need arises.
357ebf238da794df78edf3d107b061d194cd6f34	2026-08-06T19:53:22Z	Enforce LF checkouts for release inputs	Deferred: no independently portable change selected from metadata; inspect diff if a concrete need arises.
27899bb9678d74cae6327b89dffba7062d1fda13	2026-08-06T19:59:43Z	Merge pull request #337 from ctxrs/ctx/release-windows-lf-checkout-20260806	Deferred: no independently portable change selected from metadata; inspect diff if a concrete need arises.
e0c4ee8e8d5025d3469001f65d7d630d23fdd366	2026-08-06T20:05:16Z	Support Python 3.9 in sidecar archive tool	Deferred: no independently portable change selected from metadata; inspect diff if a concrete need arises.
6832184cd79f37bef706573c0d262531bf612725	2026-08-06T20:05:38Z	Merge pull request #338 from ctxrs/ctx/release-macos-python39-sidecar-20260806	Deferred: no independently portable change selected from metadata; inspect diff if a concrete need arises.
5a7576a6648210459df2940112e4569ff90a8057	2026-08-06T20:07:18Z	Register native FreeBSD Python toolchain	Deferred: no independently portable change selected from metadata; inspect diff if a concrete need arises.
a7ab7354b5c5e6d46cb1b55b9e648123123afedd	2026-08-06T20:07:48Z	Merge pull request #340 from ctxrs/ctx/release-freebsd-python-toolchain-20260806	Deferred: no independently portable change selected from metadata; inspect diff if a concrete need arises.
60168cc80bd819f59e253143a059e3d61d093008	2026-08-06T20:26:15Z	release: rotate macOS publisher policy (#339)	Deferred: no independently portable change selected from metadata; inspect diff if a concrete need arises.
e829a671a32ffb7ffcb7a51cc03736082a62565e	2026-08-06T21:19:49Z	release: qualify FreeBSD advisory scanner (#341)	Deferred: no independently portable change selected from metadata; inspect diff if a concrete need arises.
15bb9d397a0ae34a3b14f40f770a7b5239e0b918	2026-08-06T21:38:29Z	build: expose pinned dlltool to Windows Rust actions (#342)	Deferred: no independently portable change selected from metadata; inspect diff if a concrete need arises.
f36ea2aeeefe6a24e993b576a37729b3d597ed5a	2026-08-06T22:21:17Z	feat(referrals): collect payout country interactively	Deferred: no independently portable change selected from metadata; inspect diff if a concrete need arises.
2804132efa0a859af518e76c5ccc9f91d1962e21	2026-08-06T22:22:07Z	Merge remote-tracking branch 'origin/main' into ctx/referral-payout-individual-country-20260806	Deferred: no independently portable change selected from metadata; inspect diff if a concrete need arises.
65c1113ada1f1c6feb7883fd181fb5373b538b22	2026-08-06T23:02:09Z	fix(release): complete Windows GNU final linking	Deferred: no independently portable change selected from metadata; inspect diff if a concrete need arises.
b5e1fe3ee7dc419a16d486e3ec5d26288d2a9e68	2026-08-06T23:02:40Z	Merge pull request #343 from ctxrs/ctx/windows-final-link-20260806	Deferred: no independently portable change selected from metadata; inspect diff if a concrete need arises.
7f3882a40c5d51a9e2307329651a736892cc89d3	2026-08-06T23:10:47Z	fix(release): emit FreeBSD GNU build IDs	Deferred: no independently portable change selected from metadata; inspect diff if a concrete need arises.
67830bdb290b65aff5f399730f0072849ac4604b	2026-08-06T23:11:15Z	Merge pull request #344 from ctxrs/ctx/freebsd-build-id-20260806	Deferred: no independently portable change selected from metadata; inspect diff if a concrete need arises.
1c84ec00022766aee4ad4dfaf61d04824dd12584	2026-08-06T23:38:49Z	fix(release): map Windows GNU runtimes	Deferred: no independently portable change selected from metadata; inspect diff if a concrete need arises.
857ee40914582045aecb4b1050c5a13d499e700a	2026-08-06T23:39:21Z	Merge pull request #345 from ctxrs/ctx/windows-unwind-runtime-20260806	Deferred: no independently portable change selected from metadata; inspect diff if a concrete need arises.
ec197238b19a5af92f2717b2d282f95604867d8a	2026-08-06T23:57:02Z	fix(release): allow FreeBSD base liblzma	Deferred: no independently portable change selected from metadata; inspect diff if a concrete need arises.
9727d504f0b807f2959392638ae723a605ea831d	2026-08-06T23:57:25Z	Merge pull request #346 from ctxrs/ctx/freebsd-liblzma-contract-20260806	Excluded by fork guardrail: SDK/contracts/build or hosted-install/release/marketing surface.
00b295aa7f2890b85a32f8022b16e0a4a15019ba	2026-08-07T00:14:06Z	fix(release): make routes native Windows runnable	Deferred: no independently portable change selected from metadata; inspect diff if a concrete need arises.
df57fa3cbdeb39c4b75a399f7fb4a7613d2310e7	2026-08-07T00:14:31Z	Merge pull request #347 from ctxrs/ctx/windows-native-release-launcher-20260806	Deferred: no independently portable change selected from metadata; inspect diff if a concrete need arises.
4c141ad040eade8e478be3ee9c8cd1f326f870bf	2026-08-07T00:19:11Z	test(release): use portable sed ranges	Deferred: no independently portable change selected from metadata; inspect diff if a concrete need arises.
840c11ef753bcb21205d79d663d5a7c00687e177	2026-08-07T00:19:32Z	Merge pull request #348 from ctxrs/ctx/freebsd-sed-portability-20260806	Deferred: no independently portable change selected from metadata; inspect diff if a concrete need arises.
4e8ba67744660caafd79e3f8efc1b11d8ef4c397	2026-08-07T00:44:27Z	fix(release): use shebang-safe Windows shell launchers	Deferred: no independently portable change selected from metadata; inspect diff if a concrete need arises.
e7ba04c2db6f0646a873621c3bd0744871369bc8	2026-08-07T00:50:16Z	Merge pull request #350 from ctxrs/ctx/windows-shell-launcher-fix-20260806	Deferred: no independently portable change selected from metadata; inspect diff if a concrete need arises.
f6f9d69392717e83d550d5cb7d6ad1163fb8a78d	2026-08-07T00:52:01Z	fix(history): box repository yield proofs	Deferred: no independently portable change selected from metadata; inspect diff if a concrete need arises.
1fc0254d0cacc1c50ea9c23932a57caa91b68d18	2026-08-07T00:56:16Z	fix(protocol): box blame helper responses	Excluded by fork guardrail: SDK/contracts/build or hosted-install/release/marketing surface.
8dbd68ac49a93bec8c1033b86f89fea2e235dc86	2026-08-07T01:02:34Z	fix(capture): box exact outcome observations	Deferred: no independently portable change selected from metadata; inspect diff if a concrete need arises.
fe589a9408fd09329bdc22b61ffcbfed291193aa	2026-08-07T01:06:57Z	fix(capture): place scanner tests after items	Deferred: no independently portable change selected from metadata; inspect diff if a concrete need arises.
794ef69376d73f06e07edd541b45061d38fed217	2026-08-07T01:16:30Z	Merge pull request #351 from ctxrs/ctx/clippy-large-enum-20260806	Deferred: no independently portable change selected from metadata; inspect diff if a concrete need arises.
11cfb5c770e81db5216de387f4f0f9108a50f189	2026-08-06T20:24:33Z	fix(refresh): certify zero-source publications	Deferred: no independently portable change selected from metadata; inspect diff if a concrete need arises.
dead82fe3e51b6fb8a91d6b1a09226e8d42cf717	2026-08-06T21:01:56Z	fix(query): enforce Core generation authority	Deferred: architecture/product direction is outside this fork’s local CLI/importer scope.
408272eb530e688797373158c14750524f065f0c	2026-08-06T20:05:29Z	fix(codex): normalize transitive session roots	Deferred: provider/import change not selected; no bounded, demonstrated fork gap established in this pass.
22b891092f0be13bdb90bd9fd151e477fd72958a	2026-08-06T20:50:48Z	fix(codex): normalize selected routes generation-wide	Deferred: architecture/product direction is outside this fork’s local CLI/importer scope.
07ea7403f6aebc65bd26ef87c2cbdc9950385e7b	2026-08-06T21:19:27Z	fix(codex): normalize lineage across production routes	Deferred: provider/import change not selected; no bounded, demonstrated fork gap established in this pass.
d8efd7cac36ba3d828180c6b162324c2f051d979	2026-08-06T21:35:59Z	feat(protocol): add Pro finalization continuation v3	Excluded by fork guardrail: SDK/contracts/build or hosted-install/release/marketing surface.
f5bbe2dc9a6c68622d52bae2d7694dfd22ea3eb0	2026-08-06T21:36:19Z	feat(pro): continue yielded Core finalization	Deferred: no independently portable change selected from metadata; inspect diff if a concrete need arises.
37e3b9dc15adfe4266d1f6c88f29ebf1f93541f3	2026-08-06T21:36:54Z	fix(pro): make finalization continuation durable	Deferred: no independently portable change selected from metadata; inspect diff if a concrete need arises.
a1f89fb05f7b1b59abf225645eba45f2bb1528e1	2026-08-06T21:53:02Z	fix(pro): clarify finalizing graph authority	Deferred: no independently portable change selected from metadata; inspect diff if a concrete need arises.
54021e79ce3c86516e582bd2f34b441a99c85697	2026-08-06T22:00:53Z	feat(index): add bounded reverse copied lineage	Deferred: no independently portable change selected from metadata; inspect diff if a concrete need arises.
f4751d61512508724f7821b69bbbd396248dabbe	2026-08-06T22:01:08Z	feat(cli): add compact copied-lineage navigation	Deferred: no independently portable change selected from metadata; inspect diff if a concrete need arises.
0af0d80a5793aea6c07fec47ba75a091d933396f	2026-08-06T22:07:22Z	fix(codex): bound generation lineage scheduling	Deferred: architecture/product direction is outside this fork’s local CLI/importer scope.
cc11c0a7d8e2848e0bd829969ce819593fe7b477	2026-08-06T22:35:36Z	test: converge source refresh fixtures	Deferred: no independently portable change selected from metadata; inspect diff if a concrete need arises.
bba8906b76afbfe52f88335ac9f391c8714ec4f9	2026-08-06T22:46:18Z	fix(codex): compose carried exact-route lineage	Deferred: provider/import change not selected; no bounded, demonstrated fork gap established in this pass.
c0f8631f3a5a6d92f88522c7dbd79d408bad18db	2026-08-06T22:46:12Z	Retain Core generation during Pro finalization	Deferred: architecture/product direction is outside this fork’s local CLI/importer scope.
9d3ccd12a57563b8bb982b80012c479cc7f2c704	2026-08-06T22:51:58Z	Release finalization lease on recovery mismatch	Deferred: no independently portable change selected from metadata; inspect diff if a concrete need arises.
cd56dfd88d2c661279bdb5801653a9cb3d0686a6	2026-08-06T22:54:28Z	Keep Core refresh ahead of lease cancellation	Deferred: no independently portable change selected from metadata; inspect diff if a concrete need arises.
b5f96b0c068bfb2e83867d768c6b3c38c9b01769	2026-08-06T22:59:56Z	fix(codex): scope exact lineage revalidation	Deferred: provider/import change not selected; no bounded, demonstrated fork gap established in this pass.
eefd062c3f27106dabf5ad93d9c201fc159b0d88	2026-08-06T23:03:23Z	test(codex): align carried lineage authority evidence	Deferred: provider/import change not selected; no bounded, demonstrated fork gap established in this pass.
2d12048e876e7b842a558f6810c46234e8d4f966	2026-08-06T23:05:16Z	Harden Pro retention lease reconciliation	Deferred: no independently portable change selected from metadata; inspect diff if a concrete need arises.
b15cda6714e3223037c1b1067af203226797bb1b	2026-08-07T00:26:28Z	refactor(codex): split lineage responsibilities	Deferred: provider/import change not selected; no bounded, demonstrated fork gap established in this pass.
4fcbbabdbaa5f34ce2b320b112eb0472ba6ed6ee	2026-08-07T00:28:36Z	Split source-backed Pro catch-up responsibilities	Deferred: architecture/product direction is outside this fork’s local CLI/importer scope.
ada373e95819a84e096a0ec0ee1c5099a1a8cb4a	2026-08-07T04:27:46Z	Merge pull request #349 from ctxrs/ctx/lineage-refresh-integration-20260806	Deferred: no independently portable change selected from metadata; inspect diff if a concrete need arises.
18d6774e6b761ecb1a89e602ba0030c6ff436d98	2026-08-07T11:25:10Z	fix(protocol): accept Pro checkpoint v6 evidence	Excluded by fork guardrail: SDK/contracts/build or hosted-install/release/marketing surface.
41dacc844cd2c85d7fbd2ae10e0fa745807c2177	2026-08-07T11:25:42Z	Merge pull request #352 from ctxrs/ctx/pro-checkpoint-v6-protocol-acceptance-20260807	Excluded by fork guardrail: SDK/contracts/build or hosted-install/release/marketing surface.
17362327acb1872c0c2f3fcbf49d093ccb05de2e	2026-08-07T22:28:59Z	fix(codex): port root conflict diagnostics to current main	Deferred: provider/import change not selected; no bounded, demonstrated fork gap established in this pass.
ce889c566d1cffe45bdc092f87de3bcafea3562a	2026-08-07T22:42:55Z	test(codex): force FD budget worker count	Deferred: provider/import change not selected; no bounded, demonstrated fork gap established in this pass.
0b5dec92c6b389f4da4a3d6ff44169ec96744287	2026-08-07T22:45:09Z	Merge pull request #353 from ctxrs/ctx/release-convergence-currentmain-20260807	Deferred: no independently portable change selected from metadata; inspect diff if a concrete need arises.
4ea98486e270183bf7a3073ee6ad5b9a65d4586c	2026-08-07T23:03:47Z	perf(pro): amortize finalization continuation helpers	Deferred: no independently portable change selected from metadata; inspect diff if a concrete need arises.
298376704f08575e77dee15dfa72654cb1b8e9e0	2026-08-07T14:43:20Z	fix(test): repair public release harness drift	Deferred: no independently portable change selected from metadata; inspect diff if a concrete need arises.
2f56d4019fc06389feb5630f847f820990991a8a	2026-08-07T14:44:29Z	fix(cli): mark catalog-only setup flag ignored	Deferred: no independently portable change selected from metadata; inspect diff if a concrete need arises.
1896cddef1d1d65133ca86c3adfeb3ba647ec347	2026-08-07T14:50:17Z	test(pro): bind fixtures to protocol v3	Excluded by fork guardrail: SDK/contracts/build or hosted-install/release/marketing surface.
ca18ea6e5775c2fc90b45a62d3ee235166fdb443	2026-08-07T14:53:32Z	test: enable upgrade harness for optimized unit tests	Excluded by fork guardrail: network, telemetry, updater, or release-signing surface.
a9c4c29a9868f37ac9c864a574b814e7a631f7bf	2026-08-07T14:49:47Z	fix(usage): require positive delivered output	Deferred: no independently portable change selected from metadata; inspect diff if a concrete need arises.
aef0ac73ec1deb611edada59b78a1a72765b1bb1	2026-08-07T14:56:48Z	fix(protocol): bind v3 inventory to checkpoint v6	Excluded by fork guardrail: SDK/contracts/build or hosted-install/release/marketing surface.
0706e622cbadd89dc269a686f897520615b8257e	2026-08-07T14:56:51Z	test: accept owner-safe release fixture rejection	Deferred: no independently portable change selected from metadata; inspect diff if a concrete need arises.
16544fec4567815abfc5c77dc392ae30d34195c5	2026-08-07T15:03:54Z	fix(refresh): certify missing catalog routes	Deferred: no independently portable change selected from metadata; inspect diff if a concrete need arises.
13090b794013c5fea4b10bfd7603306be84f44eb	2026-08-07T15:15:04Z	Fence daemon admission during hosted uninstall	Deferred: architecture/product direction is outside this fork’s local CLI/importer scope.
17f7e1b320a48c5526a180f785d28c532107ff5c	2026-08-07T15:20:58Z	fix(index): fence certified missing routes	Deferred: no independently portable change selected from metadata; inspect diff if a concrete need arises.
c369b9077d0fee4aa93cae7668b0b3314f2b7ef3	2026-08-07T15:23:16Z	test(capture): stabilize Codex cold worker fault fixture	Deferred: provider/import change not selected; no bounded, demonstrated fork gap established in this pass.
19370db9ee2cae18bec6a84e7e25c9f03bdcc75a	2026-08-07T15:28:12Z	test(cli): align release authority fixtures	Deferred: no independently portable change selected from metadata; inspect diff if a concrete need arises.
49159061845cda0a1319a4149d1c69bc4273416b	2026-08-07T15:32:30Z	Fence supervisor during hosted uninstall	Deferred: no independently portable change selected from metadata; inspect diff if a concrete need arises.
629e6d79f9d3b1679d44897f742fa2ab7c5a00d9	2026-08-07T15:35:16Z	test: register hosted uninstall target	Deferred: no independently portable change selected from metadata; inspect diff if a concrete need arises.
9a258ad7f25329842a670669461f81a29b0341a9	2026-08-07T15:52:48Z	Close supervisor and upgrade uninstall races	Excluded by fork guardrail: network, telemetry, updater, or release-signing surface.
bdb67454407393bff8de787f3817450b09435bf4	2026-08-03T14:42:07Z	fix(pro): restore combined qualification authority	Deferred: no independently portable change selected from metadata; inspect diff if a concrete need arises.
38a6f701c127906590774588fe2b517ee6b10d9b	2026-08-04T05:01:55Z	test(pro): bind qualification authorizer in combined host	Deferred: no independently portable change selected from metadata; inspect diff if a concrete need arises.
10221bc5cd3b1a6fcdb9eaeb2d9e2cec677249b0	2026-08-07T23:23:07Z	test: route hosted uninstall fence in CI	Deferred: no independently portable change selected from metadata; inspect diff if a concrete need arises.
600480e5f8e755d1e448962027ce356d8ace1dbb	2026-08-07T23:33:03Z	Merge pull request #354 from ctxrs/ctx/release-alignment-performance-currentmain-20260807	Deferred: no independently portable change selected from metadata; inspect diff if a concrete need arises.
60b4d01780af2ce249efc0bb4947e978311c18a3	2026-08-08T15:32:23Z	docs: update README for source-backed indexing	Deferred: architecture/product direction is outside this fork’s local CLI/importer scope.
6b4cbc821c999a47444b9144f16ce5e3ecb87cf6	2026-08-09T02:26:44Z	fix(codex): mark unique repository result origins	Deferred: provider/import change not selected; no bounded, demonstrated fork gap established in this pass.
0d27f619ee2c31d8f06fc677393b029a5c2c7b85	2026-08-09T03:27:35Z	Merge pull request #359 from ctxrs/ctx/pro-lineage-unique-origin-currentmain-20260808	Deferred: no independently portable change selected from metadata; inspect diff if a concrete need arises.
c6c059e434c4e58fff7a49369309ab94f739ff93	2026-08-09T06:23:28Z	fix(codex): bound fork lineage ambiguity	Deferred: provider/import change not selected; no bounded, demonstrated fork gap established in this pass.
312149b424cdf1b8b1b06f185a6fb72c7ec913c0	2026-08-09T08:37:16Z	fix(codex): scope malformed lineage evidence	Deferred: provider/import change not selected; no bounded, demonstrated fork gap established in this pass.
0bdca5f4c73809a5b46de270091fcfcb61a076d7	2026-08-09T09:02:44Z	fix(codex): fail closed on truncated lineage producers	Deferred: provider/import change not selected; no bounded, demonstrated fork gap established in this pass.
4b0730ff3ad69fd4d2f147e6ecfc7cd0d0600383	2026-08-09T09:19:18Z	Merge pull request #360 from ctxrs/ctx/codex-lineage-prefix-authority-20260809	Deferred: provider/import change not selected; no bounded, demonstrated fork gap established in this pass.
684582e38ed0a89222168230eb4b241cbe1b8607	2026-08-08T04:25:48Z	fix(history-index): normalize Unix stat metadata on macOS	Deferred: no independently portable change selected from metadata; inspect diff if a concrete need arises.
d9cf4c2ac1f567fa4887cbc6359224a856ed59aa	2026-08-09T09:45:21Z	fix(history-index): preserve Darwin device identity	Excluded by fork guardrail: network, telemetry, updater, or release-signing surface.
420590629397e3ba07484ca046ed606c1283f6d8	2026-08-09T10:26:30Z	Merge pull request #355 from createsomethingtoday/codex/fix-macos-stat-metadata	Deferred: provider/import change not selected; no bounded, demonstrated fork gap established in this pass.
bc96855ac44da436352838d4b85ffcb31437d195	2026-08-09T13:23:25Z	perf(core): coordinate source refresh CPU budget	Deferred: no independently portable change selected from metadata; inspect diff if a concrete need arises.
8b5d7b6cbda200b4a550534b0c45cd54a9b7906f	2026-08-09T13:45:24Z	Merge pull request #361 from ctxrs/ctx/core-cold-refresh-306-rc-20260809	Deferred: no independently portable change selected from metadata; inspect diff if a concrete need arises.
9c7b8fd41b5bbad7378a341896c64d22ff3a67e6	2026-08-09T14:40:37Z	perf(codex): avoid redundant catalog prefix hashes	Deferred: provider/import change not selected; no bounded, demonstrated fork gap established in this pass.
6d587feeac4d97c87433c49ab8e135030fcd91d0	2026-08-09T14:43:19Z	Merge pull request #364 from ctxrs/ctx/core-duplicate-read-306-20260809	Deferred: no independently portable change selected from metadata; inspect diff if a concrete need arises.
8699e639bd2bdf1b75057beffc5276dfd038eddc	2026-08-09T14:03:26Z	fix(copilot-cli): skip link-like session files entries without failing the source	Deferred: no independently portable change selected from metadata; inspect diff if a concrete need arises.
2c5a866912f66d7a837125c3c1609f2a04fb1730	2026-08-09T15:09:00Z	fix(codex): report certified JSONL progress bytes	Deferred: provider/import change not selected; no bounded, demonstrated fork gap established in this pass.
967d0edc48854490a9b620ce7232bfe7786856ab	2026-08-09T15:09:30Z	Merge pull request #365 from ctxrs/ctx/core-progress-bytes-306-20260809	Deferred: no independently portable change selected from metadata; inspect diff if a concrete need arises.
880c6b7d30d17680067dc5efd7ab9a802069649e	2026-08-09T15:13:17Z	fix(refresh): compose attached source progress	Deferred: no independently portable change selected from metadata; inspect diff if a concrete need arises.
770208e3b651241c7e02840371acc9a9157ed0c6	2026-08-09T15:14:26Z	Merge pull request #366 from ctxrs/ctx/core-progress-coalesced-306-20260809	Deferred: no independently portable change selected from metadata; inspect diff if a concrete need arises.
104deb4241f99fe167e32bdfc9e7bcea56da1ce5	2026-08-09T15:55:08Z	fix(history-index): preserve portable file modes	Deferred: no independently portable change selected from metadata; inspect diff if a concrete need arises.
b69c04684dd94de5920d0fc4bac167d568078aed	2026-08-09T15:55:09Z	fix(refresh): report discovery and commit phases	Deferred: no independently portable change selected from metadata; inspect diff if a concrete need arises.
e71f883d0892cec9543cd38dd33495a144c59a35	2026-08-09T15:58:51Z	Merge pull request #367 from ctxrs/ctx/core-progress-phases-306-20260809	Deferred: no independently portable change selected from metadata; inspect diff if a concrete need arises.
6716bd907c52c3a0bc9a56318414410d0e087411	2026-08-09T15:59:35Z	Merge pull request #368 from ctxrs/ctx/issue355-linux-clippy-20260809	Deferred: no independently portable change selected from metadata; inspect diff if a concrete need arises.
035a2d0c3ab2892cd3e0572355a8f2fe72e5f7df	2026-08-09T16:22:04Z	Merge pull request #363 from rNoz/rnoz/copilot-symlinked-session-files	Deferred: no independently portable change selected from metadata; inspect diff if a concrete need arises.
368293f950d2b208e6db8419391f104ee605a106	2026-08-09T16:24:09Z	test(copilot): lock symlink traversal boundaries	Deferred: no independently portable change selected from metadata; inspect diff if a concrete need arises.
6ab6e1f35f15d716ff4231bfa643248b6771f462	2026-08-09T16:24:29Z	Merge pull request #369 from ctxrs/ctx/pr363-maintainer-regressions-20260809	Deferred: no independently portable change selected from metadata; inspect diff if a concrete need arises.
14d603829ba9fe960ba1e8f9395474571b37b8e9	2026-08-09T15:55:08Z	perf(codex): avoid duplicate lineage preflight reads	Deferred: provider/import change not selected; no bounded, demonstrated fork gap established in this pass.
f8660375ae3a301bb203978b32b9db11e2ab484e	2026-08-09T16:31:34Z	Merge pull request #370 from ctxrs/ctx/core-lineage-single-pass-306-20260809	Deferred: no independently portable change selected from metadata; inspect diff if a concrete need arises.
5225e7ebff25d31870a8f610ab71a45352023eac	2026-08-09T17:17:46Z	fix(codex): report live source-byte progress	Deferred: provider/import change not selected; no bounded, demonstrated fork gap established in this pass.
c2a64707976d9b3e9ac8795090fffdc32d00432d	2026-08-09T17:27:47Z	Merge pull request #371 from ctxrs/ctx/core-live-byte-progress-306-20260809	Deferred: no independently portable change selected from metadata; inspect diff if a concrete need arises.
d2c07d6c31b06faf3753c747fc909d6bc1c0a535	2026-08-09T17:35:08Z	perf(codex): skip discarded preflight digests	Deferred: provider/import change not selected; no bounded, demonstrated fork gap established in this pass.
6a38c637c15708f8cb7ea06be0e2213b9a31cb91	2026-08-09T17:50:09Z	test(codex): preserve authority before incomplete tail	Deferred: provider/import change not selected; no bounded, demonstrated fork gap established in this pass.
8d0a4aba07c17a4c8041c1f4b94769de492659da	2026-08-09T17:53:51Z	Merge pull request #372 from ctxrs/ctx/core-unhashed-preflight-integrate-306-20260809	Deferred: no independently portable change selected from metadata; inspect diff if a concrete need arises.
616cc421806cff90cc92c6a00e5fd201133dbf31	2026-08-09T18:03:03Z	perf(history): hash Codex lineage prefixes once	Deferred: provider/import change not selected; no bounded, demonstrated fork gap established in this pass.
8d033811cfdce9e332ebe5db4fc317a48922c6f7	2026-08-09T18:15:42Z	Merge pull request #373 from ctxrs/ctx/core-lineage-full-digest-306-20260809	Deferred: no independently portable change selected from metadata; inspect diff if a concrete need arises.
2a38cdcdb2b094870ea309bfc404d422fb1d6139	2026-08-09T18:40:17Z	Merge pull request #357 from atharva-patill/docs/update-source-backed-architecture	Deferred: architecture/product direction is outside this fork’s local CLI/importer scope.
743563a5e7c90708858218bb5b575bdd77d7d24c	2026-08-09T18:41:53Z	docs: describe source refresh progress	Deferred: no independently portable change selected from metadata; inspect diff if a concrete need arises.
caad96e7437b62d00488f82d5c9666d41ebc1b1e	2026-08-09T18:51:19Z	Merge pull request #374 from ctxrs/ctx/rc-progress-docs-20260809	Deferred: no independently portable change selected from metadata; inspect diff if a concrete need arises.
95cdef4f8a05d00297a1a50e7057185c9a0972df	2026-08-09T19:21:31Z	security: renew reviewed paste advisory exception	Deferred: no independently portable change selected from metadata; inspect diff if a concrete need arises.
23b988840a0b48a6226122a4372debd2465b4c96	2026-08-09T19:31:23Z	Merge pull request #375 from ctxrs/ctx/rc-advisory-exception-20260809	Deferred: no independently portable change selected from metadata; inspect diff if a concrete need arises.
c7a2443cc75b74925530aa5bf045756c177522f8	2026-08-09T20:08:53Z	test(release): close current gate inventories	Deferred: no independently portable change selected from metadata; inspect diff if a concrete need arises.
29aab68e2ad65b398f38eb59694c6599e03a1efb	2026-08-09T20:09:25Z	Merge pull request #376 from ctxrs/ctx/rc-release-gate-fixes-20260809	Deferred: no independently portable change selected from metadata; inspect diff if a concrete need arises.
2f0368d1eedc95d909be8f7914ab42d872283c22	2026-08-09T20:34:20Z	fix(release): align native smoke with protocol v3	Excluded by fork guardrail: SDK/contracts/build or hosted-install/release/marketing surface.
278fafd0501ae8ec1ee7fb61ec3c2b817f6f7054	2026-08-09T20:46:44Z	Merge pull request #377 from ctxrs/ctx/rc-protocol3-native-smoke-20260809	Excluded by fork guardrail: SDK/contracts/build or hosted-install/release/marketing surface.
2ebae07ef63eff9384b4ea8e5d4f9cfc0fcfddc1	2026-08-09T23:03:38Z	fix(pro): batch new pages after resume frontier	Deferred: no independently portable change selected from metadata; inspect diff if a concrete need arises.
5042bb97c1ca5956a06dde417acca62562cd91cc	2026-08-09T23:03:44Z	fix(release): expand Windows runfile in launcher	Deferred: no independently portable change selected from metadata; inspect diff if a concrete need arises.
12301d6defb2378deab9e6e91146cbaaba418489	2026-08-09T23:13:25Z	Merge pull request #378 from ctxrs/ctx/rc-pro-resume-windows-20260809	Deferred: no independently portable change selected from metadata; inspect diff if a concrete need arises.
42b8ee6d039c9589bc18d1bb2c50346b2ae2eaf0	2026-08-06T03:36:37Z	refactor: extract semantic index crate	Deferred: architecture/product direction is outside this fork’s local CLI/importer scope.
715cf1c568449e8c1348136a79b02b730b92e854	2026-08-10T03:38:12Z	fix: harden semantic index boundary proof	Deferred: architecture/product direction is outside this fork’s local CLI/importer scope.
e7714844c941ccb00a01f1345b9c4f9bbe0f933f	2026-08-10T03:45:33Z	fix: close semantic boundary bypasses	Deferred: architecture/product direction is outside this fork’s local CLI/importer scope.
88c89e10dccc307630c2e463d7aa2a21be2a0005	2026-08-10T03:47:09Z	Merge pull request #379 from ctxrs/ctx/crate-split-semantic-index-current-20260809	Deferred: architecture/product direction is outside this fork’s local CLI/importer scope.
d8a7bba929a362ecfaecc585c7c6a37acfb49392	2026-08-10T03:37:18Z	Extract durable history index generations	Deferred: architecture/product direction is outside this fork’s local CLI/importer scope.
89616abf7fb137618c465e315b8ac8b135fbcc1b	2026-08-10T03:49:16Z	chore: refresh Bazel module lock	Excluded by fork guardrail: SDK/contracts/build or hosted-install/release/marketing surface.
f2accbd916ccc13b7ac093d25f06b9ea6ac2b00f	2026-08-10T03:58:37Z	test: admit generation dependency closure	Deferred: architecture/product direction is outside this fork’s local CLI/importer scope.
c74aaa1c03528d595f1bffff1a77209ac07a79e4	2026-08-10T04:10:21Z	Merge pull request #380 from ctxrs/ctx/crate-split-index-generation-current-20260809	Deferred: architecture/product direction is outside this fork’s local CLI/importer scope.
125c57c44ae100d8f48fa883a8e2598a7ca7873e	2026-08-10T03:34:33Z	refactor: isolate daemon mechanics from product policy	Deferred: architecture/product direction is outside this fork’s local CLI/importer scope.
2e70da2f20560754098fd2c447c095a069f6cf9e	2026-08-10T04:24:43Z	fix: harden daemon mechanics seam	Deferred: architecture/product direction is outside this fork’s local CLI/importer scope.
af010aaee369935ee1486d426f3218910bc122e6	2026-08-10T04:48:05Z	fix: tighten daemon control and completion paths	Deferred: architecture/product direction is outside this fork’s local CLI/importer scope.
3bbfb74a1e75a544a15352bb2273bacacdf44443	2026-08-10T05:09:46Z	fix daemon post-write seam ownership	Deferred: architecture/product direction is outside this fork’s local CLI/importer scope.
f8dd09b1ca8c7b195f2974d7c3d0574b16e6262d	2026-08-10T05:24:22Z	Merge pull request #381 from ctxrs/ctx/crate-split-daemon-seam-current-20260809	Deferred: architecture/product direction is outside this fork’s local CLI/importer scope.
cdd31d71a55516a8ed0336501d981ad1c790ba18	2026-08-10T05:47:38Z	style: format daemon seam	Deferred: architecture/product direction is outside this fork’s local CLI/importer scope.
db447d2bede28432b3d5c3b2855703f199bc7b89	2026-08-10T05:51:30Z	Merge pull request #382 from ctxrs/ctx/daemon-seam-rustfmt-20260810	Deferred: architecture/product direction is outside this fork’s local CLI/importer scope.
d2324d41e2c2986417bee8f5cbc1b271e01e22f1	2026-08-10T05:55:38Z	fix: use range pattern for protocol versions	Excluded by fork guardrail: SDK/contracts/build or hosted-install/release/marketing surface.
9482cfd3181106496166ba40413230a0f5f95ab8	2026-08-10T05:59:50Z	Merge pull request #383 from ctxrs/ctx/protocol-range-lint-20260810	Excluded by fork guardrail: SDK/contracts/build or hosted-install/release/marketing surface.
b4da92f1fed9222758c86dfb2f8000df2fb320bf	2026-08-10T04:32:21Z	refactor: add transport-neutral application seams	Deferred: no independently portable change selected from metadata; inspect diff if a concrete need arises.
717a6484fe7499541cbe7fadd01a37404d97ac3f	2026-08-10T05:44:44Z	fix: preserve MCP source unavailable contract	Excluded by fork guardrail: SDK/contracts/build or hosted-install/release/marketing surface.
8af73573b758cc1ba224d129e90d89261f67cb16	2026-08-10T05:59:20Z	fix: tighten search authority composition	Deferred: no independently portable change selected from metadata; inspect diff if a concrete need arises.
75867e54abada1dff81d049d5bb59d9cad4a9956	2026-08-10T06:13:55Z	Merge pull request #384 from ctxrs/ctx/crate-split-application-seam-current-20260809	Deferred: no independently portable change selected from metadata; inspect diff if a concrete need arises.
98f775b529852b6cf89b689cd672e45e3e434712	2026-08-10T06:14:55Z	bazel: move core source to compile data	Excluded by fork guardrail: SDK/contracts/build or hosted-install/release/marketing surface.
393e4ad5de141d6498f7d5e38ffb047e983bba43	2026-08-10T06:22:36Z	Merge pull request #385 from ctxrs/ctx/core-source-compile-data-20260810	Deferred: no independently portable change selected from metadata; inspect diff if a concrete need arises.
2daf4b3558b3cbe0dc74a5c7e6c2ad02a594146f	2026-08-10T06:48:46Z	test(release): mark source-surface fixtures explicitly	Deferred: no independently portable change selected from metadata; inspect diff if a concrete need arises.
2faf6069b992c84dd8f4aa596e192efd455954f9	2026-08-10T06:53:51Z	Merge pull request #386 from ctxrs/ctx/release-surface-fixture-extension-20260810	Deferred: no independently portable change selected from metadata; inspect diff if a concrete need arises.
eda5cdc775770d6ea4f6e729f0ae6e2612a1ddc7	2026-08-10T07:14:37Z	test(cli): declare supervisor lock non-truncating	Deferred: no independently portable change selected from metadata; inspect diff if a concrete need arises.
3e404a378fb3fb9ca1e0d9027a3325c0620a7a5f	2026-08-10T07:29:16Z	fix(cli): converge Rust 1.97 production lints	Deferred: no independently portable change selected from metadata; inspect diff if a concrete need arises.
9d6af756c7a6e23754a2b49f36e7b6b5aab5b11f	2026-08-10T07:36:52Z	Merge pull request #387 from ctxrs/ctx/rust197-current-main-clippy-20260810	Deferred: no independently portable change selected from metadata; inspect diff if a concrete need arises.
a5b39763b5906eaa8a6dfe671a4a75413d549ae7	2026-08-10T03:33:02Z	ci: enforce 20k Rust crate limit	Deferred: no independently portable change selected from metadata; inspect diff if a concrete need arises.
2ca01751efee4215c7fe6291f9915f0d146d5029	2026-08-10T06:03:47Z	ci: fail close crate-size authority	Deferred: no independently portable change selected from metadata; inspect diff if a concrete need arises.
970620c325a05e95c1ee939a3a02271590ad57b6	2026-08-10T06:33:03Z	ci: admit strict current-head crate census	Deferred: no independently portable change selected from metadata; inspect diff if a concrete need arises.
e942116580af391c252355ea8c1bff2751663c30	2026-08-10T06:55:06Z	ci: simplify crate size gate to physical packages	Deferred: no independently portable change selected from metadata; inspect diff if a concrete need arises.
931b2b0f95d8d65d2d8fa7c2901731bfd7f75daa	2026-08-10T06:57:48Z	ci: admit physical crate census on fixture head	Deferred: no independently portable change selected from metadata; inspect diff if a concrete need arises.
3bbd8829dd032a39abc19e7ce7b96a4f6ee3986b	2026-08-10T07:19:46Z	ci: close physical crate traversal bypasses	Deferred: no independently portable change selected from metadata; inspect diff if a concrete need arises.
a0f3681044fb8cea18e2ea1bf4ecbe1e8ff0faa6	2026-08-10T07:39:42Z	ci: admit crate census on Rust 1.97 head	Deferred: no independently portable change selected from metadata; inspect diff if a concrete need arises.
31b1e7b9208d5f3362c115ca5430c5f2e3f5c019	2026-08-10T07:40:56Z	Merge pull request #388 from ctxrs/ctx/crate-split-20k-gate-current-20260809	Deferred: no independently portable change selected from metadata; inspect diff if a concrete need arises.
52e09d5262f46582d69e9f24e8075faeb58f4d0f	2026-08-10T07:36:12Z	Extract ctx upgrade engine crate	Excluded by fork guardrail: network, telemetry, updater, or release-signing surface.
eacf9831db591cfba1543f8d8a20ae891b10785f	2026-08-10T07:36:32Z	Cut ctx CLI over to upgrade engine ports	Excluded by fork guardrail: network, telemetry, updater, or release-signing surface.
7514447f390ddd0d490752f164d19edb4a14421a	2026-08-10T07:36:48Z	Register upgrade engine release boundaries	Excluded by fork guardrail: network, telemetry, updater, or release-signing surface.
7f488334d4ea637bbaf1e8b7f6ffd94dd401e45b	2026-08-10T07:42:36Z	Fix Windows upgrade engine port import	Excluded by fork guardrail: network, telemetry, updater, or release-signing surface.
5206c67bf975943dd0cbdd49475c08407da22041	2026-08-10T07:54:39Z	Close upgrade engine extraction gates	Excluded by fork guardrail: network, telemetry, updater, or release-signing surface.
4c386a493531cd052d9871ffbcc7c775b9b79930	2026-08-10T08:00:13Z	Satisfy upgrade engine qualification lint	Excluded by fork guardrail: network, telemetry, updater, or release-signing surface.
88c36239ad5cfb4ea52ca3415d226256d77cf4ce	2026-08-10T08:09:19Z	Fix telemetry provenance base assertion	Excluded by fork guardrail: network, telemetry, updater, or release-signing surface.
4d169e41bb960bbe50dd86ebc5a65a0003fbad40	2026-08-10T08:11:43Z	Merge pull request #389 from ctxrs/ctx/crate-split-upgrade-engine-20260810	Excluded by fork guardrail: network, telemetry, updater, or release-signing surface.
91cbcf750859affaf8884349b01b68376e9666f4	2026-08-10T06:57:28Z	fix(history): make copied lineage child-independent	Deferred: no independently portable change selected from metadata; inspect diff if a concrete need arises.
45849e971a76754f862ba32fd17e0be82f1e0066	2026-08-10T08:22:17Z	refactor(history): compact structural gate coverage	Deferred: no independently portable change selected from metadata; inspect diff if a concrete need arises.
8d2de71195b3f9a06b40a17c4a50e319295e88b4	2026-08-10T08:52:57Z	Merge pull request #390 from ctxrs/ctx/issue306-child-independent-public-integration-20260810	Deferred: no independently portable change selected from metadata; inspect diff if a concrete need arises.
81441e4aded6fec23ecb8567e7c6fa60fafdaa83	2026-08-10T02:57:47Z	Share native JSONL record framing	Deferred: no independently portable change selected from metadata; inspect diff if a concrete need arises.
37b0d3ed3548df39855aafa357320bc07bdf0b3d	2026-08-10T03:03:29Z	Use shared native framer for custom history	Deferred: no independently portable change selected from metadata; inspect diff if a concrete need arises.
cd2593508e15bcd379d4f024bc6eb6d895bde7a6	2026-08-10T03:24:38Z	Converge JSONL side scans on shared framing	Deferred: no independently portable change selected from metadata; inspect diff if a concrete need arises.
5e3a4ccadf4be113551cd3d5efe96bba3772be75	2026-08-10T03:37:46Z	Share JSONL retained file identities	Deferred: no independently portable change selected from metadata; inspect diff if a concrete need arises.
551395ddfeac3dfc5410750f8ca54f12444d4c80	2026-08-10T04:05:26Z	Share JSONL physical record streams	Deferred: no independently portable change selected from metadata; inspect diff if a concrete need arises.
2fac045dd5e683591812bf0f7d04b42f5896e97d	2026-08-10T04:11:14Z	Use shared physical stream for Codex prompts	Deferred: provider/import change not selected; no bounded, demonstrated fork gap established in this pass.
5a98f7753e1862e70202bcc4446fbc97f8392565	2026-08-10T04:50:13Z	Use shared JSONL lifecycle for Codex prompts	Deferred: provider/import change not selected; no bounded, demonstrated fork gap established in this pass.
5cebc143baf9bc7a7d07121061422fe2bb41d5c9	2026-08-10T05:03:58Z	Resume shared JSONL incomplete tails	Deferred: no independently portable change selected from metadata; inspect diff if a concrete need arises.
29df4014ef38743b1f0558a069e5af7de034a1c6	2026-08-10T05:05:05Z	Name shared JSONL framing by semantics	Deferred: architecture/product direction is outside this fork’s local CLI/importer scope.
94055374aa00352055b7dc674c8c3dd4146f364f	2026-08-10T05:26:19Z	Use shared physical stream for Codex sessions	Deferred: provider/import change not selected; no bounded, demonstrated fork gap established in this pass.
d076794e68bf092e8290a4bf27c1744050bca4a5	2026-08-10T05:36:25Z	Center JSONL framing coverage in the shared family	Deferred: no independently portable change selected from metadata; inspect diff if a concrete need arises.
5b8e24bbe680a482e7d087ab245401f4b9698caf	2026-08-10T05:42:17Z	Track shared prompt lifecycle coverage	Deferred: no independently portable change selected from metadata; inspect diff if a concrete need arises.
5964676310a2b13bb958e0f16648ecb648eac694	2026-08-10T07:37:33Z	Remove superseded Codex ingestion scaffolding	Deferred: provider/import change not selected; no bounded, demonstrated fork gap established in this pass.
f2af82bf00035f9fc053b449117fcadefeea91f1	2026-08-10T08:09:15Z	Split shared JSONL checkpoint lifecycle tests	Deferred: no independently portable change selected from metadata; inspect diff if a concrete need arises.
f57d72f08be5a7f80413aed8e3073b7f2bf8c754	2026-08-10T08:54:37Z	Merge pull request #391 from ctxrs/ctx/codex-shared-jsonl-unification-20260809	Deferred: provider/import change not selected; no bounded, demonstrated fork gap established in this pass.
323757e0c0f784794ae9f445fa9f00febaba644d	2026-08-10T09:10:35Z	Extract process-neutral daemon runtime mechanics	Deferred: architecture/product direction is outside this fork’s local CLI/importer scope.
e07c4ef0737d0794fcc97e66255d3cfa76764e63	2026-08-10T09:51:49Z	Register daemon runtime build and control surfaces	Deferred: architecture/product direction is outside this fork’s local CLI/importer scope.
b58bae91df40f2e7c2f584d864e0fe33d945263b	2026-08-10T10:18:15Z	Close daemon runtime control-surface coverage	Deferred: architecture/product direction is outside this fork’s local CLI/importer scope.
b520b318124be75709c8035750ef3bb6cae40bcd	2026-08-10T10:30:36Z	Make daemon boundary graph hermetic	Deferred: architecture/product direction is outside this fork’s local CLI/importer scope.
06f2e2b6abf54a55d155e6268a8cb88e07773ca3	2026-08-10T10:36:17Z	Merge pull request #392 from ctxrs/ctx/daemon-runtime-extraction-20260810	Deferred: architecture/product direction is outside this fork’s local CLI/importer scope.
af9fda463e0078cfe1d1423a1c7c30def1ef5ee5	2026-08-10T10:02:15Z	refactor: extract client observability crate	Deferred: no independently portable change selected from metadata; inspect diff if a concrete need arises.
6f2fa6023c307f5a562454821b371d99251b249c	2026-08-10T10:29:26Z	test: restore CLI observability policy coverage	Deferred: no independently portable change selected from metadata; inspect diff if a concrete need arises.
87713f78977a1da747f5b4cb43c2b0bd6223ae00	2026-08-10T10:51:41Z	Merge pull request #393 from ctxrs/ctx/client-observability-extraction-20260810	Deferred: no independently portable change selected from metadata; inspect diff if a concrete need arises.
863f73c26b6f43f6350180e4319ba8afdd203148	2026-08-10T09:06:15Z	Extract MCP and skill integration authorities	Deferred: no independently portable change selected from metadata; inspect diff if a concrete need arises.
3a50e22f662a77faf677d042b2198bae6ec38cb4	2026-08-10T09:51:34Z	Complete agent integration extraction boundaries	Deferred: no independently portable change selected from metadata; inspect diff if a concrete need arises.
0a3d818ae353baaff0fa6f9058b2f71f60123586	2026-08-10T10:00:44Z	Align extraction checks with rebased contracts	Excluded by fork guardrail: SDK/contracts/build or hosted-install/release/marketing surface.
b832fcece98e7ff1d5aedd774047f2674608ecf4	2026-08-10T10:26:41Z	Harden integration publication and response bounds	Deferred: no independently portable change selected from metadata; inspect diff if a concrete need arises.
b96121c0c6fd2b1dc016a852b9f7f260329348e3	2026-08-10T10:44:48Z	Close integration concurrency and ID bounds	Deferred: no independently portable change selected from metadata; inspect diff if a concrete need arises.
cd0e30de68e801834e6c38a22be432b3922859a7	2026-08-10T10:53:10Z	Reconcile extraction inventories after daemon split	Deferred: architecture/product direction is outside this fork’s local CLI/importer scope.
1502f3c6fa6dc126869d809e76af2f4a4482b607	2026-08-10T11:22:20Z	Reconcile integration extraction controls	Deferred: no independently portable change selected from metadata; inspect diff if a concrete need arises.
51894490b989bff3f20679706ec483f2ab3e0b13	2026-08-10T11:28:18Z	Make unsupported file replacement fail explicitly	Deferred: no independently portable change selected from metadata; inspect diff if a concrete need arises.
fc03783db7272dc37970d01c8e1eb9c31ba1c37b	2026-08-10T11:38:50Z	Merge pull request #394 from ctxrs/ctx/agent-integrations-extraction-20260810	Deferred: no independently portable change selected from metadata; inspect diff if a concrete need arises.
de50fc5b8acfd490b3af4df4e450fa2036979ebc	2026-08-10T10:29:28Z	Extract Pro access into dedicated crate	Deferred: no independently portable change selected from metadata; inspect diff if a concrete need arises.
8a2c16032e521bdd4018de359109ebdf1a07bcc0	2026-08-10T10:57:59Z	fix(pro-access): zeroize transient credential buffers	Deferred: no independently portable change selected from metadata; inspect diff if a concrete need arises.
2b6a5e1eaa2a147bec14f866cd5356540d2fc959	2026-08-10T11:10:38Z	fix(pro-access): preallocate guarded secret buffers	Deferred: no independently portable change selected from metadata; inspect diff if a concrete need arises.
28f5f73c2c25bd092f3cf6a49325e3ac1252f9db	2026-08-10T12:04:06Z	Merge pull request #395 from ctxrs/ctx/pro-access-extraction-20260810	Deferred: no independently portable change selected from metadata; inspect diff if a concrete need arises.
f7dd849207c264c634c8d88c153942e09cb49ebf	2026-08-10T11:05:23Z	Split history index format and query authorities	Deferred: no independently portable change selected from metadata; inspect diff if a concrete need arises.
d6fb99771e7cc2b55d7be7cca58d5fcc24677f94	2026-08-10T13:07:08Z	Merge pull request #396 from ctxrs/ctx/index-format-query-split-20260810	Deferred: no independently portable change selected from metadata; inspect diff if a concrete need arises.
082e4fd560c4260a32b8be8db0d95d8a5a8d4749	2026-08-10T12:30:41Z	fix(release): close exact candidate regressions	Deferred: no independently portable change selected from metadata; inspect diff if a concrete need arises.
bdf30df889307d8882b1753cc9ab474dd99286ef	2026-08-10T13:30:16Z	fix(codex): isolate root conflict failures	Deferred: provider/import change not selected; no bounded, demonstrated fork gap established in this pass.
160da2087a3e67b0c88551a9d2750878b86358aa	2026-08-10T14:33:28Z	Merge pull request #397 from ctxrs/ctx/rc-fix-forward-a4acd13f-20260810	Deferred: no independently portable change selected from metadata; inspect diff if a concrete need arises.
d8a226b0257bc06f1ad78c9166f7d69f1f528163	2026-08-10T15:17:11Z	fix(history): compile causal qualification inventory	Deferred: no independently portable change selected from metadata; inspect diff if a concrete need arises.
1b906382db5634560dad5c5f670f43b340fe7cc3	2026-08-10T15:22:02Z	test(history): mark qualification target test-only	Deferred: no independently portable change selected from metadata; inspect diff if a concrete need arises.
a4ca31a1d56fbfe0e0e89c0c1922147b10eadd68	2026-08-10T15:24:18Z	Merge pull request #398 from ctxrs/ctx/issue306-qualification-cfg-f02c459-20260810	Deferred: no independently portable change selected from metadata; inspect diff if a concrete need arises.
b00427d93a62d5074c1f7aa1e7abe5fad229967d	2026-08-10T16:58:15Z	fix(bazel): track daemon qualification consumers	Excluded by fork guardrail: SDK/contracts/build or hosted-install/release/marketing surface.
0648b7fa8ba02222d8550bd0b5107daea1591385	2026-08-10T17:05:26Z	fix(bazel): separate daemon consumer inventories	Excluded by fork guardrail: SDK/contracts/build or hosted-install/release/marketing surface.
81ab57a3188d4cf5217b162de34bf08b0dc5ec93	2026-08-10T17:10:29Z	Merge pull request #399 from ctxrs/ctx/daemon-runtime-boundary-fix-20260810	Deferred: architecture/product direction is outside this fork’s local CLI/importer scope.
6d499db47c05940fd74f0d6a4134bb5190404b8e	2026-08-10T18:24:33Z	fix(codex): admit nested child sessions	Deferred: provider/import change not selected; no bounded, demonstrated fork gap established in this pass.
a8abcc2e30a5e0b32c624e3de5e5acd6576cc3d4	2026-08-10T18:41:28Z	Merge pull request #400 from ctxrs/ctx/codex-nested-lineage-20260810	Deferred: provider/import change not selected; no bounded, demonstrated fork gap established in this pass.
33659310b0eddb1aba5694b9b90b06a3c7fcf72f	2026-08-10T19:27:29Z	Fix Windows daemon supervisor PathBuf import	Deferred: architecture/product direction is outside this fork’s local CLI/importer scope.
b4542b4a4d2bd80fad60adbbdc142062fcc6d26d	2026-08-10T19:45:19Z	Merge pull request #401 from ctxrs/ctx/windows-daemon-pathbuf-cfg-20260810	Deferred: architecture/product direction is outside this fork’s local CLI/importer scope.
f4fc95ce5b5f35aa0a0958cf821916433e52b550	2026-08-10T20:10:37Z	fix(release): bind macOS x64 LLVM authority	Deferred: no independently portable change selected from metadata; inspect diff if a concrete need arises.
f369de8413370469fc6e87560d5b57cea774698c	2026-08-10T20:39:32Z	fix(release): require LLVM authority for published macOS x64	Deferred: no independently portable change selected from metadata; inspect diff if a concrete need arises.
5c7ad6b35368d4ec176d11c28e0fa7e0f5ca9fdd	2026-08-10T20:54:25Z	Merge pull request #402 from ctxrs/ctx/macos-x64-llvm-authority-repair-20260810	Deferred: no independently portable change selected from metadata; inspect diff if a concrete need arises.
28565bb6e6a49440b3461e6a6d076e37b99118fc	2026-08-10T21:29:06Z	fix(codex): admit frozen prefixes during live append	Deferred: provider/import change not selected; no bounded, demonstrated fork gap established in this pass.
2f479c1aa8a58a56d23df5e40f4d5ae1b7846e59	2026-08-10T22:41:18Z	Merge pull request #403 from ctxrs/ctx/issue-306-cold-live-append-20260810	Deferred: no independently portable change selected from metadata; inspect diff if a concrete need arises.
5c5f4ffd30039555cceeffe6dd08dbb75de6ad97	2026-08-10T12:19:12Z	Extract daemon service orchestration from CLI	Deferred: architecture/product direction is outside this fork’s local CLI/importer scope.
8c21c6d99c9b95a665a5f14a8dda4cb5953d7c16	2026-08-10T12:19:27Z	Register daemon service build and release boundaries	Deferred: architecture/product direction is outside this fork’s local CLI/importer scope.
04fe5e230bb6c6ec46532ca95bbf5b0d144bf168	2026-08-10T13:08:08Z	Align daemon service contracts and qualification	Excluded by fork guardrail: SDK/contracts/build or hosted-install/release/marketing surface.
4b1d4b870841432d16bdb351fd4afb73c5843580	2026-08-10T13:53:10Z	Fix daemon service boundary and durable Pro seams	Deferred: architecture/product direction is outside this fork’s local CLI/importer scope.
55db412bf49d10ea3067d2b3064a3d04385c0559	2026-08-10T14:20:12Z	Restore daemon service behavioral seam coverage	Deferred: architecture/product direction is outside this fork’s local CLI/importer scope.
1104bea4724b4c0c951a80937611a0fb6463e2b6	2026-08-10T21:57:03Z	Fix daemon service test-only refresh import	Deferred: architecture/product direction is outside this fork’s local CLI/importer scope.
e9d87ff2ef65e2805432924f534fb43513f9fa4a	2026-08-10T22:09:35Z	Register restored daemon semantic seam tests	Deferred: architecture/product direction is outside this fork’s local CLI/importer scope.
31dcd869eaa175866e41ec736801093f34be77b3	2026-08-10T22:27:07Z	Preserve platform gates across daemon extraction	Deferred: architecture/product direction is outside this fork’s local CLI/importer scope.
1f12cdb4205a400161ed9dae6f135b633743124b	2026-08-10T22:32:15Z	Update ctx size ratchet for restored seam tests	Deferred: no independently portable change selected from metadata; inspect diff if a concrete need arises.
0af7d69a6597b41d10279d964cbc2c814774759a	2026-08-10T23:00:27Z	Merge pull request #404 from ctxrs/ctx/daemon-service-extraction-20260810	Deferred: architecture/product direction is outside this fork’s local CLI/importer scope.
6473840d8d9f890c623f868f47d7a623c674c43d	2026-08-10T14:22:04Z	WIP: checkpoint refresh execution extraction	Deferred: no independently portable change selected from metadata; inspect diff if a concrete need arises.
969cbbb6afae3403aff7c3d99a7ea7efab91b1d2	2026-08-10T22:07:34Z	Finish refresh execution extraction boundary	Deferred: no independently portable change selected from metadata; inspect diff if a concrete need arises.
76775b9c2a74c0639dea5d4c4c726a5c31522196	2026-08-10T22:51:29Z	Unify refresh query readiness authority	Deferred: no independently portable change selected from metadata; inspect diff if a concrete need arises.
85616900991511e1a48f5a431582479e51870783	2026-08-10T23:14:17Z	Fix SBOM fixture after refresh extraction rebase	Deferred: no independently portable change selected from metadata; inspect diff if a concrete need arises.
9dcc4a9daa112a982c0b20b30875a38b8cb51e7b	2026-08-10T23:21:01Z	Merge pull request #406 from ctxrs/ctx/refresh-execution-extraction-20260810	Deferred: no independently portable change selected from metadata; inspect diff if a concrete need arises.
ab0dba5a12a4efba2fc688c43a0d1884384169c3	2026-08-10T22:31:55Z	fix first-run daemon lifecycle handling	Deferred: architecture/product direction is outside this fork’s local CLI/importer scope.
773aad009aa25eaa80ee40c1b9f3cebfdbb98b11	2026-08-10T22:37:54Z	fix(claude): ignore private thinking-only records	Deferred: provider/import change not selected; no bounded, demonstrated fork gap established in this pass.
c9c8875f93852ceeecb5ca579dae30d2326644e6	2026-08-10T22:44:08Z	Fix Core rejection readiness reporting	Deferred: no independently portable change selected from metadata; inspect diff if a concrete need arises.
a67e580fd74c12b81ef5ba67bf66905cc8644824	2026-08-10T22:57:12Z	test rejection-only readiness integration	Deferred: no independently portable change selected from metadata; inspect diff if a concrete need arises.
66f035562d4a4f37a78bf11940f23c0850c2f6ea	2026-08-10T23:12:59Z	fix fallback daemon persistence reporting	Deferred: architecture/product direction is outside this fork’s local CLI/importer scope.
0c42f3997e2352bd0835d9145f215ef9c3e76256	2026-08-10T23:20:22Z	docs clarify fallback daemon lifetime	Deferred: architecture/product direction is outside this fork’s local CLI/importer scope.
8504f667ca36fef583e58813d5a1b1788f31f3f3	2026-08-10T23:25:07Z	fix dependency boundary gate scheduling	Deferred: no independently portable change selected from metadata; inspect diff if a concrete need arises.
2685f0ca3b4468a82d040fb279ccdf9e2cc4fc18	2026-08-10T23:48:32Z	Merge pull request #407 from ctxrs/ctx/staging-first-run-fixes-20260810	Deferred: no independently portable change selected from metadata; inspect diff if a concrete need arises.
15c52ee9a402bd0252d3807e8eee9599bbb43d51	2026-08-10T21:19:39Z	capture: share JSONL terminal authority	Deferred: no independently portable change selected from metadata; inspect diff if a concrete need arises.
f993a667ffff5f9c6f20d4cb72222bd153cc4410	2026-08-10T21:37:57Z	capture: share checkpointed terminal authority	Deferred: no independently portable change selected from metadata; inspect diff if a concrete need arises.
4a46c66ec6e69ea6820722a9bd2f7fcc0cbd6c6c	2026-08-10T21:46:39Z	capture: share pending JSONL exchanges	Deferred: no independently portable change selected from metadata; inspect diff if a concrete need arises.
02c9506b52770074d1e191bacf6e5fd596a1b280	2026-08-10T21:50:00Z	capture: share pending exchange checkpoints	Deferred: no independently portable change selected from metadata; inspect diff if a concrete need arises.
47c1652d7d8fcb8d1d2a15ef6ea39c17709095c3	2026-08-10T22:21:39Z	capture: share JSONL occurrence and projection semantics	Deferred: architecture/product direction is outside this fork’s local CLI/importer scope.
02662bbd53e6ae9c02cb9e151a64c24e7303ff1d	2026-08-10T23:10:58Z	capture: share JSONL MCP content fitting	Deferred: no independently portable change selected from metadata; inspect diff if a concrete need arises.
6c094a5100b9a8b5dda4bbb614750e9bed16a8de	2026-08-11T00:00:03Z	capture: extract shared JSONL semantics	Deferred: architecture/product direction is outside this fork’s local CLI/importer scope.
c94efedc1c327c9a8ec81d8b517a678e35534615	2026-08-11T00:39:10Z	Merge pull request #408 from ctxrs/ctx/semantic-jsonl-convergence-20260810	Deferred: architecture/product direction is outside this fork’s local CLI/importer scope.
78f1ebb250a14237c6123037ade29ad6aa9c07f8	2026-08-10T19:38:14Z	fix(codex): require exact repository result authority	Deferred: provider/import change not selected; no bounded, demonstrated fork gap established in this pass.
10ce21f4df3e71d3af73d3ba159916be5fd7a3ec	2026-08-11T00:05:49Z	fix(codex): prove repository result uniqueness	Deferred: provider/import change not selected; no bounded, demonstrated fork gap established in this pass.
934bba2bf9ca0848e30df82d27f2dcb5c9c38f99	2026-08-11T00:58:40Z	Merge pull request #409 from ctxrs/ctx/repository-origin-integration-main-20260810	Deferred: no independently portable change selected from metadata; inspect diff if a concrete need arises.
9bb344cee20d0f036010b237f80f7616a3f6b113	2026-08-10T22:59:38Z	refactor(history): extract query application crate	Deferred: no independently portable change selected from metadata; inspect diff if a concrete need arises.
8ff4658c690454c37d97124673512b7eefb1dc68	2026-08-11T00:19:28Z	refactor(history): make query crate own pinned workflows	Deferred: no independently portable change selected from metadata; inspect diff if a concrete need arises.
4382abadc05e6c5c6dbdccf2017b412999600b59	2026-08-11T00:31:26Z	build(history): qualify query extraction on latest main	Deferred: no independently portable change selected from metadata; inspect diff if a concrete need arises.
c7735b207442ce305cb1361b92b40238c431c762	2026-08-11T00:53:13Z	fix(history): preserve CLI source filter diagnostics	Deferred: no independently portable change selected from metadata; inspect diff if a concrete need arises.
731624790139cf234f6d7e2db506fe35f5e78f49	2026-08-11T01:12:03Z	build(history): compose query extraction with latest main	Deferred: no independently portable change selected from metadata; inspect diff if a concrete need arises.
c7d2040e1df53848f5537b27f2d42f9f9576a547	2026-08-11T01:24:32Z	Merge pull request #410 from ctxrs/ctx/history-query-extraction-20260810b	Deferred: no independently portable change selected from metadata; inspect diff if a concrete need arises.
2309b3f27a538013cf958b80c7e4d16b658776bc	2026-08-10T13:03:15Z	Extract installed Pro host runtime	Deferred: no independently portable change selected from metadata; inspect diff if a concrete need arises.
e87b6c4d2bf6ea57584c3a8604bc0ec17ac299ef	2026-08-10T13:07:42Z	Fix standalone Pro host crate composition	Deferred: no independently portable change selected from metadata; inspect diff if a concrete need arises.
0b0d1599943744f21f5f56a009d26bf33783041d	2026-08-10T13:09:32Z	Align Pro host with split index crates	Deferred: no independently portable change selected from metadata; inspect diff if a concrete need arises.
52109c42ec5d14a46bfc8ab145084941c7df002b	2026-08-10T13:14:51Z	Narrow Pro host public API	Deferred: no independently portable change selected from metadata; inspect diff if a concrete need arises.
2d3e425fad2bb4846e2eb5a32b0d010f97e6c047	2026-08-10T13:31:20Z	Retain Pro status generation lease	Deferred: architecture/product direction is outside this fork’s local CLI/importer scope.
f917811de59fc736bf4d26054e7d3ac5c423ae81	2026-08-10T13:36:45Z	Lock Pro materialization receipt bytes	Deferred: no independently portable change selected from metadata; inspect diff if a concrete need arises.
c88ee4a413e5b1135328ccfbc353a72c1a983be9	2026-08-10T22:15:47Z	Integrate ctx-pro-host into the root workspace	Deferred: no independently portable change selected from metadata; inspect diff if a concrete need arises.
37e8badb09c7dfd3b9ee41cc7a1716fbe966afd8	2026-08-10T22:34:29Z	Adapt Pro generation pins to daemon service extraction	Deferred: architecture/product direction is outside this fork’s local CLI/importer scope.
3fda6d6202a8565933c97fb4394fe54a2f2dae3e	2026-08-10T23:10:22Z	Harden Pro helper execution identity	Excluded by fork guardrail: network, telemetry, updater, or release-signing surface.
d391aa0935b81c279c671c42d87f3ff4f12e10d9	2026-08-10T22:53:03Z	Establish Pro lifecycle release authority	Deferred: no independently portable change selected from metadata; inspect diff if a concrete need arises.
8644e5452e7db42a6038f9e42502bc8573c93f6e	2026-08-11T00:01:44Z	Complete guarded Pro lifecycle authority	Deferred: no independently portable change selected from metadata; inspect diff if a concrete need arises.
7487236b2068a43b7dea10d74116b20deccdb875	2026-08-11T00:26:24Z	Bound lifecycle artifact revalidation memory	Deferred: no independently portable change selected from metadata; inspect diff if a concrete need arises.
d709d3cd58ecdd2d945d6cbcc2aba5ad32fae3da	2026-08-11T00:27:18Z	Integrate Pro lifecycle release boundary	Deferred: no independently portable change selected from metadata; inspect diff if a concrete need arises.
b53a39fc4dfe9d0cb89af533a647639dd1b80b45	2026-08-11T00:40:39Z	Align Pro lifecycle qualification variants	Deferred: no independently portable change selected from metadata; inspect diff if a concrete need arises.
9684d14fca4dbd337d51aa63ee2df002ee677697	2026-08-11T01:01:13Z	Regenerate Bazel lock after Pro stack rebase	Excluded by fork guardrail: SDK/contracts/build or hosted-install/release/marketing surface.
c710547cd4b8eacf4e0239e4d3eda2604f4037e5	2026-08-11T01:47:36Z	Bound Pro lifecycle artifact publication memory	Deferred: no independently portable change selected from metadata; inspect diff if a concrete need arises.
415638334d0fb1611f33e8c8f35c97402b5c2a23	2026-08-11T01:52:55Z	Recompute Pro stack size ratchet after query extraction	Deferred: no independently portable change selected from metadata; inspect diff if a concrete need arises.
d8fd6e3b794255676354b2fcc13071a36d333d71	2026-08-11T02:15:36Z	Merge pull request #411 from ctxrs/ctx/pro-lifecycle-extraction-20260810b	Deferred: no independently portable change selected from metadata; inspect diff if a concrete need arises.
3ae779ae78492ba3dbcc59ec4c806266c110c4a1	2026-08-11T01:04:00Z	release: make FreeBSD source-only	Deferred: no independently portable change selected from metadata; inspect diff if a concrete need arises.
5478150b5d49dd7f19fa261a8077dd57c4f1b188	2026-08-11T01:09:21Z	docs: harden source install destination	Deferred: no independently portable change selected from metadata; inspect diff if a concrete need arises.
3d196746f498c8102a4da8109eca940f89efab6d	2026-08-11T02:09:02Z	test: complete FreeBSD source-only catalog contract	Excluded by fork guardrail: SDK/contracts/build or hosted-install/release/marketing surface.
529fe91cb1349cf820c8bd7c2d5d63f0b3710643	2026-08-11T02:09:11Z	ci: route macOS arm64 releases to hosted Buildkite	Excluded by fork guardrail: SDK/contracts/build or hosted-install/release/marketing surface.
bb67c143c8358f944aecd9525870b3c0c22d3d14	2026-08-11T02:38:26Z	Merge pull request #412 from ctxrs/ctx/public-freebsd-hosted-macos-arm64-integration-final-20260810	Deferred: no independently portable change selected from metadata; inspect diff if a concrete need arises.
24c37c7517c580319403f317e9bd2da140944426	2026-08-11T02:47:45Z	ci: defer shell parameters to Buildkite steps	Excluded by fork guardrail: SDK/contracts/build or hosted-install/release/marketing surface.
2f6e694d63660df667032df0ab7225167e19952d	2026-08-11T02:50:45Z	ci: declare hosted macOS signing secrets	Excluded by fork guardrail: network, telemetry, updater, or release-signing surface.
24bb2cf4635192607ece2635d61c371bddfb2581	2026-08-11T02:53:06Z	Merge pull request #413 from ctxrs/ctx/buildkite-upload-runtime-interpolation-20260810	Excluded by fork guardrail: SDK/contracts/build or hosted-install/release/marketing surface.
c764673b16d0c2726843b9315278bfd51d0bd5c5	2026-08-10T22:44:52Z	refactor(capture): extract provider-neutral capture model	Deferred: provider/import change not selected; no bounded, demonstrated fork gap established in this pass.
0c2050bf34b3c97c1473fcf4b59a8eb8d40c654d	2026-08-10T23:14:28Z	fix(capture): complete model release contracts	Excluded by fork guardrail: SDK/contracts/build or hosted-install/release/marketing surface.
e08eb228ab69352b5da9c4552abc073494f13480	2026-08-10T22:25:52Z	refactor(capture): extract repository evidence crate	Deferred: no independently portable change selected from metadata; inspect diff if a concrete need arises.
f26882434bbcb7fc82d286222fa017499c458d89	2026-08-11T01:35:50Z	fix(capture): complete model evidence integration	Deferred: no independently portable change selected from metadata; inspect diff if a concrete need arises.
155d02a8246614d78ac8f91e9bc9d89c0bda5f95	2026-08-11T02:03:25Z	fix(capture): complete latest-main composition	Deferred: no independently portable change selected from metadata; inspect diff if a concrete need arises.
4223a28891827b41ad69f0cbe249eab9aa27849e	2026-08-11T02:27:13Z	fix(capture): resolve extraction authority blockers	Deferred: no independently portable change selected from metadata; inspect diff if a concrete need arises.
e3027595d4af63aad6f3172fe0477e69b06f3418	2026-08-11T02:47:01Z	build(capture): finalize composition metadata	Deferred: no independently portable change selected from metadata; inspect diff if a concrete need arises.
53bbcede3b5975315466d671b5498c7da12039f3	2026-08-11T03:08:07Z	Merge pull request #414 from ctxrs/ctx/capture-model-repository-evidence-compose-20260810	Deferred: no independently portable change selected from metadata; inspect diff if a concrete need arises.
373c6a163b95be4f2776680a5a1dd6ad76928628	2026-08-11T03:14:13Z	ci: avoid hosted npm apt conflict	Deferred: no independently portable change selected from metadata; inspect diff if a concrete need arises.
c35f35213c63a17d1774e2a658807c0e9e0a542f	2026-08-11T03:19:13Z	Merge pull request #415 from ctxrs/ctx/hosted-ubuntu-npm-capability-20260810	Deferred: no independently portable change selected from metadata; inspect diff if a concrete need arises.
a067f10c9eb1b3a1b40266206c9c5bd6e7ab4d16	2026-08-10T22:51:23Z	refactor(capture): extract provider-neutral source I/O	Deferred: provider/import change not selected; no bounded, demonstrated fork gap established in this pass.
cd0b74dc6cc12649f57bd732329c3ab5a9193974	2026-08-11T00:17:34Z	refactor(source-io): enforce single sqlite acquisition authority	Deferred: no independently portable change selected from metadata; inspect diff if a concrete need arises.
b7ab5f4e52f45f3cc713d7b9e5dc82f2583c8383	2026-08-11T00:25:50Z	build: ratchet capture after source I/O extraction	Deferred: no independently portable change selected from metadata; inspect diff if a concrete need arises.
d8be4860d40fa7bc801b5f73f33001fb9c29b56b	2026-08-11T01:31:37Z	fix(source-io): finalize sqlite reads on every exit	Deferred: no independently portable change selected from metadata; inspect diff if a concrete need arises.
091078882dd1f71bf662f70982166b5417dcd2f0	2026-08-11T02:16:58Z	fix(source-io): preserve primary acquisition failures	Deferred: no independently portable change selected from metadata; inspect diff if a concrete need arises.
12118c716a64bf57f5f9e535089de6e632c0359d	2026-08-11T02:45:20Z	fix(capture): restore sqlite lifecycle compatibility	Deferred: no independently portable change selected from metadata; inspect diff if a concrete need arises.
aa531a7efb61eaca7666a7f17830b0d92115b93f	2026-08-11T03:43:46Z	fix(ci): move Bazel repository cache outside checkout	Excluded by fork guardrail: SDK/contracts/build or hosted-install/release/marketing surface.
77a10399134a8ea95d38c00db379f3d524eb4c6a	2026-08-11T03:53:26Z	Merge pull request #417 from ctxrs/ctx/capture-source-io-extraction-20260810b	Deferred: no independently portable change selected from metadata; inspect diff if a concrete need arises.
3bd769f11313cbf717444f8469db95ab66fa704f	2026-08-11T03:56:39Z	Merge pull request #416 from ctxrs/ctx/buildkite-bazel-cache-boundary-20260810	Excluded by fork guardrail: SDK/contracts/build or hosted-install/release/marketing surface.
af0d82fb16f4a14abfa09f9c6e1652488fcbf4b1	2026-08-11T04:54:38Z	fix(ci): support Python 3.10 crate preflight	Deferred: no independently portable change selected from metadata; inspect diff if a concrete need arises.
f18c0270eb2d7af211740c2874d631ab281e0df6	2026-08-11T03:54:56Z	release: prepare pinned semantic model sources	Deferred: architecture/product direction is outside this fork’s local CLI/importer scope.
adbf998678ebd10c1f3b4f42b6fe41ec608a610e	2026-08-11T03:55:02Z	ci: acquire semantic inputs in release steps	Deferred: architecture/product direction is outside this fork’s local CLI/importer scope.
48957cb616f96f7bec441a21ba45803a42cdf143	2026-08-11T04:52:17Z	release: fetch pinned semantic model license	Deferred: architecture/product direction is outside this fork’s local CLI/importer scope.
06ffb79d086097c75d77981eec47ea526a6afcb2	2026-08-11T05:03:29Z	Merge pull request #418 from ctxrs/ctx/crate-size-python310-20260811	Deferred: no independently portable change selected from metadata; inspect diff if a concrete need arises.
9a0aeb80fd55c592681fef273fce378370456c9e	2026-08-11T05:03:33Z	Merge pull request #419 from ctxrs/ctx/semantic-release-inputs-integration-20260811	Deferred: architecture/product direction is outside this fork’s local CLI/importer scope.
9cf8112b0aeec8fe443df963a256944986ddeb3e	2026-08-11T05:25:23Z	fix(build): declare daemon runtime test cfg	Deferred: architecture/product direction is outside this fork’s local CLI/importer scope.
95472faef86287acf3dfdf08b4c0c69d1504a0dc	2026-08-11T05:35:49Z	Merge pull request #420 from ctxrs/ctx/fix-daemon-runtime-clippy-cfg-20260811	Deferred: architecture/product direction is outside this fork’s local CLI/importer scope.
6ec04f1755f46fe7c72d2ba79f3bc0bf46ba726d	2026-08-11T05:43:30Z	fix(source-io): group snapshot options	Deferred: no independently portable change selected from metadata; inspect diff if a concrete need arises.
9006eac27b179befbea7034dc7262dbc0d1fc21e	2026-08-11T05:54:00Z	Merge pull request #421 from ctxrs/ctx/clippy-test-support-args-20260811	Deferred: no independently portable change selected from metadata; inspect diff if a concrete need arises.
d786051d993dde1c85d3609a185e253c8a63537b	2026-08-11T05:59:50Z	fix(pro-lifecycle): group manifest delivery inputs	Deferred: no independently portable change selected from metadata; inspect diff if a concrete need arises.
2c6e6158e11cf351fc49dc201dba09c81d2d8432	2026-08-11T06:06:41Z	Merge pull request #422 from ctxrs/ctx/lifecycle-clippy-args-borrows-20260811	Deferred: no independently portable change selected from metadata; inspect diff if a concrete need arises.
3bdb192842e896e255bc0f29d8ea8687f8d5051e	2026-08-11T06:19:40Z	fix(history-query): box locate result records	Deferred: no independently portable change selected from metadata; inspect diff if a concrete need arises.
5dae37eaeba5a8864dc7d5922c7446f5c9973d8c	2026-08-11T06:27:09Z	Merge pull request #423 from ctxrs/ctx/history-query-large-enum-20260811	Deferred: no independently portable change selected from metadata; inspect diff if a concrete need arises.
be3ddb5e255b4c07a3b8378dc4d7b5f068951688	2026-08-11T06:53:08Z	test(cli): remove single-case provider loop	Deferred: provider/import change not selected; no bounded, demonstrated fork gap established in this pass.
3db3c62e7dc3fe3f0c161afd9b2cfe6b818ce1c7	2026-08-11T06:57:15Z	Merge pull request #424 from ctxrs/ctx/native-providers-single-loop-20260811	Deferred: provider/import change not selected; no bounded, demonstrated fork gap established in this pass.
2b26dc910e2834657db651cb4754472606104620	2026-08-11T07:14:42Z	test(jvm): synchronize inherited pipe EOF	Deferred: no independently portable change selected from metadata; inspect diff if a concrete need arises.
c2115cfc598eeaf32bcb302deba2fefb6b36965f	2026-08-11T07:23:26Z	Merge pull request #425 from ctxrs/ctx/jvm-eof-timing-20260811	Deferred: no independently portable change selected from metadata; inspect diff if a concrete need arises.
c6a971933f5ceb6eb563d743e60bd1238986e1d2	2026-08-11T07:29:10Z	chore: refresh ctx crate-size ratchet	Deferred: no independently portable change selected from metadata; inspect diff if a concrete need arises.
6f1948d4162896ab399157882a18dfdb9711cdb1	2026-08-11T06:50:19Z	Extract provider source discovery crate	Deferred: provider/import change not selected; no bounded, demonstrated fork gap established in this pass.
867a6fa3eb3ded37d655d1dbf3c8c3fb05b559ae	2026-08-11T07:21:00Z	Fix source discovery extraction review gates	Deferred: no independently portable change selected from metadata; inspect diff if a concrete need arises.
90c39a7496a95630426e7cb12c24773ed113b252	2026-08-11T07:31:21Z	Merge pull request #427 from ctxrs/ctx/capture-source-discovery-extraction-20260811	Deferred: no independently portable change selected from metadata; inspect diff if a concrete need arises.
d71f6fd9d7b6bcc2c94e7e8b5ed884be0c1204d3	2026-08-11T07:32:39Z	Merge pull request #426 from ctxrs/ctx/crate-size-ratchet-20260811	Deferred: no independently portable change selected from metadata; inspect diff if a concrete need arises.
05ab559ee3bd291330486122df3573d3d1a98a95	2026-08-11T05:50:56Z	refactor: extract terminal presentation crate	Deferred: no independently portable change selected from metadata; inspect diff if a concrete need arises.
6b1d7cfe1b1c76f58bba67040a9fb5d028aed6b1	2026-08-11T06:16:34Z	fix: preserve typed terminal progress semantics	Deferred: architecture/product direction is outside this fork’s local CLI/importer scope.
53f1392c4e31b5bb40d6e39572951798f0fd5633	2026-08-11T06:55:28Z	fix: measure terminal JSON output	Deferred: no independently portable change selected from metadata; inspect diff if a concrete need arises.
c226b4d4b562c42dab5ee47fb47aea03a6ebcc3b	2026-08-11T07:13:27Z	test: close terminal print macro alias oracle	Deferred: no independently portable change selected from metadata; inspect diff if a concrete need arises.
190d51826980bd6a739973d3002da1c79966e40d	2026-08-11T07:25:21Z	test: reject terminal std module aliases	Deferred: no independently portable change selected from metadata; inspect diff if a concrete need arises.
2a4147cd909b37bf77fb3c62f93b68e0f4a9d7a9	2026-08-11T07:38:03Z	Merge pull request #428 from ctxrs/ctx/ctx-terminal-extraction-20260811	Deferred: no independently portable change selected from metadata; inspect diff if a concrete need arises.
d6cc400571f585009bbfab19fbc9d934e2e24654	2026-08-11T07:47:11Z	chore: refresh terminal extraction ratchet	Deferred: no independently portable change selected from metadata; inspect diff if a concrete need arises.
476fa41a704e19a6b471f62e1c77bea4ccf8e557	2026-08-11T07:50:50Z	Merge pull request #429 from ctxrs/ctx/crate-size-ratchet-terminal-20260811	Deferred: no independently portable change selected from metadata; inspect diff if a concrete need arises.
45e04d63869682e0ccf6258cd5d9c32592f77124	2026-08-11T08:35:08Z	Extract generic MCP application layer	Deferred: no independently portable change selected from metadata; inspect diff if a concrete need arises.
b397d3af64c9d87a375159a583e87cb58965bc69	2026-08-11T08:55:29Z	Extract agent tool application orchestration	Deferred: no independently portable change selected from metadata; inspect diff if a concrete need arises.
78e4d0e6cf6ddde4557712882a7abd44ba9092b5	2026-08-11T09:38:55Z	Extract agent integration application workflows	Deferred: no independently portable change selected from metadata; inspect diff if a concrete need arises.
b21a0bba12231ecef071094f81f38c283e371ab7	2026-08-11T09:53:23Z	Merge pull request #430 from ctxrs/ctx/ctx-agent-application-extraction-20260811	Deferred: no independently portable change selected from metadata; inspect diff if a concrete need arises.
7c8a69258eef14e6d3edaf6f4a3598175cd03650	2026-08-11T08:57:28Z	Extract borrowed daemon application policy	Deferred: architecture/product direction is outside this fork’s local CLI/importer scope.
f5ba13d80ea8b508a037d5031161af1b1a90c417	2026-08-11T09:57:12Z	Complete daemon application extraction	Deferred: architecture/product direction is outside this fork’s local CLI/importer scope.
61ffa44c789aae741d0d2019791b3a8111f376b0	2026-08-11T10:16:07Z	Enforce daemon discovery environment parity	Deferred: architecture/product direction is outside this fork’s local CLI/importer scope.
14cee954226cb50cee155a117368888e82abdd2b	2026-08-11T10:40:50Z	Reconcile application extractions after rebase	Deferred: no independently portable change selected from metadata; inspect diff if a concrete need arises.
c0cab47b15a0314a0a3e619203d42ff9a9faade5	2026-08-11T10:52:42Z	Merge pull request #431 from ctxrs/ctx/ctx-daemon-application-extraction-20260811	Deferred: architecture/product direction is outside this fork’s local CLI/importer scope.
8aa2d6f853bc8e5d0a29d614a973a3d5f3920b8b	2026-08-11T08:46:23Z	Extract history read application models	Deferred: no independently portable change selected from metadata; inspect diff if a concrete need arises.
b1520e454bb899b2c9ffdcda6c051100dfe209fe	2026-08-11T09:19:30Z	Extract search and locate read orchestration	Deferred: no independently portable change selected from metadata; inspect diff if a concrete need arises.
ba505d6058f32a1cee46f02bbd2a3125b5825f5f	2026-08-11T10:14:27Z	Extract bounded show and list read orchestration	Deferred: no independently portable change selected from metadata; inspect diff if a concrete need arises.
932b6c790acab58c27abacfa04a1008cfc7ada61	2026-08-11T11:08:50Z	Reconcile history read extraction after rebase	Deferred: no independently portable change selected from metadata; inspect diff if a concrete need arises.
aca7f82653c6a5ed5949cee131689da80a3ebedd	2026-08-11T11:18:04Z	Merge pull request #432 from ctxrs/ctx/ctx-history-read-application-extraction-20260811	Deferred: no independently portable change selected from metadata; inspect diff if a concrete need arises.
e0a47fd0802904b733c8a87622327796e2418791	2026-08-11T11:13:19Z	Extract history source listing application policy	Deferred: no independently portable change selected from metadata; inspect diff if a concrete need arises.
b974d2a0acfe65613c846bfa511299287eeac158	2026-08-11T11:46:32Z	Extract history ingest lifecycle authority	Deferred: no independently portable change selected from metadata; inspect diff if a concrete need arises.
f20fc28300cc4517f8a34c22bfa205c3be6709c2	2026-08-11T11:46:46Z	Route CLI imports through ingest application	Deferred: provider/import change not selected; no bounded, demonstrated fork gap established in this pass.
1df207e6167cbe869e9f50ef44f113ca0e5f93ff	2026-08-11T11:49:02Z	Complete ingest discovery port test adapter	Deferred: no independently portable change selected from metadata; inspect diff if a concrete need arises.
98fe81db045e64ec4bd5b87838b5a958c8efdd8e	2026-08-11T12:16:40Z	Collapse ingest presentation compatibility bridge	Deferred: no independently portable change selected from metadata; inspect diff if a concrete need arises.
2cb612c9ed82873b1b96a0984c58dacf7a29dd4f	2026-08-11T12:16:57Z	Reconcile merged application build metadata	Deferred: no independently portable change selected from metadata; inspect diff if a concrete need arises.
eebe3437a16ed2800b76f4b56ab64a7730522f88	2026-08-11T12:37:49Z	Fix exact ingest failure human projection	Deferred: no independently portable change selected from metadata; inspect diff if a concrete need arises.
4083184ed16375aa3f5fa60f5c7435542bb5aa00	2026-08-11T12:43:09Z	Merge pull request #434 from ctxrs/ctx/ctx-history-ingest-application-extraction-20260811	Deferred: no independently portable change selected from metadata; inspect diff if a concrete need arises.
f61db57e30a35dc1d10fea37794c2988fbdd1509	2026-08-11T11:06:10Z	refactor(pro): extract helper application seam	Deferred: no independently portable change selected from metadata; inspect diff if a concrete need arises.
8e02269507eadcabd3dcec9eb3c4501ce3e7ef67	2026-08-11T11:11:52Z	refactor(pro): move local uninstall orchestration	Deferred: no independently portable change selected from metadata; inspect diff if a concrete need arises.
ad3f38fa9d3c1f754d41bf813961d4d410af3363	2026-08-11T11:12:28Z	build(pro): register qualified application variants	Deferred: no independently portable change selected from metadata; inspect diff if a concrete need arises.
edcaeef1f48498b50aa65913a74be1f4d96b074d	2026-08-11T11:37:10Z	refactor(pro): extract license application authority	Deferred: no independently portable change selected from metadata; inspect diff if a concrete need arises.
9a59970acebc3f0d87adccd4a35c499a9d991d0d	2026-08-11T11:38:05Z	build(pro): enforce application authority boundary	Deferred: no independently portable change selected from metadata; inspect diff if a concrete need arises.
801eab1c3bb390e3e8fb66f349b826beb08999f9	2026-08-11T12:12:22Z	refactor(pro): extract commercial lifecycle authority	Deferred: no independently portable change selected from metadata; inspect diff if a concrete need arises.
5d95136728d4b5a1779b885501e4bd6e80ae260d	2026-08-11T12:12:37Z	build(release): inventory pro application materials	Deferred: no independently portable change selected from metadata; inspect diff if a concrete need arises.
b366dc390f9a9c24594aeb71330722818beec605	2026-08-11T12:39:16Z	refactor(pro): extract setup command orchestration	Deferred: no independently portable change selected from metadata; inspect diff if a concrete need arises.
32a338b48dca3b702bc99421a4f4c52bc76c6b49	2026-08-11T12:39:41Z	build(pro): ratchet setup application authority	Deferred: no independently portable change selected from metadata; inspect diff if a concrete need arises.
6d64d9f192ceb933b01400c0e0729f94e0d64c5c	2026-08-11T12:44:13Z	build(pro): inventory application reverse dependencies	Deferred: no independently portable change selected from metadata; inspect diff if a concrete need arises.
7f24ef0895caf1b472b257e40f0dd582940bb22e	2026-08-11T13:10:05Z	refactor(pro): extract referral application authority	Deferred: no independently portable change selected from metadata; inspect diff if a concrete need arises.
c336bb42024c71e3589ae302e1f1e5c97cc19b3c	2026-08-11T13:10:11Z	build(pro): ratchet referral application authority	Deferred: no independently portable change selected from metadata; inspect diff if a concrete need arises.
43ead174f3b1e018c66c142cdd3352f47e9cc620	2026-08-11T13:20:09Z	build(pro): ratchet extracted CLI surface	Deferred: no independently portable change selected from metadata; inspect diff if a concrete need arises.
f2250f84b80665a3d74f019424b1a89737004201	2026-08-11T13:38:32Z	Merge pull request #435 from ctxrs/ctx/ctx-pro-application-extraction-20260811	Deferred: no independently portable change selected from metadata; inspect diff if a concrete need arises.
2969a2069e3375d1d0d8cdfb8f5180db9c9d72e3	2026-08-11T02:30:20Z	refactor(history): route JSONL framing through adapters	Deferred: no independently portable change selected from metadata; inspect diff if a concrete need arises.
824c8134334600690665dce090ccc6157d2fff0b	2026-08-11T02:27:10Z	refactor(codex): remove legacy checkpoint row reconstruction	Deferred: provider/import change not selected; no bounded, demonstrated fork gap established in this pass.
a1d1f8bdd73435ed01a22c1853af64114952368d	2026-08-11T02:42:12Z	perf(codex): converge MCP terminal projection	Deferred: provider/import change not selected; no bounded, demonstrated fork gap established in this pass.
2a59649079398899704e07168e75892061c8276c	2026-08-11T03:00:10Z	refactor(codex): remove dead event residue	Deferred: provider/import change not selected; no bounded, demonstrated fork gap established in this pass.
4097f8928d792091f6324e3b5f1216b55f24bf71	2026-08-11T05:51:41Z	refactor(codex): converge native path on shared JSONL	Deferred: provider/import change not selected; no bounded, demonstrated fork gap established in this pass.
d65f53d1d6cf63ba56d01b93f4d5454471564c27	2026-08-11T06:10:33Z	refactor(capture): remove superseded JSON helpers	Deferred: no independently portable change selected from metadata; inspect diff if a concrete need arises.
6de0893c8bd917375a9bc98817774dbeb0536c1b	2026-08-11T06:41:08Z	fix(codex): migrate legacy JSONL frontiers	Deferred: provider/import change not selected; no bounded, demonstrated fork gap established in this pass.
c7aa6d4f8e87f5b9725018858dccf9d75269583b	2026-08-11T06:48:05Z	fix(codex): bind semantic preflight to projection	Deferred: architecture/product direction is outside this fork’s local CLI/importer scope.
6ee32548e2f72b0208392983178e13465eb3e9fc	2026-08-11T07:10:28Z	refactor(codex): remove JSONL adapter residue	Deferred: provider/import change not selected; no bounded, demonstrated fork gap established in this pass.
79a731334aaa59a4dc66adc38d414abcd8d50e65	2026-08-11T06:59:53Z	fix(capture): compact nested JSONL checkpoints	Deferred: no independently portable change selected from metadata; inspect diff if a concrete need arises.
ad927888b31f8c5798f36a416be8cc3c76607ecb	2026-08-11T07:26:48Z	fix(capture): honor semantic replacement preflight	Deferred: architecture/product direction is outside this fork’s local CLI/importer scope.
447c590a4c4c26e7292e88774b15eecd29300e6b	2026-08-11T07:35:13Z	fix(capture): bound final Codex checkpoint envelope	Deferred: provider/import change not selected; no bounded, demonstrated fork gap established in this pass.
702775e72ede3a01cbfdc4e1fefc77bd117fc2f2	2026-08-11T08:04:38Z	refactor(codex): require shared JSONL generation	Deferred: architecture/product direction is outside this fork’s local CLI/importer scope.
aaf7f1012341f222ae09f9636cb296d0bf097f47	2026-08-11T08:07:49Z	refactor(codex): remove default prompt membership hook	Deferred: provider/import change not selected; no bounded, demonstrated fork gap established in this pass.
19ccab71a861cc3c8c6c072bfe8f1c761d84664c	2026-08-11T10:53:35Z	refactor(history): share single-file JSONL lifecycle	Deferred: no independently portable change selected from metadata; inspect diff if a concrete need arises.
2285519d005fd9dc432bec60d8fce6810688686f	2026-08-11T10:39:06Z	refactor(identity): centralize provider-native derivation	Excluded by fork guardrail: network, telemetry, updater, or release-signing surface.
dd2462eb271f944fb50bad06dcb69d67d3ef1c64	2026-08-11T10:37:52Z	refactor(openclaw): share JSONL terminal authority	Deferred: no independently portable change selected from metadata; inspect diff if a concrete need arises.
8da8b5fc073b3768ede0628819eaa2298eff1bab	2026-08-11T08:41:29Z	refactor(codex): reconstruct checkpoint authority	Deferred: provider/import change not selected; no bounded, demonstrated fork gap established in this pass.
80b8e26f82a39ad5f350c94cd5a291d367043811	2026-08-11T10:53:14Z	prototype codex checkpoint replay reconstruction	Deferred: provider/import change not selected; no bounded, demonstrated fork gap established in this pass.
c10eaaa80e3ca5910d2e0a043fc1d8c3c2fa095b	2026-08-11T11:28:46Z	rebuild unknown codex semantic checkpoints	Deferred: architecture/product direction is outside this fork’s local CLI/importer scope.
59a6b0642fcb192f74c975d408835fc1cc4bc171	2026-08-11T11:35:00Z	fix exact JSON result alias linkage	Deferred: no independently portable change selected from metadata; inspect diff if a concrete need arises.
f89b03fc1b6fdd4abb801c10e8432fa81349a5e9	2026-08-11T12:05:20Z	refactor jsonl preflight lifecycle per leaf	Deferred: no independently portable change selected from metadata; inspect diff if a concrete need arises.
24e4e9438108f2f13f62b41e6912d9c6058bac4d	2026-08-11T12:29:16Z	refactor(codex): emit core records at page boundary	Deferred: provider/import change not selected; no bounded, demonstrated fork gap established in this pass.
3714a9c0fa39b9309ddac98c91bd8aa20733363d	2026-08-11T12:44:17Z	fix(history): reconcile shared JSONL integrations	Deferred: no independently portable change selected from metadata; inspect diff if a concrete need arises.
1a8c806cd0dbac1e67ee97df06a8bfda16748b3c	2026-08-11T12:51:13Z	refactor(bazel): default non-Rust gate mode to target	Excluded by fork guardrail: SDK/contracts/build or hosted-install/release/marketing surface.
0a193a01b13e010cca98adb7a67fec6532c2361a	2026-08-11T13:07:26Z	test(capture): deduplicate source-backed regressions	Deferred: architecture/product direction is outside this fork’s local CLI/importer scope.
f53ef7f7bd17cbe996922f041d3e784e0837b165	2026-08-11T13:08:40Z	chore(policy): ratchet history capture crate shrink	Deferred: no independently portable change selected from metadata; inspect diff if a concrete need arises.
fc78c599247933154b22235205d1bd7929b10e1e	2026-08-11T13:12:57Z	test(capture): canonicalize split regression fixtures	Deferred: no independently portable change selected from metadata; inspect diff if a concrete need arises.
961d41341daf12f4e97d1ab6ffd2f3ad22a9f428	2026-08-11T13:17:02Z	test(cursor): compare replacement records in event order	Deferred: provider/import change not selected; no bounded, demonstrated fork gap established in this pass.
c3131e84a69af082388e5fffb479d4da34ae2ebf	2026-08-11T14:21:13Z	refactor(source-io): centralize retained file identity	Excluded by fork guardrail: network, telemetry, updater, or release-signing surface.
69a381970bd3c6c4767821948ee5aa43ae26122d	2026-08-11T14:21:19Z	perf(codex): avoid replay authority cloning	Deferred: provider/import change not selected; no bounded, demonstrated fork gap established in this pass.
c6e03611534e4dd2810b1c28f3d4d0aff444f1e7	2026-08-11T14:21:27Z	refactor(codex): finish shared JSONL convergence	Deferred: provider/import change not selected; no bounded, demonstrated fork gap established in this pass.
8dc23c35bc30a8e967b3e45cb385597586f200fe	2026-08-11T14:24:15Z	chore(policy): ratchet capture convergence shrink	Deferred: no independently portable change selected from metadata; inspect diff if a concrete need arises.
cc7990b68a1f6a0b2b12cad6fcbe23a06c212982	2026-08-11T15:11:50Z	test(capture): refresh active source contract paths	Excluded by fork guardrail: SDK/contracts/build or hosted-install/release/marketing surface.
28255bfaec0076ac6cd65ea38ab75df16fe49268	2026-08-11T15:15:05Z	Merge pull request #436 from ctxrs/ctx/codex-jsonl-latestmain-20260811	Deferred: provider/import change not selected; no bounded, demonstrated fork gap established in this pass.
e5332581453c64a2b6a68de3cb7047012ab0da34	2026-08-11T15:18:49Z	docs: clarify Hermes support status	Deferred: no independently portable change selected from metadata; inspect diff if a concrete need arises.
36248c91e2db33c778c1d31281f316b886777231	2026-08-11T15:24:04Z	docs: refresh MCP suite registry hash	Deferred: no independently portable change selected from metadata; inspect diff if a concrete need arises.
9137ae4d71a73f890158d44985d9ee07b46b8a10	2026-08-11T15:24:10Z	fix(bazel): repair client observability boundary check	Excluded by fork guardrail: SDK/contracts/build or hosted-install/release/marketing surface.
b6f97463b20f2dea6379cbb3c73d493ca15d4fdb	2026-08-11T15:24:11Z	test(ci): model Bazel crate preflight in force-rerun harness	Excluded by fork guardrail: SDK/contracts/build or hosted-install/release/marketing surface.
8060b66cf0c8d4cfb53d036c2a932dcda7610c12	2026-08-11T15:25:30Z	fix(release): classify FreeBSD as source-only	Deferred: no independently portable change selected from metadata; inspect diff if a concrete need arises.
4f629d953f60f1cf134f7738da55ccf713d164fc	2026-08-11T15:26:03Z	fix(terminal): clear current Clippy warnings	Deferred: no independently portable change selected from metadata; inspect diff if a concrete need arises.
69fd375785a1eb83b079db2dccca15775813de09	2026-08-11T15:26:45Z	Merge pull request #437 from ctxrs/ctx/issue-433-hermes-readme-rc-20260811	Deferred: no independently portable change selected from metadata; inspect diff if a concrete need arises.
a6219ae9c06cdcd8431699b19b8fffbeccdcbb4c	2026-08-11T15:28:36Z	fix(ci): restore per-file LOC limits	Deferred: no independently portable change selected from metadata; inspect diff if a concrete need arises.
4934f53c189046df150c09d0d7c8fc2551d704aa	2026-08-11T15:28:45Z	test: refresh terminal raw-output allowlist	Deferred: no independently portable change selected from metadata; inspect diff if a concrete need arises.
5f7a5f224a6b9a6a4a317d18f9f7e95b8b1299cf	2026-08-11T15:35:23Z	fix(bazel): remove ambient tomli authority	Excluded by fork guardrail: SDK/contracts/build or hosted-install/release/marketing surface.
41d22856110f7364ec092ed624f9cc78e1211c89	2026-08-11T15:37:00Z	Merge pull request #440 from ctxrs/ctx/force-rerun-preflight-20260811	Deferred: no independently portable change selected from metadata; inspect diff if a concrete need arises.
269f37998db575a2be90281fb9f133818408b617	2026-08-11T15:38:53Z	Merge pull request #442 from ctxrs/ctx/terminal-clippy-current-main-20260811	Deferred: no independently portable change selected from metadata; inspect diff if a concrete need arises.
bc25853c16724cef20331f66c6cae708fe2aa3c1	2026-08-11T15:43:22Z	Merge pull request #439 from ctxrs/ctx/fix-client-observability-tomli-20260811	Deferred: no independently portable change selected from metadata; inspect diff if a concrete need arises.
cf33ea010d784758ef759b95ef69ea2d803547d6	2026-08-11T15:43:27Z	Merge pull request #438 from ctxrs/ctx/docs-mcp-suite-hash-oracle-20260811-solxhigh	Deferred: no independently portable change selected from metadata; inspect diff if a concrete need arises.
72f29d9f58d69c6dbd248413368d369b17d51f60	2026-08-11T15:44:54Z	Merge pull request #443 from ctxrs/ctx/terminal-raw-output-allowlist-20260811	Deferred: no independently portable change selected from metadata; inspect diff if a concrete need arises.
4fc5de63cbe5bc444279fc0ff85c2648644505ea	2026-08-11T15:46:19Z	Merge pull request #441 from ctxrs/ctx/public-release-contract-freebsd-pin-20260811	Excluded by fork guardrail: SDK/contracts/build or hosted-install/release/marketing surface.
dca8afdee44f4daf56b99e2b7e65a535e6c5367f	2026-08-11T15:51:18Z	Merge pull request #444 from ctxrs/ctx/loc-policy-reconcile-20260811	Deferred: no independently portable change selected from metadata; inspect diff if a concrete need arises.
89f237e6dcc2e05e4c0197730fe892811a1738cc	2026-08-11T16:08:08Z	fix(release): route macOS x64 builds through KVM	Deferred: no independently portable change selected from metadata; inspect diff if a concrete need arises.
150a6629708db7f5b171f3e7bb13f1057e7bfbad	2026-08-11T16:20:07Z	Merge pull request #446 from ctxrs/ctx/macos-x64-release-route-kvm-20260811	Deferred: no independently portable change selected from metadata; inspect diff if a concrete need arises.
b16822693e5cb02d99eaf721a490c970ce444989	2026-08-11T17:03:10Z	ci: remove Windows SDK release barrier	Excluded by fork guardrail: SDK/contracts/build or hosted-install/release/marketing surface.
657104274406d9bedd7ef634b242107e4f1986ff	2026-08-11T17:12:44Z	Merge pull request #447 from ctxrs/ctx/remove-sdk-windows-release-barrier-20260811	Excluded by fork guardrail: SDK/contracts/build or hosted-install/release/marketing surface.
a70d164776900416fb338710c77a886da216756b	2026-08-11T17:06:35Z	Collapse Codex provider checkpoint lineage	Deferred: provider/import change not selected; no bounded, demonstrated fork gap established in this pass.
cbccd5fcddf22c9f3058dfd62f00ddd9c43e51f8	2026-08-11T16:47:35Z	Tighten Codex generation and record ownership	Deferred: architecture/product direction is outside this fork’s local CLI/importer scope.
e130341800313deb991587f7333dbf6f5a915f7d	2026-08-11T16:54:12Z	refactor OpenClaw terminal authority preflight	Deferred: no independently portable change selected from metadata; inspect diff if a concrete need arises.
61defdf2883d64da07d8a0dbbdec4b39bfeb86a3	2026-08-11T17:34:10Z	Finish Codex cleanup integration	Deferred: provider/import change not selected; no bounded, demonstrated fork gap established in this pass.
5c50bcd696fb5ee1530de624ae06c720bd5aef8f	2026-08-11T17:45:39Z	Merge pull request #448 from ctxrs/ctx/codex-cleanup-integration-20260811	Deferred: provider/import change not selected; no bounded, demonstrated fork gap established in this pass.
8361c7cbe327ab3fb45fafac297479bfd02fa753	2026-08-11T17:28:07Z	fix(release): execute verified macOS LLVM snapshot	Deferred: no independently portable change selected from metadata; inspect diff if a concrete need arises.
8cca0d6aaf4e05c0574a95dbaffffb2a161da34c	2026-08-11T17:56:30Z	Merge pull request #449 from ctxrs/ctx/macos-llvm-exec-handoff-20260811	Deferred: no independently portable change selected from metadata; inspect diff if a concrete need arises.
92dd0cbdd889621ad0336315aa8fe29c062a186f	2026-08-11T19:56:21Z	fix(source-io): add v2 empty observation predicate	Deferred: no independently portable change selected from metadata; inspect diff if a concrete need arises.
f282e56dc416817202c5e2b5d8dd9c2e6dcaaa47	2026-08-11T20:04:54Z	Merge pull request #451 from ctxrs/ctx/public-ordinary-file-is-empty-20260811	Deferred: no independently portable change selected from metadata; inspect diff if a concrete need arises.
13bccf40c83593b38348a92c222eb878c7944f56	2026-08-11T20:10:34Z	ci: isolate hosted macOS Swift SDK gate	Excluded by fork guardrail: SDK/contracts/build or hosted-install/release/marketing surface.
6ffaa540e643c83943f65b3bdb59bb270398c193	2026-08-11T20:22:17Z	test(ci): pin JVM SDK execution contract	Excluded by fork guardrail: SDK/contracts/build or hosted-install/release/marketing surface.
0790b269bf052ac6901e346f21e15f6fee034eb8	2026-08-11T20:36:19Z	test(ci): make SDK gate proof observable	Excluded by fork guardrail: SDK/contracts/build or hosted-install/release/marketing surface.
9e565c071ec311e041a6e804b5837a7f65e07c79	2026-08-11T20:45:16Z	test(ci): reject Linux SDK route bypasses	Excluded by fork guardrail: SDK/contracts/build or hosted-install/release/marketing surface.
8027beefcb6aaf5d8c30d41ca128485f5da11f21	2026-08-11T20:56:34Z	Merge pull request #452 from ctxrs/ctx/hosted-mac-sdk-integration-20260811	Excluded by fork guardrail: SDK/contracts/build or hosted-install/release/marketing surface.
16ba509e3772afd427f92d60a522399fd237cdf3	2026-08-11T22:14:38Z	fix(daemon): probe live lifecycle readiness	Deferred: architecture/product direction is outside this fork’s local CLI/importer scope.
959c2d61e65e7cd5c2a246a045040c72d4e6e48c	2026-08-11T22:15:37Z	Merge pull request #453 from ctxrs/ctx/daemon-live-readiness-20260811	Deferred: architecture/product direction is outside this fork’s local CLI/importer scope.
21a71ddcdbecad6315f8184ef54aada977326cdf	2026-08-11T21:30:30Z	fix(history-index): shorten predecessor fixture path	Deferred: no independently portable change selected from metadata; inspect diff if a concrete need arises.
0b8b8c3182051162d96916212cfe8c7656470583	2026-08-11T22:20:02Z	Merge pull request #454 from ctxrs/ctx/windows-cargo-path-integration-20260811	Deferred: no independently portable change selected from metadata; inspect diff if a concrete need arises.
dadfb11677e2314ddb0c5fbf2501c37f829022a9	2026-08-11T14:42:31Z	refactor(daemon): extract final CLI adapters	Deferred: architecture/product direction is outside this fork’s local CLI/importer scope.
df9238b98c1cb84e263f05ab1892b82829baffea	2026-08-11T14:42:45Z	build(daemon): register daemon CLI package boundaries	Deferred: architecture/product direction is outside this fork’s local CLI/importer scope.
41b69e77ab8462fcad2f68304828aa90a6e73e5b	2026-08-11T15:30:29Z	fix(daemon): restore final CLI boundary contracts	Excluded by fork guardrail: SDK/contracts/build or hosted-install/release/marketing surface.
09f6f08eb61d4f1fd2e1f0cb6a5d8e12d25c7815	2026-08-11T22:29:37Z	fix(daemon): reconcile CLI extraction with readiness	Deferred: architecture/product direction is outside this fork’s local CLI/importer scope.
5bc3d9a0c6071ef921cdd6fd8942e9cfb7d1dc38	2026-08-11T22:42:53Z	Merge pull request #445 from ctxrs/ctx/daemon-cli-extraction-20260811	Deferred: architecture/product direction is outside this fork’s local CLI/importer scope.
ff2e7faee6d12a3eec87cc9c62e22737044d3048	2026-08-11T16:30:22Z	refactor(history): add CLI adapter foundation	Deferred: no independently portable change selected from metadata; inspect diff if a concrete need arises.
768995259c94304ee37bf6e45af066ee84eb595b	2026-08-11T16:42:29Z	refactor(history): move transcript and filter adapters	Deferred: no independently portable change selected from metadata; inspect diff if a concrete need arises.
a48a3e2745764e93791babee01e90a21af624aed	2026-08-11T16:42:36Z	refactor(history): remove superseded transcript artifact	Deferred: no independently portable change selected from metadata; inspect diff if a concrete need arises.
8f356e4560e989218e643834ac77de12b227939e	2026-08-11T16:46:04Z	refactor(history): move source-backed plugin admission	Deferred: architecture/product direction is outside this fork’s local CLI/importer scope.
a7d9ecbc6fd11401893517624902c2f336eff3c0	2026-08-11T17:35:35Z	refactor(history): extract read source-index commands	Deferred: no independently portable change selected from metadata; inspect diff if a concrete need arises.
90d82ba5e6008f0c89cf64dd48681bf32ed7368a	2026-08-11T18:35:51Z	repair history CLI read extraction	Deferred: no independently portable change selected from metadata; inspect diff if a concrete need arises.
b1f30bcf0a9ed7a5acef68b08298ed8d7a513f90	2026-08-11T19:17:53Z	fix(history): close read checkpoint findings	Deferred: no independently portable change selected from metadata; inspect diff if a concrete need arises.
ff625017757f2bdfde106621d016a5a82791790a	2026-08-11T19:49:58Z	refactor(history): centralize provider CLI vocabulary	Deferred: provider/import change not selected; no bounded, demonstrated fork gap established in this pass.
d845d2abfbca551adb736bf6891a5282622b3c2b	2026-08-11T20:14:08Z	Harden history CLI boundary gate	Deferred: no independently portable change selected from metadata; inspect diff if a concrete need arises.
ab8bd8a8ddc19844442c569ec178b86329b5a256	2026-08-11T20:33:17Z	Close final history CLI boundary bypasses	Deferred: no independently portable change selected from metadata; inspect diff if a concrete need arises.
f7b068a687414eaf69a7a6f29d447c5365113fb2	2026-08-11T20:49:55Z	Harden history CLI reverse Bazel boundary	Excluded by fork guardrail: SDK/contracts/build or hosted-install/release/marketing surface.
4d6cd5e62f74dc525153656bd85030460a32f9e1	2026-08-11T21:01:47Z	refactor(history): move sources command adapter	Deferred: no independently portable change selected from metadata; inspect diff if a concrete need arises.
2b5b9b1b269d69ad989f18711639afe881a5c8e5	2026-08-11T21:19:11Z	refactor(history): extract progress config bridge	Deferred: no independently portable change selected from metadata; inspect diff if a concrete need arises.
66823503d0087cf57f144a63d0a5cc620c06f198	2026-08-11T21:53:21Z	refactor(history): move import application adapter	Deferred: provider/import change not selected; no bounded, demonstrated fork gap established in this pass.
a192eafb8874b1c4a2caf1612aa76ed0f3b95aff	2026-08-11T22:12:57Z	test(history): restore exact import failure report coverage	Deferred: provider/import change not selected; no bounded, demonstrated fork gap established in this pass.
eaf2e3d923f60e79a6f19fe7f97f973bccb651c9	2026-08-11T22:48:33Z	build(history): split root CLI boundary wiring	Deferred: no independently portable change selected from metadata; inspect diff if a concrete need arises.
7c1d6133c46898d75c0413e36fdc02c30646b765	2026-08-11T23:00:13Z	fix(history): preserve CLI observation parity	Deferred: no independently portable change selected from metadata; inspect diff if a concrete need arises.
020c4aeae1a38548a1cc63394dd8fbed46e66fac	2026-08-11T23:06:16Z	Merge pull request #450 from ctxrs/ctx/history-cli-extraction-20260811	Deferred: no independently portable change selected from metadata; inspect diff if a concrete need arises.
e8456aee747ca53d9cdb23e0176042b3e55309fa	2026-08-11T18:09:08Z	feat(history): add eventual Hermes refresh support	Deferred: no independently portable change selected from metadata; inspect diff if a concrete need arises.
ebb382624c11b64193eb3327f8afd7512b689c72	2026-08-11T20:06:43Z	feat: add eventual Hermes refresh support	Deferred: no independently portable change selected from metadata; inspect diff if a concrete need arises.
a4c6d1c112217a70edfc6c4b0e92aee536109751	2026-08-11T20:17:21Z	test: align refresh fixtures with reconciliation metadata	Deferred: no independently portable change selected from metadata; inspect diff if a concrete need arises.
cbf3988da38b139d191006a6cf750740ab61c43c	2026-08-11T21:34:39Z	fix(history): harden Hermes eventual refresh	Deferred: no independently portable change selected from metadata; inspect diff if a concrete need arises.
533e78bdbc20f5da12f8f5677f9e2cbf01d9983b	2026-08-11T22:05:17Z	test(daemon): emit current refresh metadata	Deferred: architecture/product direction is outside this fork’s local CLI/importer scope.
a30ab507677f48e1cd1a4bdecdb01f5519f258d5	2026-08-11T22:54:56Z	test(daemon): align refresh successor fixtures	Deferred: architecture/product direction is outside this fork’s local CLI/importer scope.
9eb4d03966cf845c86d9c0966bd11de2b211f2d9	2026-08-11T23:28:39Z	fix(history): reject oversized Hermes rows before hydration	Deferred: no independently portable change selected from metadata; inspect diff if a concrete need arises.
4d5084f4a0b300efc6897f0bf78d9565cf81ced6	2026-08-11T23:31:07Z	Merge pull request #456 from ctxrs/ctx/hermes-final-integration-20260811	Deferred: no independently portable change selected from metadata; inspect diff if a concrete need arises.
524b4207f12cc10a503b2b5b85400e852724a730	2026-08-11T23:16:56Z	fix(hermes): bound refresh traversal and retire renamed profiles	Deferred: no independently portable change selected from metadata; inspect diff if a concrete need arises.
5c975519677ac5c6510328fc9f069e2a00e7b35c	2026-08-11T23:38:08Z	test(history): emit current query authority metadata	Deferred: no independently portable change selected from metadata; inspect diff if a concrete need arises.
4a0f5118b76c858eec40e7650144e0e78eb91260	2026-08-11T23:40:40Z	fix(hermes): preserve bounded exact hydration	Deferred: no independently portable change selected from metadata; inspect diff if a concrete need arises.
f90bd4d43a6d3d6980403e8cd1f942f589d80794	2026-08-12T00:20:23Z	fix(hermes): close bounded refresh review findings	Deferred: no independently portable change selected from metadata; inspect diff if a concrete need arises.
a947e72fab7f1abb510bd149870f0ced189d3abd	2026-08-12T00:37:15Z	fix(hermes): replay orphan message leaves	Deferred: no independently portable change selected from metadata; inspect diff if a concrete need arises.
a7c41e2e55c7b2e1536746bb9e3ea9bce23a4867	2026-08-12T00:42:14Z	Merge pull request #455 from ctxrs/ctx/hermes-eventual-refresh	Deferred: no independently portable change selected from metadata; inspect diff if a concrete need arises.
3adfe13f95c06e9d3bb21bc073234e79610f4106	2026-08-12T00:48:57Z	test(terminal): refresh list-events raw-output fingerprint	Deferred: no independently portable change selected from metadata; inspect diff if a concrete need arises.
997bf579b8de48b0354cc96fe9c6b8aa58c1ce00	2026-08-12T01:00:16Z	Merge pull request #457 from ctxrs/ctx/deterministic-raw-output-policy-20260811	Deferred: no independently portable change selected from metadata; inspect diff if a concrete need arises.
e5e18fdd0b37235ad886c1c1e7fc8d4de6e05d8d	2026-08-12T00:54:53Z	fix(build): keep qualification hosts on one ingest graph	Deferred: no independently portable change selected from metadata; inspect diff if a concrete need arises.
5caeedb4c902aa0b013f69299650865451b24d0d	2026-08-12T01:08:57Z	Merge pull request #458 from ctxrs/ctx/auto-upgrade-fixture-single-graph-6293-20260811	Excluded by fork guardrail: network, telemetry, updater, or release-signing surface.
70052bb5fd224543a0ef3dc37189a614781717f4	2026-08-12T02:40:16Z	fix(ci): parse labeled Swift versions	Deferred: no independently portable change selected from metadata; inspect diff if a concrete need arises.
5b73f40c26acb5d62962bb092c86d84bfde1dbe8	2026-08-12T02:44:26Z	Merge pull request #459 from ctxrs/ctx/swift-version-gate-139-20260811	Deferred: no independently portable change selected from metadata; inspect diff if a concrete need arises.
ffe41e0aa3fbe80f71f7169271401c677862b57b	2026-08-12T03:03:51Z	ci: authorize crate ownership transition	Deferred: no independently portable change selected from metadata; inspect diff if a concrete need arises.
1898ca54d6b5229d4e7d60f5da3e9b0d6ef553ea	2026-08-12T03:10:12Z	Merge pull request #460 from ctxrs/ctx/public-crate-size-transition-20260811	Deferred: no independently portable change selected from metadata; inspect diff if a concrete need arises.
7ec2e3ba780f17296664e0330664c43b1179780c	2026-08-12T03:14:14Z	ci: remove consumed crate ownership transition	Deferred: no independently portable change selected from metadata; inspect diff if a concrete need arises.
4806c63639f1e6c9e3a9a283649c99ede282918e	2026-08-12T03:19:33Z	Merge pull request #461 from ctxrs/ctx/public-consumed-transition-cleanup-20260811	Deferred: no independently portable change selected from metadata; inspect diff if a concrete need arises.
6c3e9318bf0c1160c18fda978c4cab788bc20be7	2026-08-12T04:18:43Z	Clarify SQLite file state test snapshots	Deferred: no independently portable change selected from metadata; inspect diff if a concrete need arises.
ffde0be13ed1e3f530d8d2aa6f9ffe42bafe438e	2026-08-12T04:22:50Z	Merge pull request #462 from ctxrs/ctx/release-clippy-sqlite-file-state-20260812	Deferred: no independently portable change selected from metadata; inspect diff if a concrete need arises.
01f5037ff69271986208b4882085c0b23a1a17c6	2026-08-12T05:11:28Z	Fix source discovery Clippy warnings	Deferred: no independently portable change selected from metadata; inspect diff if a concrete need arises.
4f438da1c586ce49d2350f58920b74547be031eb	2026-08-12T05:15:29Z	Merge pull request #463 from ctxrs/ctx/public-source-discovery-release-clippy-20260812	Deferred: no independently portable change selected from metadata; inspect diff if a concrete need arises.
d9ccecb3e4f2a8e77fabc40033c95acfc1847257	2026-08-12T06:18:00Z	fix(read): satisfy checked-add Clippy lint	Deferred: no independently portable change selected from metadata; inspect diff if a concrete need arises.
2dfc0f20029c09d333f456a200191d9098268815	2026-08-12T06:19:44Z	Merge pull request #464 from ctxrs/ctx/public-read-application-clippy-20260812	Deferred: no independently portable change selected from metadata; inspect diff if a concrete need arises.
2c703758217783e3ef74fdd10f9e953f4090672c	2026-08-12T06:47:12Z	fix(repository): place outcome tests after items	Deferred: no independently portable change selected from metadata; inspect diff if a concrete need arises.
5a1c3d1231a91534453d749579c8a656c6169617	2026-08-12T06:48:31Z	Merge pull request #465 from ctxrs/ctx/public-repository-evidence-clippy-20260812	Deferred: no independently portable change selected from metadata; inspect diff if a concrete need arises.
cce00345f6be5a85eb0004cf64dd7dd55af01286	2026-08-12T07:49:41Z	fix(capture): clear release clippy warnings	Deferred: no independently portable change selected from metadata; inspect diff if a concrete need arises.
92c43e0ff9974415f04243510fedec6dae3b9870	2026-08-12T07:55:26Z	Merge pull request #466 from ctxrs/ctx/public-capture-release-clippy-20260812	Deferred: no independently portable change selected from metadata; inspect diff if a concrete need arises.
bf12a2aee3e3ba42f5e796c5d301451c9892d798	2026-08-12T08:28:46Z	fix(refresh): use option map for route control	Deferred: no independently portable change selected from metadata; inspect diff if a concrete need arises.
15db1691795478c9e175cc7c6358beced2243491	2026-08-12T08:31:01Z	Merge pull request #467 from ctxrs/ctx/public-history-refresh-manual-map-20260812	Deferred: no independently portable change selected from metadata; inspect diff if a concrete need arises.
47fd657c87567136f8d1d3245a016c2004f7582f	2026-08-12T09:11:04Z	fix(daemon): group scheduler service arguments	Deferred: architecture/product direction is outside this fork’s local CLI/importer scope.
d4c6d31376a7b36cb9737e1586dc7942d9b64650	2026-08-12T09:14:28Z	Merge pull request #468 from ctxrs/ctx/public-daemon-service-clippy-args-20260812	Deferred: architecture/product direction is outside this fork’s local CLI/importer scope.
9f68f64e9464a9f12a0511ce78a5b88901a002fc	2026-08-12T09:51:00Z	fix(ci): route release qualification to managed capacity	Deferred: no independently portable change selected from metadata; inspect diff if a concrete need arises.
bff4d2a7fdcd3a2994698d789df3714d3ce13527	2026-08-12T09:55:44Z	Merge pull request #469 from ctxrs/ctx/public-release-managed-capacity-20260812	Deferred: no independently portable change selected from metadata; inspect diff if a concrete need arises.
83a842178b3ff2890b866da1e8f96c89feb44517	2026-08-12T10:45:31Z	Fix ctx-pro-host qualification Clippy	Deferred: no independently portable change selected from metadata; inspect diff if a concrete need arises.
0a7ae29c31f39b131e95012ca38dac78fecdc301	2026-08-12T10:49:22Z	Merge pull request #470 from ctxrs/ctx/candidate-169-clippy-needless-return-20260812	Deferred: no independently portable change selected from metadata; inspect diff if a concrete need arises.
746848bd25407eccbb64c5043dd8e539628aa338	2026-08-12T10:41:31Z	ci: run release diagnostics fail-slow	Deferred: no independently portable change selected from metadata; inspect diff if a concrete need arises.
0db1ee355b897f70c70d198735177ba366195249	2026-08-12T11:18:27Z	Merge pull request #471 from ctxrs/ctx/review-merge-buildkite-fail-slow-20260812	Excluded by fork guardrail: SDK/contracts/build or hosted-install/release/marketing surface.
47a79f24abdbe5b034de24239fde6bf70b562eda	2026-08-12T11:29:57Z	Fix ctx-history-cli release Clippy	Deferred: no independently portable change selected from metadata; inspect diff if a concrete need arises.
97985045b61566e2455acda314e6921057fe88b5	2026-08-12T11:43:43Z	Merge pull request #472 from ctxrs/ctx/candidate-170-history-cli-clippy-20260812	Deferred: no independently portable change selected from metadata; inspect diff if a concrete need arises.
fb4fe32f0f5b8c2df2b93d6fe98c74aa60aba2fa	2026-08-12T12:20:46Z	Fix macOS Crush snapshot test compile	Deferred: no independently portable change selected from metadata; inspect diff if a concrete need arises.
1d4d70a635945c3c3072f438ff7d168677eb99bd	2026-08-12T12:15:23Z	fix(release): identify pinned semantic downloads	Deferred: architecture/product direction is outside this fork’s local CLI/importer scope.
0b9cd5210940b1604c4e247118a4e52dacef8aea	2026-08-12T12:28:54Z	Merge pull request #473 from ctxrs/ctx/candidate-150-macos-arm-compile-20260812	Deferred: no independently portable change selected from metadata; inspect diff if a concrete need arises.
c11ca6b3f5a2e8c8a5081023170cc34ebbfe9a25	2026-08-12T13:10:50Z	ci: make normal checks enforce workspace clippy	Deferred: no independently portable change selected from metadata; inspect diff if a concrete need arises.
cbb473c7dc4ec404156a7890af4e82ba6a5d9e83	2026-08-12T13:49:25Z	Merge pull request #474 from ctxrs/ctx/normal-ci-clippy-20260812	Deferred: no independently portable change selected from metadata; inspect diff if a concrete need arises.
caeeba413a50a1e34da1fcb06bfc95743ebec012	2026-08-12T13:40:10Z	fix(release): pin Semantic Core ML toolchain	Deferred: architecture/product direction is outside this fork’s local CLI/importer scope.
2c8fe345a55d0473566de3e2dfa70a9b61f6fba3	2026-08-12T13:59:21Z	Merge pull request #475 from ctxrs/ctx/coreml-hosted-toolchain-20260812	Deferred: no independently portable change selected from metadata; inspect diff if a concrete need arises.
6d9b6cc0b7d91504f3f2f5908eaa3f3db1a7ec95	2026-08-12T14:09:42Z	security: review Tantivy lru advisory exposure	Deferred: no independently portable change selected from metadata; inspect diff if a concrete need arises.
0c6d3b02d02c7ec013c28f66221c5c056846f0a6	2026-08-12T14:10:19Z	Merge pull request #476 from ctxrs/ctx/staging-linux-x64-20260812	Deferred: no independently portable change selected from metadata; inspect diff if a concrete need arises.
d6693c5e88bc834f85196c3455f2fd35a64bad05	2026-08-12T13:45:26Z	ci: shorten Windows Bazel release paths	Excluded by fork guardrail: SDK/contracts/build or hosted-install/release/marketing surface.
a403959e6ef2360caecb36e5a84b6b5261ad5514	2026-08-12T14:12:10Z	Merge pull request #477 from ctxrs/ctx/windows-release-short-bazel-root-20260812	Excluded by fork guardrail: SDK/contracts/build or hosted-install/release/marketing surface.
78d94051d75bc30f9da13afb77401c5b255a5a17	2026-08-12T14:12:45Z	fix(release): include terminal crate license material	Deferred: no independently portable change selected from metadata; inspect diff if a concrete need arises.
05613f780a9ca4076168bd9a145789c6ebfefee6	2026-08-12T14:13:15Z	Merge pull request #478 from ctxrs/ctx/staging-linux-x64-20260812	Deferred: no independently portable change selected from metadata; inspect diff if a concrete need arises.
e1b033f0f338cc6a6863625a6ac4a24c9af6df5b	2026-08-12T14:00:45Z	fix(release): provision pinned advisory inputs	Deferred: no independently portable change selected from metadata; inspect diff if a concrete need arises.
4b29ca9a3945e4e80e79a4d6ad37d3d4185fce56	2026-08-12T14:20:06Z	Merge pull request #479 from ctxrs/ctx/candidate-172-linux-release-path-20260812	Deferred: no independently portable change selected from metadata; inspect diff if a concrete need arises.
1e842d4fdfc7f7675e24d48dc0af047beb72baab	2026-08-12T15:17:43Z	fix release advisory updater on Python 3.9	Deferred: no independently portable change selected from metadata; inspect diff if a concrete need arises.
e5e5e654e959e911ae0dd09489d4a6e5981eaee3	2026-08-12T15:23:07Z	Merge pull request #480 from ctxrs/ctx/fix-python310-advisory-wrapper	Deferred: no independently portable change selected from metadata; inspect diff if a concrete need arises.
acf93e215b4a6b8f0c0bf0ec9aae24a7e33a66a3	2026-08-12T15:50:32Z	build: split release surface test declarations	Deferred: no independently portable change selected from metadata; inspect diff if a concrete need arises.
c5fc2c2dee7d425b2f4505a6b1a5fd63964440d6	2026-08-12T16:09:45Z	Merge pull request #481 from ctxrs/ctx/public-152-root-build-loc-20260812	Deferred: no independently portable change selected from metadata; inspect diff if a concrete need arises.
fe329700efa787c780ea413a08c86c4e9c795a88	2026-08-12T15:50:49Z	ci: keep Windows release paths below MAX_PATH	Deferred: no independently portable change selected from metadata; inspect diff if a concrete need arises.
5a83b6f9efa8b3ce710fd5d5c5a03ea8337b122b	2026-08-12T16:12:58Z	Merge pull request #482 from ctxrs/ctx/windows-cli-max-path-152	Deferred: no independently portable change selected from metadata; inspect diff if a concrete need arises.
a7af00e55b19b16194272c9781957137b7c44a4e	2026-08-12T16:21:01Z	fix(release): allow system zlib for CUDA sidecar	Deferred: no independently portable change selected from metadata; inspect diff if a concrete need arises.
3a054819cdd9dfa1b2c2f99ab354d8c5da9d582e	2026-08-12T16:31:19Z	Merge pull request #483 from ctxrs/ctx/public-152-cuda-libz-20260812	Deferred: no independently portable change selected from metadata; inspect diff if a concrete need arises.
8de48b212d06e294ae06197968af4e780854a67d	2026-08-12T16:33:30Z	fix(release): verify hosted Xcode authority	Deferred: no independently portable change selected from metadata; inspect diff if a concrete need arises.
b4d453fcae6cdf2de8e13f5ca843aeb5065d40c0	2026-08-12T16:39:58Z	Merge pull request #484 from ctxrs/ctx/hosted-xcode-authority-20260812	Deferred: no independently portable change selected from metadata; inspect diff if a concrete need arises.
6157c9e97155886ea92c5c40e558f390fb4399d3	2026-08-12T16:42:09Z	ci: require authoritative Linux release runners	Deferred: no independently portable change selected from metadata; inspect diff if a concrete need arises.
2a732eea233c055d7b7f3a957390e6536ac7e7b6	2026-08-12T16:46:34Z	Merge pull request #485 from ctxrs/ctx/public-152-linux-authority-routing-20260812	Deferred: no independently portable change selected from metadata; inspect diff if a concrete need arises.
fe4bff3e4f9743a3a15b7052747d6c7025655ace	2026-08-12T17:34:51Z	Improve first-run history progress UX	Deferred: no independently portable change selected from metadata; inspect diff if a concrete need arises.
6974406faf0e75a00df698d1aaa6fe0600f89c58	2026-08-12T17:49:38Z	Preserve semantic plain refresh progress	Deferred: architecture/product direction is outside this fork’s local CLI/importer scope.
35e20997655f334ca92c87a22bee261432685068	2026-08-12T17:50:29Z	Merge pull request #486 from ctxrs/ctx/installer-history-progress-20260812	Excluded by fork guardrail: SDK/contracts/build or hosted-install/release/marketing surface.
e674a34eb063ebdd1252cd89291c0e0991ddd9c5	2026-08-12T17:16:19Z	feat: add Grok Build provider support	Deferred: provider/import change not selected; no bounded, demonstrated fork gap established in this pass.
72edfcddad1c402dd2bd9ea76788c54db89774da	2026-08-12T17:51:04Z	refactor: isolate Grok Build qualification	Deferred: no independently portable change selected from metadata; inspect diff if a concrete need arises.
3fcb76b96948e71201e8ead3867c7151ac3dfe24	2026-08-12T17:58:21Z	build: refresh Grok workspace lock metadata	Deferred: no independently portable change selected from metadata; inspect diff if a concrete need arises.
d2d53edc0e0394d8869839a6efbb2cd27c746178	2026-08-12T17:59:28Z	test: expose Grok fixture to parser qualification	Deferred: no independently portable change selected from metadata; inspect diff if a concrete need arises.
78d47440c00ae06261466046b9e958375b78330b	2026-08-12T18:03:04Z	Merge pull request #487 from ctxrs/ctx/grok-build-provider	Deferred: provider/import change not selected; no bounded, demonstrated fork gap established in this pass.
5e16152eb7a70f1fdf9df1e3e7b6c8b0d854ca83	2026-08-12T15:10:55Z	release: build public candidate on Linux	Deferred: no independently portable change selected from metadata; inspect diff if a concrete need arises.
337f50046657a4ca59b94d8994153f2853056717	2026-08-12T16:04:46Z	fix(release): match x64 loader dependency contract	Excluded by fork guardrail: SDK/contracts/build or hosted-install/release/marketing surface.
97ab94b15ce2a9383052b37ff6a85832a373397d	2026-08-12T16:16:24Z	release: make Linux factory strip and inspect macOS outputs	Deferred: no independently portable change selected from metadata; inspect diff if a concrete need arises.
d9e76a3fe25e9c13c244bf1cd50bc141f1e2d7b2	2026-08-12T16:20:11Z	release: match MinGW import closure	Deferred: provider/import change not selected; no bounded, demonstrated fork gap established in this pass.
8693ec5db0340decd230e0a09a63444aeb0a74a1	2026-08-12T16:27:10Z	release: record actual Linux factory inputs	Deferred: no independently portable change selected from metadata; inspect diff if a concrete need arises.
59772bd17c47706f00eb4e3f9ca02a69e282535a	2026-08-12T16:40:10Z	build: refresh Bazel module lock	Excluded by fork guardrail: SDK/contracts/build or hosted-install/release/marketing surface.
f1850cd681f684188100d114bcb322907f721107	2026-08-12T17:04:26Z	release: preserve pinned CoreML producer	Deferred: no independently portable change selected from metadata; inspect diff if a concrete need arises.
a0dbb1875e050b93aa6899d31171192134e0d29f	2026-08-12T17:28:02Z	release: bind Linux factory construction authority	Deferred: no independently portable change selected from metadata; inspect diff if a concrete need arises.
19c03d1cd218d68bfb06caed360d9494f6c33896	2026-08-12T17:31:23Z	release: use one Linux OSV authority	Deferred: no independently portable change selected from metadata; inspect diff if a concrete need arises.
669fb2a10f48128dee51531f27bc0c0fea911527	2026-08-12T17:37:26Z	release: isolate macOS x64 runtime production	Deferred: no independently portable change selected from metadata; inspect diff if a concrete need arises.
24961f15aa963c84f6e501d0f0f2b165aaa29fc7	2026-08-12T18:17:35Z	release: close factory evidence and toolchain gaps	Deferred: no independently portable change selected from metadata; inspect diff if a concrete need arises.
26e12499e1d84d4f66f6d698daf87e281864ce64	2026-08-12T18:19:42Z	Merge remote-tracking branch 'origin/main' into ctx/fully-linux-release-20260812	Deferred: no independently portable change selected from metadata; inspect diff if a concrete need arises.
298cc013be9a0757e837f145d660edb2408972fc	2026-08-12T18:20:21Z	release: close Linux factory evidence and toolchain gaps	Deferred: no independently portable change selected from metadata; inspect diff if a concrete need arises.
3874a82c38b7dd5180aa611caf46d0e02259de17	2026-08-12T20:16:07Z	release: make Ubuntu 24.04 the Linux factory authority	Deferred: no independently portable change selected from metadata; inspect diff if a concrete need arises.
b614cc7b0349f398815d76f97147225eb346868e	2026-08-12T22:25:48Z	release: filter Linux factory targets	Deferred: no independently portable change selected from metadata; inspect diff if a concrete need arises.
7ad6eb0d800262b79ed55518a565acd172631078	2026-08-12T22:27:41Z	release: add Linux factory target filtering	Deferred: no independently portable change selected from metadata; inspect diff if a concrete need arises.
c9125775fe24e9c6f82469804499c20ab41057f2	2026-08-12T22:45:58Z	release: remove obsolete public Bazel CLI path	Excluded by fork guardrail: SDK/contracts/build or hosted-install/release/marketing surface.
f0ac09527771876b8d28fc29bf8320f82d02067e	2026-08-12T22:47:43Z	release: remove obsolete public Bazel CLI path	Excluded by fork guardrail: SDK/contracts/build or hosted-install/release/marketing surface.
9ff32585a7a142a10db8fc885480f52322c9b65f	2026-08-13T01:02:27Z	fix(release): strip Infisical password newline	Deferred: no independently portable change selected from metadata; inspect diff if a concrete need arises.
204a4b329fa45445783b71b75cdbdd14752f188c	2026-08-13T01:09:08Z	Merge pull request #493 from ctxrs/ctx/macos-p12-password-newline-20260812	Deferred: no independently portable change selected from metadata; inspect diff if a concrete need arises.
c869bd83a55ea959fda33d0186b87110124cf9e8	2026-08-13T00:12:26Z	release: allow local macOS signing	Excluded by fork guardrail: network, telemetry, updater, or release-signing surface.
a48b29091d9bce6ab7b924e5b2ad902ec7aee278	2026-08-13T00:37:54Z	release: use PEM credentials for local macOS signing	Excluded by fork guardrail: network, telemetry, updater, or release-signing surface.
66110ed3fa16e1b0f80d27cd4e1c4db474842f21	2026-08-13T00:47:36Z	release: notarize Linux signatures from ZIP archives	Deferred: no independently portable change selected from metadata; inspect diff if a concrete need arises.
26665ced15c36b9031a738a895d6d9504c43d990	2026-08-13T02:14:06Z	release: make Linux factory Python tooling self-contained	Deferred: no independently portable change selected from metadata; inspect diff if a concrete need arises.
89392a231fa3ce0d10cd8e08ac3f1c9126d0ea2a	2026-08-13T02:21:35Z	Merge pull request #495 from ctxrs/ctx/official-local-factory-20260812	Deferred: no independently portable change selected from metadata; inspect diff if a concrete need arises.
85cb0ab112322f859da513d7fbc45cb27a273774	2026-08-13T02:04:11Z	history: relocate capture progress state	Deferred: no independently portable change selected from metadata; inspect diff if a concrete need arises.
7023dc72d09b71d6ea2b807f90c725f46810ab18	2026-08-13T02:27:28Z	fix(history): preserve SQLite progress conversion	Deferred: no independently portable change selected from metadata; inspect diff if a concrete need arises.
16b79426e38ef26adad21acf9185c786b312d311	2026-08-13T02:39:15Z	build: regenerate Bazel module lock	Excluded by fork guardrail: SDK/contracts/build or hosted-install/release/marketing surface.
f4cef6e3fefe3cb94c242a0c6cfa8fc637d8d2d7	2026-08-13T02:51:50Z	Merge pull request #494 from ctxrs/ctx/release-crate-size-progress-20260812	Deferred: no independently portable change selected from metadata; inspect diff if a concrete need arises.
9192964bc435b5832f3a14941be2a59476775266	2026-08-13T03:32:09Z	release: support companion CLI factory signing	Excluded by fork guardrail: network, telemetry, updater, or release-signing surface.
9f588c82acdceeeb49eab13cfcd020be73812e99	2026-08-13T03:34:33Z	Merge pull request #496 from ctxrs/ctx/dual-release-factory-20260812	Deferred: no independently portable change selected from metadata; inspect diff if a concrete need arises.
d9f5727852a47c6ec756119157bec9f7cca92a5c	2026-08-13T03:44:14Z	test: align Windows semantic smoke contract	Excluded by fork guardrail: SDK/contracts/build or hosted-install/release/marketing surface.
9d0d8155a9ebe0f51d3903653ddb3b336ea0986b	2026-08-13T04:04:58Z	Merge pull request #497 from ctxrs/ctx/fix-windows-semantic-contract-176-20260812	Excluded by fork guardrail: SDK/contracts/build or hosted-install/release/marketing surface.
35fa5a17506d285dde11cc8b3a0be75a1e26ddf8	2026-08-13T04:56:39Z	release: unify workspace product version at 1.0.0	Deferred: no independently portable change selected from metadata; inspect diff if a concrete need arises.
c04dc849de41fafff3a49630a766fe2b28d94202	2026-08-13T04:59:33Z	Merge pull request #498 from ctxrs/ctx/version-normalization-1-0-20260813	Deferred: no independently portable change selected from metadata; inspect diff if a concrete need arises.
11e2ab7a41e8da16df1819da99883b7a045b0da3	2026-08-13T06:13:58Z	release: fix exact candidate validation	Deferred: no independently portable change selected from metadata; inspect diff if a concrete need arises.
9d5566be49bfadcc4e2c22fe98af2d5a9978502b	2026-08-13T06:25:11Z	Merge pull request #499 from ctxrs/ctx/integrate-release-validation-20260813	Deferred: no independently portable change selected from metadata; inspect diff if a concrete need arises.
efde95bbf20e8e28010fd8e6e937ae72078f254b	2026-08-13T08:21:32Z	fix(integrations): move env path tests after items	Deferred: no independently portable change selected from metadata; inspect diff if a concrete need arises.
84bbfb28f97c784c0903dab6c3f39085991a3efe	2026-08-13T08:30:53Z	Merge pull request #500 from ctxrs/codex/candidate-178-clippy-paths-integration-20260813	Deferred: provider/import change not selected; no bounded, demonstrated fork gap established in this pass.
0481887c2aa5cc3bb44603822f9a66acfd8f651a	2026-08-13T08:49:21Z	fix(release): restore factory artifact mode portably	Deferred: no independently portable change selected from metadata; inspect diff if a concrete need arises.
671c6d24cc0bdda28729908e4495ef19fe39394d	2026-08-13T08:56:02Z	test(release): cover portable factory artifact paths	Deferred: no independently portable change selected from metadata; inspect diff if a concrete need arises.
f551813bd8c9894cd0c4c6ffd4c0d1b001d75d8d	2026-08-13T09:08:36Z	Merge pull request #501 from ctxrs/ctx/integrate-portable-factory-validator-20260813	Deferred: no independently portable change selected from metadata; inspect diff if a concrete need arises.
27617fb2abb47f71da33cec2a4b23a239495540a	2026-08-13T09:18:59Z	fix(release): emit matrix Linux build metadata	Deferred: no independently portable change selected from metadata; inspect diff if a concrete need arises.
d4034bc966a55c34fd2c006b9250fe77559ef470	2026-08-13T09:25:56Z	Merge pull request #502 from ctxrs/ctx/linux-factory-metadata-integration-20260813	Deferred: no independently portable change selected from metadata; inspect diff if a concrete need arises.
a7f03a0a4e22d09d60794ae2f2aba1bf907bf56a	2026-08-13T09:09:03Z	fix(source-io): qualify ordinary Windows storage	Deferred: no independently portable change selected from metadata; inspect diff if a concrete need arises.
f6b15df3b4f08bb7ad2af6776625d6160ccbb694	2026-08-13T09:28:05Z	Merge pull request #503 from ctxrs/ctx/windows-storage-authority-integration-20260813	Deferred: no independently portable change selected from metadata; inspect diff if a concrete need arises.
2e87923c020ab547a47f2a7520e0a7fce1cd9a21	2026-08-13T09:36:33Z	style(daemon): apply workspace rustfmt	Deferred: architecture/product direction is outside this fork’s local CLI/importer scope.
9cfb4413c56e61d688ee2dbef4a203b417cbbea9	2026-08-13T09:43:34Z	Merge pull request #504 from ctxrs/ctx/rustfmt-checkpoint-76011c64-integration-20260813	Deferred: no independently portable change selected from metadata; inspect diff if a concrete need arises.
bda0e78fcef2b0a66b1e3ec0a8017ce51c0efb4a	2026-08-13T09:58:12Z	fix(release): support Bash 3.2 signing checks	Excluded by fork guardrail: network, telemetry, updater, or release-signing surface.
f2b3d742238bb02935d76f2b8824f8ef29e95471	2026-08-13T10:08:20Z	Merge pull request #505 from ctxrs/ctx/integrate-macos-signing-bash32-20260813	Excluded by fork guardrail: network, telemetry, updater, or release-signing surface.
d129de10cca569b318735d373595857bf07aa826	2026-08-13T12:47:58Z	fix(clippy): remove redundant Grok fixture borrow	Deferred: no independently portable change selected from metadata; inspect diff if a concrete need arises.
2aac8ea890d5f5500a8bf9ad3cfb52ca440cba16	2026-08-13T13:01:23Z	Merge pull request #508 from ctxrs/ctx/candidate180-clippy-borrow-prompt-merge-20260813	Deferred: no independently portable change selected from metadata; inspect diff if a concrete need arises.
cc5a238cd61744621e55f599472ac76e7f1c9b72	2026-08-13T13:53:17Z	test: remove needless refresh progress update	Deferred: no independently portable change selected from metadata; inspect diff if a concrete need arises.
b9b8766b9114a62d19de8ccf27f0bbc8e303a2c7	2026-08-13T14:01:57Z	Merge pull request #509 from ctxrs/ctx/candidate181-refresh-needless-update-20260813	Deferred: no independently portable change selected from metadata; inspect diff if a concrete need arises.
25f929a6b675bd189ec616cebd91825cad53ef59	2026-08-13T14:28:08Z	perf(history): admit unchanged JSONL sources early	Deferred: no independently portable change selected from metadata; inspect diff if a concrete need arises.
98a05122e4e410c45d63e44df40bf24511ee307d	2026-08-13T14:28:44Z	Merge pull request #510 from ctxrs/ctx/generic-jsonl-noop-merge-20260813	Deferred: no independently portable change selected from metadata; inspect diff if a concrete need arises.
ee009176cd1c70e3bb0041b9312ce3bf97a7fb27	2026-08-13T15:40:34Z	fix release structural manifest contracts	Excluded by fork guardrail: SDK/contracts/build or hosted-install/release/marketing surface.
bd221c745ffab42f0ff363d6f8f3e24dbd3736a8	2026-08-13T15:51:17Z	Merge pull request #511 from ctxrs/ctx/mcp-structural-version-contract-161	Excluded by fork guardrail: SDK/contracts/build or hosted-install/release/marketing surface.
44ad729c8ecbc1ee7837c34d3b502456b0c85948	2026-08-13T08:24:29Z	test(perf): derive provider taxonomy from authority	Deferred: provider/import change not selected; no bounded, demonstrated fork gap established in this pass.
143e56160ce6808802ce36335dd60ca5f9de2a21	2026-08-13T08:25:25Z	build: route orphaned qualification tests	Deferred: no independently portable change selected from metadata; inspect diff if a concrete need arises.
1d52d5e2f6877ba9e1874ae9c5fb4f1df6e95ebc	2026-08-13T15:48:42Z	test: refresh daemon and pro boundary contracts	Excluded by fork guardrail: SDK/contracts/build or hosted-install/release/marketing surface.
3e536ff18f585fd6b5da9dc41a5037372a8774db	2026-08-13T15:21:48Z	fix(release): resolve native smoke root aliases	Deferred: no independently portable change selected from metadata; inspect diff if a concrete need arises.
eee8233098f7188954ef070fb76b23ac03f4577c	2026-08-13T16:02:36Z	Merge pull request #512 from ctxrs/ctx/macos-arm-validator-enotdir-161-20260813	Deferred: no independently portable change selected from metadata; inspect diff if a concrete need arises.
47b15adcece8a25889042998f08355c22431190d	2026-08-13T16:03:00Z	Merge pull request #513 from ctxrs/ctx/stale-daemon-pro-release-contract-161-20260813	Excluded by fork guardrail: SDK/contracts/build or hosted-install/release/marketing surface.
3fdc30852af331684090f37dbcfce6635d9fcb83	2026-08-13T15:47:51Z	test(release): align readiness and dashboard contracts	Excluded by fork guardrail: SDK/contracts/build or hosted-install/release/marketing surface.
077f4b17f556bf08a2e4c73c0adc7f004584a7cc	2026-08-13T16:11:05Z	Merge pull request #514 from ctxrs/ctx/release-source-contracts-job161-20260813	Excluded by fork guardrail: SDK/contracts/build or hosted-install/release/marketing surface.
f35267add3b054356a29694119697691894b2ad6	2026-08-13T15:50:07Z	build: reconcile public release inventories	Deferred: no independently portable change selected from metadata; inspect diff if a concrete need arises.
103d08a887bd898a91482697cf87f822a08a3e18	2026-08-13T16:19:49Z	Merge pull request #515 from ctxrs/ctx/public-release-inventory-161-20260813	Deferred: no independently portable change selected from metadata; inspect diff if a concrete need arises.
25042a516bd61dab381e1666f9649283e97ead13	2026-08-13T16:31:45Z	fix: repair semantic model boundary ownership	Deferred: architecture/product direction is outside this fork’s local CLI/importer scope.
c0a70a1416fcd66a16d61c95a232669d3e6107d5	2026-08-13T16:39:51Z	Merge pull request #516 from ctxrs/ctx/semantic-model-boundary-daemon-cli-20260813	Deferred: architecture/product direction is outside this fork’s local CLI/importer scope.
5255d5705db5865533c9529904bd24a435e37454	2026-08-13T16:35:36Z	fix: isolate in-process output accounting	Deferred: no independently portable change selected from metadata; inspect diff if a concrete need arises.
9375cdf5de2a6cd36c2a7503bd2ee90584fc8384	2026-08-13T16:48:59Z	test: close output accounting concurrency gaps	Deferred: no independently portable change selected from metadata; inspect diff if a concrete need arises.
f9f74a20f4229f48d53d0a280f65dd8c8b3e3b77	2026-08-13T17:08:14Z	Merge pull request #517 from ctxrs/ctx/final-accounting-integration-20260813	Deferred: no independently portable change selected from metadata; inspect diff if a concrete need arises.
a489bf3355462e3914ad4fff14b9d31492b599ef	2026-08-13T17:22:34Z	test(refresh): cover interrupted route rebuild	Deferred: no independently portable change selected from metadata; inspect diff if a concrete need arises.
b212290ca7ac4d4c693da42a385632e9ccfe6683	2026-08-13T17:27:54Z	Merge pull request #518 from ctxrs/ctx/issue327-restart-regression-20260813	Deferred: no independently portable change selected from metadata; inspect diff if a concrete need arises.
4cb386138404368f667825e1085a3a91561a541a	2026-08-13T17:49:36Z	fix(refresh): rebuild incompatible generations during recovery	Deferred: architecture/product direction is outside this fork’s local CLI/importer scope.
d9ed8209a49ddb26d6ec0b33c029c76e0e629bbb	2026-08-13T17:50:04Z	test(refresh): cover recovery receipt validation	Deferred: no independently portable change selected from metadata; inspect diff if a concrete need arises.
0f1d0b671b276cf08a2a905619c5bfd84002a02b	2026-08-13T17:51:46Z	fix(refresh): rebuild incompatible generations during recovery	Deferred: architecture/product direction is outside this fork’s local CLI/importer scope.
912bce266e6a76e53f16da4dedf4c164caa4912f	2026-08-13T17:59:59Z	Extract ctx CLI contract tests	Excluded by fork guardrail: SDK/contracts/build or hosted-install/release/marketing surface.
3088b295651ece4e3ccf5e6cf71f67b1aebc4d06	2026-08-12T01:16:43Z	Reconcile contract test metadata after rebase	Excluded by fork guardrail: SDK/contracts/build or hosted-install/release/marketing surface.
7b1c7d9b8302ac62c277f7520a48d412d2ed924a	2026-08-12T01:02:53Z	refactor: extract Pro CLI command layer	Deferred: no independently portable change selected from metadata; inspect diff if a concrete need arises.
d4dcae1ae94757e9d0cd6ce9d7ec62058e68a1c6	2026-08-12T01:20:24Z	chore(build): reconcile combined CLI extraction lock	Deferred: no independently portable change selected from metadata; inspect diff if a concrete need arises.
d4be021870ad354be6bb7bf66b90d3ea5d02938d	2026-08-12T01:21:01Z	Revert "chore(build): reconcile combined CLI extraction lock"	Deferred: no independently portable change selected from metadata; inspect diff if a concrete need arises.
6e977987247b1a798fd419868c6c3a163c9d0a0c	2026-08-12T01:31:01Z	refactor(build): group Pro boundary gates	Deferred: no independently portable change selected from metadata; inspect diff if a concrete need arises.
bb5fc9d692d5b9f40fa4904b0d167f0aecbab51e	2026-08-12T01:34:05Z	fix(cli): preserve contract target ownership	Excluded by fork guardrail: SDK/contracts/build or hosted-install/release/marketing surface.
f2e9ccd0b4165281f2142cc81b1a80135b317b36	2026-08-12T02:38:20Z	fix(cli): close Pro decomposition review findings	Deferred: no independently portable change selected from metadata; inspect diff if a concrete need arises.
042c224a1b4ab9311727324d78bb671395bcb231	2026-08-12T03:03:35Z	fix(build): audit extracted Pro CLI sources	Deferred: no independently portable change selected from metadata; inspect diff if a concrete need arises.
daa933b976836144c0d6fc49d7d147fcee7a9ac8	2026-08-12T01:10:53Z	refactor(cli): start presentation crate extraction	Deferred: no independently portable change selected from metadata; inspect diff if a concrete need arises.
d3194945aa2ab8b50ffbeef976c6602b7155c7f7	2026-08-12T01:34:33Z	refactor(cli): extract history presentation adapters	Deferred: no independently portable change selected from metadata; inspect diff if a concrete need arises.
cdf5f12888d948935894114ea0e4486b1d94e4cc	2026-08-12T01:43:07Z	refactor(cli): extract index and MCP presentation	Deferred: no independently portable change selected from metadata; inspect diff if a concrete need arises.
0af0890d3a89334b1f66c08c601b9f1a9945ad5d	2026-08-12T01:50:07Z	refactor(cli): extract upgrade presentation	Excluded by fork guardrail: network, telemetry, updater, or release-signing surface.
ae20ff10f323874a51d2ba7d7b0d7d0a9f516424	2026-08-12T02:00:52Z	refactor(cli): extract health presentation	Deferred: no independently portable change selected from metadata; inspect diff if a concrete need arises.
16413d1db59f63feb436861500a796719cd46ff2	2026-08-12T03:00:00Z	fix(cli): close presentation review gaps	Deferred: no independently portable change selected from metadata; inspect diff if a concrete need arises.
22548b1239469aa21d19117604449898de56f85a	2026-08-12T03:13:17Z	chore(cli): reconcile decomposition stacks	Deferred: no independently portable change selected from metadata; inspect diff if a concrete need arises.
900daa9d5e507b7d91d2f383d85193c238f720bf	2026-08-12T03:25:56Z	test(cli): audit extracted Pro package surfaces	Deferred: no independently portable change selected from metadata; inspect diff if a concrete need arises.
c3c0ce2db48a932c36d48c36c3e46d5327b43574	2026-08-12T03:32:19Z	refactor(cli): move Pro MCP renderer	Deferred: no independently portable change selected from metadata; inspect diff if a concrete need arises.
1729abce2c01181a2eeaa38894e854c0b73866a4	2026-08-12T03:43:12Z	test(pro): relocate final-binary contracts	Excluded by fork guardrail: SDK/contracts/build or hosted-install/release/marketing surface.
a2c900680a87ef7182810e8a5a9a2aec265606d7	2026-08-12T03:46:58Z	refactor(cli): finish non-pro presentation extraction	Deferred: no independently portable change selected from metadata; inspect diff if a concrete need arises.
968725db2b83b5f7bc260292588e2785c2e72294	2026-08-12T03:51:33Z	test(observability): own final-binary contracts	Excluded by fork guardrail: SDK/contracts/build or hosted-install/release/marketing surface.
698fe9f5f36be12bc185f33cc14a094134160790	2026-08-12T03:51:54Z	test(daemon): relocate final binary contracts	Excluded by fork guardrail: SDK/contracts/build or hosted-install/release/marketing surface.
f47da89bd7b4d3f25827ee5d8396cfda28aaa639	2026-08-12T03:55:46Z	test(upgrade): relocate final-binary contracts	Excluded by fork guardrail: network, telemetry, updater, or release-signing surface.
2ca4288b7e11fa764632779227a862331a048b18	2026-08-12T04:09:14Z	test(history): relocate final binary contracts	Excluded by fork guardrail: SDK/contracts/build or hosted-install/release/marketing surface.
9ba04492804db0fc090f057793a8c3bfb694d559	2026-08-12T04:19:03Z	chore(build): reconcile relocated CLI contract ownership	Excluded by fork guardrail: SDK/contracts/build or hosted-install/release/marketing surface.
f7f707197c872417e804bc4ac7c148f02e96b128	2026-08-12T10:20:11Z	build(cli): close contract ownership gaps	Excluded by fork guardrail: SDK/contracts/build or hosted-install/release/marketing surface.
f2480173a954c55c4a0f75aac56b22c7296454c5	2026-08-12T11:20:55Z	chore(cli): reconcile decomposition with history foundation	Deferred: no independently portable change selected from metadata; inspect diff if a concrete need arises.
2dc9a3b153d15e4b2f77e8287575373732fd0e7b	2026-08-12T11:41:01Z	fix(history): fail closed on current read adapters	Deferred: no independently portable change selected from metadata; inspect diff if a concrete need arises.
79a20bcd7c3a1decd499e5ce154a2b1defa4442e	2026-08-13T18:12:54Z	chore(build): regenerate CLI extraction module lock	Deferred: no independently portable change selected from metadata; inspect diff if a concrete need arises.
9e8a29ede45d0021783da934d1ee1847a87570f5	2026-08-13T18:19:38Z	fix(build): reconcile CLI boundary helper authority	Deferred: no independently portable change selected from metadata; inspect diff if a concrete need arises.
cc5b112dc1f2899be338585335aa1ba621dc6e9b	2026-08-13T18:25:46Z	fix(build): reconcile CLI boundary inventories	Deferred: no independently portable change selected from metadata; inspect diff if a concrete need arises.
e673fdd195bb2e596eaa12931f2169390fa71f79	2026-08-13T18:26:35Z	fix(build): align CLI release surface fixtures	Deferred: no independently portable change selected from metadata; inspect diff if a concrete need arises.
327c3692fc193d23d4862a34150de7417d07599c	2026-08-13T18:28:28Z	fix(build): recognize reviewed macro-owned inventory targets	Deferred: no independently portable change selected from metadata; inspect diff if a concrete need arises.
dd0cd32fe14c350caae6713b2ca9c17b372cfb09	2026-08-11T16:07:23Z	refactor(capture): move exact JSON authority to model	Deferred: no independently portable change selected from metadata; inspect diff if a concrete need arises.
66ade5cdc5e972dce03751ac4968a14f0afeaf52	2026-08-11T17:25:07Z	refactor(capture): add runtime lookup boundary	Deferred: no independently portable change selected from metadata; inspect diff if a concrete need arises.
0febba209e7ba5e0824f0eeaf4384e721362a394	2026-08-11T17:38:02Z	fix(capture): seal runtime dependency boundary	Deferred: no independently portable change selected from metadata; inspect diff if a concrete need arises.
d0480ffed6131de2ff5dc9ac08849ef10170f639	2026-08-11T17:51:06Z	refactor(capture): move route identity to capture model	Excluded by fork guardrail: network, telemetry, updater, or release-signing surface.
9ebbfad00e7c0b848afa976fa6817ce1b30ed97d	2026-08-11T18:10:32Z	fix(capture): centralize route identity validation	Excluded by fork guardrail: network, telemetry, updater, or release-signing surface.
ad3c5f35bb50f3d3061e706c34c4f28f54675d51	2026-08-11T17:57:12Z	Harden capture runtime dependency boundary gate	Deferred: no independently portable change selected from metadata; inspect diff if a concrete need arises.
251bb6427588336afc0db95c425a01474d282630	2026-08-11T18:14:16Z	Close capture boundary structural bypasses	Deferred: no independently portable change selected from metadata; inspect diff if a concrete need arises.
0c36887f812cea99db958f378a979ba437b74d8d	2026-08-11T18:26:46Z	Fail closed on capture boundary rule surface	Deferred: no independently portable change selected from metadata; inspect diff if a concrete need arises.
4542bc775710751b6e00dea199f7d6255d78db69	2026-08-13T18:49:20Z	chore(build): regenerate runtime model module lock	Deferred: no independently portable change selected from metadata; inspect diff if a concrete need arises.
37c7980cabbab4a9184551c4aa29b9f581218f1e	2026-08-13T18:49:36Z	chore(build): refresh runtime model cargo lock	Deferred: no independently portable change selected from metadata; inspect diff if a concrete need arises.
9510567b79888adfca891004f90baa0de76b3efc	2026-08-13T18:58:20Z	chore(build): finalize runtime model module lock	Deferred: no independently portable change selected from metadata; inspect diff if a concrete need arises.
b329ad3b4623a20dc99a750570a6c1215853e583	2026-08-13T19:53:01Z	refactor(history): move retrieval classifier to capture model	Deferred: no independently portable change selected from metadata; inspect diff if a concrete need arises.
46bcb3d753d6bc89cbe82eb095d7f2452882e9a1	2026-08-13T20:10:09Z	Merge pull request #520 from ctxrs/ctx/integrate-crate-size-restoration-20260813	Deferred: no independently portable change selected from metadata; inspect diff if a concrete need arises.
dcebe8fe7bafb738475f8f8b33ed4e67a903a95e	2026-08-13T20:18:31Z	fix(release): authorize native virtualized Apple Silicon	Deferred: no independently portable change selected from metadata; inspect diff if a concrete need arises.
9202357a9dc3c93fff2c19372c649108c6c61d93	2026-08-13T20:26:42Z	Merge pull request #521 from ctxrs/ctx/macos-arm64-semantic-authority-165-20260813	Deferred: architecture/product direction is outside this fork’s local CLI/importer scope.
14d7e09afc904e74674615f0939f9f316f02439f	2026-08-13T20:32:22Z	fix(release): refresh CoreML publication pins	Deferred: no independently portable change selected from metadata; inspect diff if a concrete need arises.
c2f8ad70e798b5af350bcdfdadc55aeba1e112f7	2026-08-13T20:48:27Z	Merge pull request #522 from ctxrs/ctx/semantic-coreml-publication-pin-20260813	Deferred: architecture/product direction is outside this fork’s local CLI/importer scope.
939aa395ed93c222ddc3e1218b1f86fb7b83943e	2026-08-11T18:53:42Z	refactor(capture): move preparation envelope to runtime	Deferred: no independently portable change selected from metadata; inspect diff if a concrete need arises.
7519560093c3bfaf4b898420bac48e9a395aa328	2026-08-11T19:12:32Z	test(capture): restore runtime extraction evidence	Deferred: no independently portable change selected from metadata; inspect diff if a concrete need arises.
57883b2d6399bbc42a6e50652087d13afeaa5dbb	2026-08-12T00:20:58Z	fix(capture): retain Hermes reconciliation context across runtime seam	Deferred: no independently portable change selected from metadata; inspect diff if a concrete need arises.
447bd3bb9f3c91cfe942da6eed77d82dcc14babc	2026-08-11T20:05:48Z	refactor(capture): neutralize publication snapshots and receipts	Deferred: no independently portable change selected from metadata; inspect diff if a concrete need arises.
274fea0edeb4a386945996e3e6f0734c98c0e191	2026-08-11T21:01:38Z	refactor(capture): neutralize writer lifecycle	Deferred: no independently portable change selected from metadata; inspect diff if a concrete need arises.
c1a5b4209d7627df12b47484a5858d13bedb0038	2026-08-11T21:34:47Z	fix(capture): tighten neutral lifecycle checkpoint	Deferred: no independently portable change selected from metadata; inspect diff if a concrete need arises.
6e55e8c6fb49b57f69e6b6290fa81d4fe1d0f23f	2026-08-11T21:48:25Z	fix(capture): stream present routes into lifecycle	Deferred: no independently portable change selected from metadata; inspect diff if a concrete need arises.
fdf36bcb0dd4b5f3e4fec659c0aa6ecdec6f50ce	2026-08-12T00:35:46Z	fix(capture): preserve Hermes publication semantics across runtime seam	Deferred: architecture/product direction is outside this fork’s local CLI/importer scope.
e6bd4cbc2368e4f5480ad33135bdd42ccab7654f	2026-08-13T19:12:33Z	chore(build): refresh runtime model B module lock	Deferred: no independently portable change selected from metadata; inspect diff if a concrete need arises.
b9ab284712df88ad4bbfe0dde2ea1f82e23f5db7	2026-08-12T01:17:17Z	refactor(history): extract neutral source-backed runtime	Deferred: architecture/product direction is outside this fork’s local CLI/importer scope.
e6ae0d62380129d931d9efb60774c61edbdb7341	2026-08-12T01:42:56Z	fix(capture): reconcile runtime extraction with integration base	Deferred: no independently portable change selected from metadata; inspect diff if a concrete need arises.
41a11b7bedaca0b714064b9ea9dd89f8e91461b3	2026-08-12T02:20:08Z	refactor(history): move projection helpers into capture model	Deferred: no independently portable change selected from metadata; inspect diff if a concrete need arises.
5a100908b1fb81993611fbfca654acf386a53be3	2026-08-13T19:50:50Z	fix(capture): complete neutral runtime lifecycle seam	Deferred: no independently portable change selected from metadata; inspect diff if a concrete need arises.
8c78143e9974b2ddfcc0857cc3913d124aa0dd36	2026-08-13T20:48:51Z	fix(capture): preserve serial JSONL progress accounting	Deferred: no independently portable change selected from metadata; inspect diff if a concrete need arises.
8515cd9ddcbff097003ad249abadf463046f678c	2026-08-13T22:07:03Z	fix(release): isolate macos x64 runtime producer inputs	Deferred: no independently portable change selected from metadata; inspect diff if a concrete need arises.
8fbd3f18e1cdd40f7bda933e656fc3afb02e6993	2026-08-13T22:19:45Z	Merge pull request #524 from ctxrs/ctx/integrate-macos-x64-runtime-only-f7b46e69-20260813	Deferred: no independently portable change selected from metadata; inspect diff if a concrete need arises.
2a9702ef9c0c1d979b3d7d3a96b15f9289f2a794	2026-08-13T21:10:23Z	fuse complete session lineage verification	Deferred: no independently portable change selected from metadata; inspect diff if a concrete need arises.
0853fd2b3f43e58c5206ec68b3fec5ba866f031f	2026-08-13T22:31:12Z	Merge pull request #525 from ctxrs/ctx/verifier-simplification-integration-20260813	Deferred: no independently portable change selected from metadata; inspect diff if a concrete need arises.
740017170ffcb8063c57bbf33bdc990e4818917f	2026-08-13T17:53:18Z	feat: repaint live terminal rows differentially	Deferred: no independently portable change selected from metadata; inspect diff if a concrete need arises.
187ac0e44fd2b82b578913b4a06c067a3f7558c8	2026-08-13T20:58:42Z	fix(progress): keep terminal refresh visibly live	Deferred: no independently portable change selected from metadata; inspect diff if a concrete need arises.
906277cb64273b72e0892e18bb9f6ed41ca07973	2026-08-13T21:26:15Z	fix(terminal): reanchor live progress output	Deferred: no independently portable change selected from metadata; inspect diff if a concrete need arises.
40acef89195e8e64705beff2e6c595501a1eca55	2026-08-13T22:16:54Z	fix(terminal): isolate setup live progress	Deferred: no independently portable change selected from metadata; inspect diff if a concrete need arises.
75717a106e9e0e83ed513f5445733533acd47b06	2026-08-13T22:31:27Z	fix(progress): preserve refresh JSONL contract	Excluded by fork guardrail: SDK/contracts/build or hosted-install/release/marketing surface.
81a416a64209ed242f1beca6427d8b08457efca2	2026-08-13T22:36:22Z	Merge pull request #526 from ctxrs/ctx/terminal-progress-live-20260813	Deferred: no independently portable change selected from metadata; inspect diff if a concrete need arises.
57d8b2821057003604b24d9e57854659505054f2	2026-08-13T22:16:18Z	fix(cli): classify rejection-only setup completion as ready	Deferred: no independently portable change selected from metadata; inspect diff if a concrete need arises.
d8557308b006c14dd25e5b367cc264fb3a9be26a	2026-08-13T22:35:15Z	fix(cli): keep failed refreshes out of ready setup	Deferred: no independently portable change selected from metadata; inspect diff if a concrete need arises.
2ef351d5a58fbacea65e9b6cfda2d4b218d8d89c	2026-08-12T02:22:15Z	refactor(history): extract SQLite source layer	Deferred: no independently portable change selected from metadata; inspect diff if a concrete need arises.
b24051b4aa53d0a4127eb1aa1e02bb75d7c6cabf	2026-08-12T02:22:37Z	build(history): inventory SQLite source crate	Deferred: no independently portable change selected from metadata; inspect diff if a concrete need arises.
6726876fe9786c8ca9176a055640b3c8d1cd9ac3	2026-08-12T02:39:35Z	test(history): retire vacuous manifest visit hook	Deferred: no independently portable change selected from metadata; inspect diff if a concrete need arises.
64765639a474d5e35a8752e8aec82bfbd21e9e5c	2026-08-12T02:10:38Z	refactor(source-io): own bounded tree traversal	Deferred: no independently portable change selected from metadata; inspect diff if a concrete need arises.
a8301399e17eb76f2c9103fa4dec12a68195b264	2026-08-12T02:48:32Z	fix(source-io): stream bounded tree entries	Deferred: no independently portable change selected from metadata; inspect diff if a concrete need arises.
daa698b65334f737f646e49e93fe384f61bc7c45	2026-08-13T21:27:54Z	fix(history): refresh SQLite source ownership metadata	Deferred: no independently portable change selected from metadata; inspect diff if a concrete need arises.
280e0717c8e90b2238805c5151a33d3bdd90ad45	2026-08-13T21:28:43Z	fix(source-io): satisfy current lint authority	Deferred: no independently portable change selected from metadata; inspect diff if a concrete need arises.
43a6b026ac9e6380c8e736db88eba913857606ba	2026-08-13T21:29:53Z	test(capture): finish vacuous hook retirement	Deferred: no independently portable change selected from metadata; inspect diff if a concrete need arises.
57847d5b57f31291f42ba817282380e8fe66dd7b	2026-08-13T21:34:10Z	fix(history): keep SQLite progress conversion above source boundary	Deferred: no independently portable change selected from metadata; inspect diff if a concrete need arises.
8c779c44c526bd0d87989f8f8b283ff3f4d7cf6d	2026-08-13T21:38:26Z	style(source-io): apply current rustfmt	Deferred: no independently portable change selected from metadata; inspect diff if a concrete need arises.
d3793c73c748f2b42e69c1950b3a183303ca9f38	2026-08-13T21:38:41Z	build(history): finalize SQLite source lock digest	Deferred: no independently portable change selected from metadata; inspect diff if a concrete need arises.
0b0df23d223ab72d7ada8e0903e862bcae538d9b	2026-08-13T21:42:14Z	build(history): lower capture size ratchet after SQLite extraction	Deferred: no independently portable change selected from metadata; inspect diff if a concrete need arises.
6fbba414563e7dc05aaa0d4003fb7019c463e830	2026-08-12T03:42:28Z	fix(source-io): deduplicate Windows tree aliases	Deferred: no independently portable change selected from metadata; inspect diff if a concrete need arises.
2a2b9e48b235235715a1756a87fc7a2c4fdce85d	2026-08-13T22:16:41Z	fix(history): guard Linux SQLite snapshot strategy	Deferred: no independently portable change selected from metadata; inspect diff if a concrete need arises.
704b94b803e8c792e04cccc02d162c290a12110c	2026-08-13T22:33:32Z	build(history): lower capture size ratchet after cfg closure	Deferred: no independently portable change selected from metadata; inspect diff if a concrete need arises.
81b87455dd698a819c29e26671dc7710cd22d034	2026-08-13T23:10:23Z	fix(release): distinguish native Apple VirtIO evidence	Deferred: no independently portable change selected from metadata; inspect diff if a concrete need arises.
2d7f899fa5e4f6fb0e38173ac372c43166cf5b98	2026-08-13T23:17:33Z	Merge pull request #527 from ctxrs/ctx/macos-arm64-virtio-authority-20260813	Deferred: no independently portable change selected from metadata; inspect diff if a concrete need arises.
cb42849f5f9cf2a40071cc8feee352f0e0efe86b	2026-08-13T22:30:06Z	feat(refresh): expose honest whole-run progress stages	Deferred: no independently portable change selected from metadata; inspect diff if a concrete need arises.
53bfc52efb2c32559dd8217fef6068372c3e7ac9	2026-08-13T23:21:16Z	Merge pull request #528 from ctxrs/ctx/whole-run-stage-integration-20260813	Deferred: no independently portable change selected from metadata; inspect diff if a concrete need arises.
51d3821fa69d21dcfb30a90b6d2135b77f9b0003	2026-08-13T23:59:41Z	fix(daemon): bound finite refresh convergence	Deferred: architecture/product direction is outside this fork’s local CLI/importer scope.
de4ce0a7b96ac50bad6cbb803fda6b443063cba8	2026-08-14T00:08:36Z	fix(daemon): bound finite refresh convergence (#529)	Deferred: architecture/product direction is outside this fork’s local CLI/importer scope.
ef6f56ff734523f79c6dfba5988204f05dab2e41	2026-08-14T00:06:22Z	refactor(history): extract generic JSONL runtime	Deferred: no independently portable change selected from metadata; inspect diff if a concrete need arises.
6398f4421dc3d6fbb67ab5374b2c6ab5bff1c77b	2026-08-12T04:51:49Z	refactor(history): extract shared JSONL providers	Deferred: provider/import change not selected; no bounded, demonstrated fork gap established in this pass.
adc687bc0dfd973d33b846a98ef6fd2742e3b777	2026-08-12T11:14:00Z	jsonl-shared: keep provider-local tests in the pack	Deferred: provider/import change not selected; no bounded, demonstrated fork gap established in this pass.
fd79cd26d710a8f02db2deac9556d3fb07337925	2026-08-12T11:14:16Z	jsonl: reuse source-io inventory limit policy	Deferred: no independently portable change selected from metadata; inspect diff if a concrete need arises.
29e59cd8e33b5d110addb71d05da4104db4f9e6a	2026-08-12T11:14:24Z	capture: restore shared jsonl publication contracts	Excluded by fork guardrail: SDK/contracts/build or hosted-install/release/marketing surface.
c76183c374b1d2ec271e9507bc2f7a8ce42f179b	2026-08-12T11:42:53Z	Close shared JSONL admission gaps	Deferred: no independently portable change selected from metadata; inspect diff if a concrete need arises.
d4a7a78be93a03125b28ab721121268e6f3defbf	2026-08-14T00:11:30Z	jsonl-shared: satisfy current clippy lint	Deferred: no independently portable change selected from metadata; inspect diff if a concrete need arises.
e86ed7cd0b24a3f6a502e5e070a0356e293b89fe	2026-08-14T00:12:52Z	build(jsonl-shared): refresh workspace locks	Deferred: no independently portable change selected from metadata; inspect diff if a concrete need arises.
d2688bdefe2242ab09f350c778bd8424c24c7e0c	2026-08-14T00:13:45Z	capture: remove retired shared JSONL aliases	Deferred: no independently portable change selected from metadata; inspect diff if a concrete need arises.
04858edae55181a13723a2ef37a9d517443fe4d4	2026-08-14T00:17:21Z	build(jsonl-shared): lower capture size ratchet	Deferred: no independently portable change selected from metadata; inspect diff if a concrete need arises.
279b569a124f9c04e4b10fddd86105a88e81bb64	2026-08-14T00:18:39Z	style(jsonl-shared): format extracted provider pack	Deferred: provider/import change not selected; no bounded, demonstrated fork gap established in this pass.
3bfc1acb44443ce92079a2e89aa8ad6749584371	2026-08-14T00:26:56Z	style(jsonl-shared): align repository formatter	Deferred: no independently portable change selected from metadata; inspect diff if a concrete need arises.
90ae7a352453285f91157a46f7b2b45b9b0852cf	2026-08-13T22:46:06Z	feat(history): support DeepSeek Harness sessions	Deferred: no independently portable change selected from metadata; inspect diff if a concrete need arises.
5c7cc8d55b823e659f2fb0c46ea941f1f421f816	2026-08-13T23:59:38Z	fix(ci): clear current main lint failures	Deferred: no independently portable change selected from metadata; inspect diff if a concrete need arises.
93c8cd8888f87148ab6f659a7f870a0aab722bd3	2026-08-14T00:32:54Z	test: reconcile current main contract inventories	Excluded by fork guardrail: SDK/contracts/build or hosted-install/release/marketing surface.
8ec05490f7d5d26bfb6c984db8526b0f446a51c1	2026-08-14T00:35:24Z	fixup! feat(history): support DeepSeek Harness sessions	Deferred: no independently portable change selected from metadata; inspect diff if a concrete need arises.
3ed329f4c60e248baa869871335c9e9554e9f103	2026-08-12T03:09:23Z	refactor(history): complete neutral capture runtime	Deferred: no independently portable change selected from metadata; inspect diff if a concrete need arises.
92b59fe7df627db0f7a91254f2ba68d5ea9a6f7c	2026-08-12T11:13:40Z	refactor(history): add provider runtime seam	Deferred: provider/import change not selected; no bounded, demonstrated fork gap established in this pass.
bd9adb17ff709384d6e4a55da10eb57aba146fab	2026-08-12T11:13:45Z	build(history): enforce provider runtime boundary	Deferred: provider/import change not selected; no bounded, demonstrated fork gap established in this pass.
7ca572464e7d2d4fa683d36c8325faa5b4841f75	2026-08-12T12:28:39Z	history-provider-runtime: expose generic jsonl compat seam	Deferred: provider/import change not selected; no bounded, demonstrated fork gap established in this pass.
2f8946d94682c0d18acba40a776bd762dfb517ac	2026-08-12T13:17:35Z	integration: reconcile provider runtime with shared JSONL	Deferred: provider/import change not selected; no bounded, demonstrated fork gap established in this pass.
8e89322ff94e34014d9c336042b71f2d4ff48469	2026-08-14T00:53:07Z	fix(history): complete provider runtime seam qualification	Deferred: provider/import change not selected; no bounded, demonstrated fork gap established in this pass.
c81b21215ae85a8fa515f958d97414da8f64f7e0	2026-08-14T01:07:44Z	build(history): lower capture crate-size ratchet	Deferred: no independently portable change selected from metadata; inspect diff if a concrete need arises.
aa9cbd68a2f5c25293ae5a6d850883a2ceb2e299	2026-08-14T01:17:23Z	feat(history): add DeepSeek Harness provider	Deferred: provider/import change not selected; no bounded, demonstrated fork gap established in this pass.
1cac6148222e2ba4f52bdec8b0f50f2fe3b4bf89	2026-08-14T01:19:23Z	Merge origin/main into DeepSeek Harness provider	Deferred: provider/import change not selected; no bounded, demonstrated fork gap established in this pass.
f37feca6daced4c95e9d0fab9c7f6c1f9329bb49	2026-08-14T01:28:25Z	fix(history): preserve legacy JSONL logical accounting	Deferred: no independently portable change selected from metadata; inspect diff if a concrete need arises.
54475b40f6148559ad0213ff46712f98dba6e9e1	2026-08-13T07:56:58Z	refactor(history): extract Trae provider pack	Deferred: provider/import change not selected; no bounded, demonstrated fork gap established in this pass.
c7ada7370c62558380297ed1a6e1652392052da6	2026-08-13T07:57:21Z	build(history): govern Trae provider pack	Deferred: provider/import change not selected; no bounded, demonstrated fork gap established in this pass.
26b90b954bca20372c0c232e52e3fd531edb3387	2026-08-13T08:24:09Z	fix(history): preserve Trae alias priority	Deferred: no independently portable change selected from metadata; inspect diff if a concrete need arises.
ab63212c9e800bf24a201d474ae67bd1915bb63a	2026-08-14T01:08:15Z	build(history): reconcile Trae extraction locks and SBOM	Deferred: no independently portable change selected from metadata; inspect diff if a concrete need arises.
ef93bb44adf96529009944b9b959f9fa4a0c81a5	2026-08-14T01:08:39Z	build(history): lower capture size ratchet for Trae extraction	Deferred: no independently portable change selected from metadata; inspect diff if a concrete need arises.
e0b27fd5b1ed9af5be252487a300507adaafe0c6	2026-08-14T01:14:14Z	fix(history): preserve capture runtime bindings after Trae extraction	Deferred: no independently portable change selected from metadata; inspect diff if a concrete need arises.
4fc068fbd50d2af28e419fe7aaf3e4ce60c7a41c	2026-08-14T01:15:06Z	style(history): retain lowered capture size ratchet	Deferred: no independently portable change selected from metadata; inspect diff if a concrete need arises.
76cb7550a13584da83725a01d5797205ad325bc5	2026-08-14T01:33:52Z	Merge latest origin/main into DeepSeek Harness provider	Deferred: provider/import change not selected; no bounded, demonstrated fork gap established in this pass.
e422b7392ddd65cb74374d3c52b6e1f907d9d0c3	2026-08-14T01:49:15Z	refactor(history): move DeepSeek adapter into shared provider pack	Deferred: provider/import change not selected; no bounded, demonstrated fork gap established in this pass.
97d825f43ef17b45e19cb6730fcd64d67964ebf4	2026-08-14T01:49:39Z	Merge remote-tracking branch 'origin/main' into ctx/deepseek-harness-provider	Deferred: provider/import change not selected; no bounded, demonstrated fork gap established in this pass.
9ee693f6a3646436db0a7662ef4a3132d20b4daf	2026-08-14T01:57:52Z	refactor(history): extract Mistral and Mux provider pack	Deferred: provider/import change not selected; no bounded, demonstrated fork gap established in this pass.
13f9a6b81eec370d29a6c66a87d5abd879b7d692	2026-08-14T02:38:15Z	fix(history): normalize Mistral Mux extraction authorities	Deferred: no independently portable change selected from metadata; inspect diff if a concrete need arises.
3b41dbd460da061718b370c1eca5fb43cc404daf	2026-08-14T02:41:05Z	perf(index): bind publication safety to construction (#530)	Deferred: no independently portable change selected from metadata; inspect diff if a concrete need arises.
90d81a182201a10818dcb632f41a81b860a9f61e	2026-08-14T02:39:08Z	fix(release): bind candidate CoreML in native smoke	Deferred: no independently portable change selected from metadata; inspect diff if a concrete need arises.
75de350be8cdcefd180c24b9ef1b9172a6124482	2026-08-14T02:49:04Z	fix(release): bind candidate CoreML in native smoke (#531)	Deferred: no independently portable change selected from metadata; inspect diff if a concrete need arises.
b6449f5a31b2d482ae973a847e627fce64debe8a	2026-08-14T02:52:55Z	fix(history): finish DeepSeek Harness integration	Deferred: no independently portable change selected from metadata; inspect diff if a concrete need arises.
428945f14f86cb81ec465eea15e6375aa9c5c30c	2026-08-14T02:55:57Z	Merge origin/main into DeepSeek Harness provider	Deferred: provider/import change not selected; no bounded, demonstrated fork gap established in this pass.
f6f1a63d6b16137d5007ab8e6c418baf767cf65c	2026-08-14T02:57:33Z	fix(build): register provider runtime boundary tests	Deferred: provider/import change not selected; no bounded, demonstrated fork gap established in this pass.
c33728139b8135e3a981ee112d45862283c56d43	2026-08-14T02:41:41Z	fix(history): gate provider runtime hooks by feature	Deferred: provider/import change not selected; no bounded, demonstrated fork gap established in this pass.
a30fbd287da660c6082270d6ca635e319dca660c	2026-08-14T01:41:42Z	refactor(history): extract Gemini provider pack	Deferred: provider/import change not selected; no bounded, demonstrated fork gap established in this pass.
6e22c338eb0e8cc1b1b09b1f7e9a4ce61752e95f	2026-08-14T02:12:06Z	fix(history): address Gemini extraction review blockers	Deferred: provider/import change not selected; no bounded, demonstrated fork gap established in this pass.
1bdb615331714e603e842207b20590712aba7f72	2026-08-14T02:45:00Z	fix(history): classify Gemini retained source changes	Deferred: provider/import change not selected; no bounded, demonstrated fork gap established in this pass.
d299d3e256f1c786d227977d7a308756565fe055	2026-08-14T03:12:05Z	test(history): update DeepSeek qualification for current main	Deferred: no independently portable change selected from metadata; inspect diff if a concrete need arises.
ae779c640b9040cc734696141d8562420c3a7f15	2026-08-14T03:12:40Z	Merge origin/main into DeepSeek Harness provider	Deferred: provider/import change not selected; no bounded, demonstrated fork gap established in this pass.
100b56eafb878a4748e0d5321f906f6d17a81fc9	2026-08-14T03:16:56Z	build(history): compose Gemini extraction authorities	Deferred: provider/import change not selected; no bounded, demonstrated fork gap established in this pass.
515d69b9370b56e46e0548f59b272ceef3c79ef2	2026-08-14T03:28:33Z	fix(history): expose governed fallback identity authority	Excluded by fork guardrail: network, telemetry, updater, or release-signing surface.
82e5c294de5e0a1e43c802826d10cdb9d01bc856	2026-08-14T02:26:23Z	fix(capture): centralize document replay checkpoints	Deferred: no independently portable change selected from metadata; inspect diff if a concrete need arises.
0af027a686d7671213e0f6d7a1795436b744f6e3	2026-08-14T03:24:59Z	test(ci): route publication seal doc tests	Deferred: no independently portable change selected from metadata; inspect diff if a concrete need arises.
9c5c3136383f4065d9fd089c74772d84e4181fd4	2026-08-14T03:58:36Z	refactor(history): extract native JSONL provider pack	Deferred: provider/import change not selected; no bounded, demonstrated fork gap established in this pass.
a4b2e2c6ef6c3caec1a57c5070bd96acfbb291a6	2026-08-14T04:11:06Z	refactor(history): extract Codex provider pack	Deferred: provider/import change not selected; no bounded, demonstrated fork gap established in this pass.
c2b7584a16031c5523d70cc00fd137c06ba4d760	2026-08-14T04:27:11Z	refactor(history): extract Claude and Cursor provider pack	Deferred: provider/import change not selected; no bounded, demonstrated fork gap established in this pass.
0798160427b380a679c91de209534a04bf535a8e	2026-08-14T04:36:48Z	refactor(history): extract selected SQLite provider pack	Deferred: provider/import change not selected; no bounded, demonstrated fork gap established in this pass.
c1c0823de643b12ed3dd8be7c4a0f9f945496650	2026-08-14T04:36:59Z	Merge origin/main into DeepSeek Harness provider	Deferred: provider/import change not selected; no bounded, demonstrated fork gap established in this pass.
c4593858208c28010510f602393727727ee45df0	2026-08-14T04:40:32Z	Merge origin/main into DeepSeek Harness provider	Deferred: provider/import change not selected; no bounded, demonstrated fork gap established in this pass.
e39c9791633e8b71cffd0de4b20097297be53b4e	2026-08-14T04:47:15Z	Merge pull request #532 from ctxrs/ctx/deepseek-harness-provider	Deferred: provider/import change not selected; no bounded, demonstrated fork gap established in this pass.
7c384b6cb54cc7f579cf6b6dfe90b17263528eaf	2026-08-14T04:55:50Z	refactor(history): extract sqlite inventory provider pack	Deferred: provider/import change not selected; no bounded, demonstrated fork gap established in this pass.
b39ffc70b6337d1b4456b663d2af47e83ef258c5	2026-08-14T05:28:30Z	refactor(history): extract logical SQLite provider pack	Deferred: provider/import change not selected; no bounded, demonstrated fork gap established in this pass.
779495e32b9a01acf8efbb8e387c81aca509a08d	2026-08-14T05:04:07Z	fix(bazel): restore DeepSeek audit runfiles	Excluded by fork guardrail: SDK/contracts/build or hosted-install/release/marketing surface.
c3215a698571ea59b7a779bb0d37ad0623480128	2026-08-14T05:49:09Z	refactor(history): extract task document provider pack	Deferred: provider/import change not selected; no bounded, demonstrated fork gap established in this pass.
af6cbc831e0c1797470341503ea60d49236b1118	2026-08-14T05:54:54Z	fix(terminal): enforce raw output ownership policy	Deferred: no independently portable change selected from metadata; inspect diff if a concrete need arises.
906bc9f1b0655897514b3b4238cc2e4da1184c88	2026-08-14T05:15:25Z	refactor(history): isolate JSONL leaf checkpoints	Deferred: no independently portable change selected from metadata; inspect diff if a concrete need arises.
ef038808f604bbb049001ab5a758244fe51c41b6	2026-08-14T02:12:08Z	refactor(daemon): remove finite idle lifetime	Deferred: architecture/product direction is outside this fork’s local CLI/importer scope.
7affc7649fc31ee2efee3463ddb8cd8be753852a	2026-08-14T05:24:05Z	test(perf): cover DeepSeek Harness JSONL family	Deferred: no independently portable change selected from metadata; inspect diff if a concrete need arises.
84cc4c846a259c24a59426b0ff0e92b3d4efb8a8	2026-08-14T06:11:10Z	build: split release package audit data	Deferred: no independently portable change selected from metadata; inspect diff if a concrete need arises.
ab38eb8a3e52829344c044761f91b1cf95b99924	2026-08-14T06:11:22Z	fix(ci): restore Trae boundary test target	Deferred: no independently portable change selected from metadata; inspect diff if a concrete need arises.
57f9b74e974c435e9dd7b43dbdbc2a55d682c001	2026-08-14T06:13:58Z	fix(ci): retarget locator removal sentinel	Deferred: no independently portable change selected from metadata; inspect diff if a concrete need arises.
4079a84762c87018157d2436358af8c2c791cb02	2026-08-14T06:23:17Z	fix(ci): keep Python gates out of rustfmt	Deferred: no independently portable change selected from metadata; inspect diff if a concrete need arises.
3b30046d1576e483ca46bb5c2d2246785a333dba	2026-08-14T06:29:51Z	feat(history): extract document projection providers	Deferred: provider/import change not selected; no bounded, demonstrated fork gap established in this pass.
370dcfcd80eca0f00c354eb480c1114d4d12297c	2026-08-14T06:33:44Z	style: apply pinned rustfmt	Deferred: no independently portable change selected from metadata; inspect diff if a concrete need arises.
896307b33dc990ec71e86c613c2fbee0649b52e4	2026-08-14T06:52:04Z	fix(history): gate capture test constants	Deferred: no independently portable change selected from metadata; inspect diff if a concrete need arises.
404bf23e78c349c427428ba20e9ff206c88eaa3d	2026-08-14T07:08:03Z	fix(history): remove redundant test size alias	Deferred: no independently portable change selected from metadata; inspect diff if a concrete need arises.
bc72da5422ccd25c61d97527dee5a3550cbfede6	2026-08-14T07:20:56Z	fix(history): narrow codex test-only exports	Deferred: provider/import change not selected; no bounded, demonstrated fork gap established in this pass.
6bc6a90d7e73f0ddf4a4027000d9d69f505899a0	2026-08-14T07:35:01Z	fix(pro): gate referral stream kind import	Deferred: provider/import change not selected; no bounded, demonstrated fork gap established in this pass.
931d8659f5d51c47c3a9965e4005aa15624bcc78	2026-08-14T08:08:15Z	fix(ci): reconcile history CLI root inventory	Deferred: no independently portable change selected from metadata; inspect diff if a concrete need arises.
dcc788ef3c6ef93e30e1e3bbdb96fd110fbd546c	2026-08-14T08:13:03Z	Merge pull request #540 from ctxrs/ctx/history-cli-reverse-contract-8608d8f-20260814	Excluded by fork guardrail: SDK/contracts/build or hosted-install/release/marketing surface.
bd790d78767a6b611df7ffade9f2332ff0178f9b	2026-08-14T08:07:46Z	test(history): retarget Pi conformance source fixture	Deferred: no independently portable change selected from metadata; inspect diff if a concrete need arises.
c5d803060d17639f7167d20abb6b6ba37b0ae54e	2026-08-14T08:10:29Z	test(history): rebind MCP provider conformance suites	Deferred: provider/import change not selected; no bounded, demonstrated fork gap established in this pass.
6f8f0af8355a78ccf1c31b9c410df8de3d889fed	2026-08-14T08:16:11Z	Merge pull request #541 from ctxrs/ctx/mcp-conformance-provider-bindings-20260814	Deferred: provider/import change not selected; no bounded, demonstrated fork gap established in this pass.
6150acfdcbccddba50bfcf8e44cd10e64ee6135e	2026-08-14T08:12:12Z	docs(history): add DeepSeek MCP capability route	Deferred: no independently portable change selected from metadata; inspect diff if a concrete need arises.
7463016c2d127a3f72b7c9aa0e499a73b20adb2a	2026-08-14T08:37:20Z	docs(history): rebind Copilot MCP capability source	Deferred: no independently portable change selected from metadata; inspect diff if a concrete need arises.
8c57aabf85987d9d88dfc6473cb20c46af8b8929	2026-08-14T08:41:48Z	Merge pull request #543 from ctxrs/ctx/mcp-copilot-capability-source-3ab86a25-20260814	Deferred: no independently portable change selected from metadata; inspect diff if a concrete need arises.
7d9b18eed1fe36535f45be47300ff7cd5cda6403	2026-08-14T08:37:27Z	refactor(history): refresh composition runfiles	Deferred: no independently portable change selected from metadata; inspect diff if a concrete need arises.
2fee3ceb21f20b56f6c2f51892eb6b5947887fa3	2026-08-14T09:15:55Z	fix(history): clean composition namespace reexports	Deferred: no independently portable change selected from metadata; inspect diff if a concrete need arises.
920b9fc78cc1e6f0f941426fd9b88c6be9ca8208	2026-08-14T09:20:48Z	Merge pull request #544 from ctxrs/ctx/final-public-decomp-qualification-20260814-11ed146	Deferred: no independently portable change selected from metadata; inspect diff if a concrete need arises.
88c84ff9d9f56519fdc6571856b89d89625860a8	2026-08-14T09:38:33Z	fix(history): retire stale capture facade ownership	Deferred: no independently portable change selected from metadata; inspect diff if a concrete need arises.
63ead6c8ed6ba6646c124aca4b4a5204f10199a6	2026-08-14T09:53:16Z	fix(history): remove dangling Gemini facade residue	Deferred: provider/import change not selected; no bounded, demonstrated fork gap established in this pass.
fd0d1430186f8f3330c0f56693ba37bfe0e170dc	2026-08-14T09:57:53Z	Merge pull request #545 from ctxrs/ctx/capture-facade-residue-cleanup-20260814-codex	Deferred: provider/import change not selected; no bounded, demonstrated fork gap established in this pass.
6aea30c866ea1e65ee550427c7c800ef4a844e6c	2026-08-14T10:11:42Z	fix(history): fail closed Trae boundary comments	Deferred: no independently portable change selected from metadata; inspect diff if a concrete need arises.
7e15d2d035361cdf1d641a32088626b33f5a2c41	2026-08-14T10:26:37Z	fix(history): sanitize Trae Rust literals	Deferred: no independently portable change selected from metadata; inspect diff if a concrete need arises.
c3c1cca0e44122fda842d75756fcd0dce72b3f0c	2026-08-14T11:21:41Z	fix(history): migrate SQLite inventory boundary owner	Deferred: no independently portable change selected from metadata; inspect diff if a concrete need arises.
0ea12c80e9c75f184d8ec0ab00f8d804c5105722	2026-08-14T12:15:31Z	fix(history): detect coalesced SQLite source writes	Deferred: no independently portable change selected from metadata; inspect diff if a concrete need arises.
653c4ee34ee6ceab4a8516e0c6ec6abb3b893b40	2026-08-14T13:12:20Z	fix(history): reconcile JSONL logical checkpoint counts	Deferred: no independently portable change selected from metadata; inspect diff if a concrete need arises.
d7576ce4b30dfe39df11061e1ad02dec4d387a09	2026-08-14T13:06:31Z	fix(ci): qualify Linux release test authority	Deferred: no independently portable change selected from metadata; inspect diff if a concrete need arises.
730758c2e7611c47152654b64354e51202716d1c	2026-08-14T13:27:44Z	Merge pull request #547 from ctxrs/ctx/c170-release-runner-test-harness-20260814	Deferred: no independently portable change selected from metadata; inspect diff if a concrete need arises.
bbbab1efd48416b9d4c00f9c09c7f240e250d9f8	2026-08-14T19:38:08Z	feat(release): sign Windows artifacts in Linux factory	Deferred: no independently portable change selected from metadata; inspect diff if a concrete need arises.
50f928bdd5f3f1653899a5e863f9444235753d4b	2026-08-14T19:39:07Z	Merge pull request #548 from ctxrs/ctx/linux-artifact-signing-factory	Excluded by fork guardrail: network, telemetry, updater, or release-signing surface.
48587c11f905de1f9695983e935d119a9c5f824e	2026-08-14T19:13:42Z	build(history): trim capture production deps	Deferred: no independently portable change selected from metadata; inspect diff if a concrete need arises.
7b91eccb7898a2e8c80c9a9ef5c24fff486680a5	2026-08-14T19:32:45Z	refactor(history): trim task-docs dependencies	Deferred: no independently portable change selected from metadata; inspect diff if a concrete need arises.
b6160876c3adc93d9ffea9222442b508bf935527	2026-08-14T23:11:56Z	test(history): qualify special-file temp roots	Deferred: no independently portable change selected from metadata; inspect diff if a concrete need arises.
2a2b2874d41fd724733b28308d256062c5084751	2026-08-14T23:45:09Z	Merge pull request #549 from ctxrs/ctx/portability-tmp-fixtures-d6b849f-20260814	Deferred: no independently portable change selected from metadata; inspect diff if a concrete need arises.
0afcf2c9fd8f7551ac17202a4a11ba38e56aeb85	2026-08-15T00:42:32Z	Fix Windows native smoke CI isolation	Deferred: no independently portable change selected from metadata; inspect diff if a concrete need arises.
bff5a04b4eff8eacf85011910e5b3a890a881ed5	2026-08-15T00:58:14Z	Merge pull request #550 from ctxrs/ctx/windows-native-smoke-ci-env-integration-20260814	Deferred: no independently portable change selected from metadata; inspect diff if a concrete need arises.
73fec228f712e90ed3745b2fa18750374868bc75	2026-08-15T00:37:49Z	Cache source-scoped unsafe repository routes	Deferred: no independently portable change selected from metadata; inspect diff if a concrete need arises.
b788c36609ad375612d889c318b36edc16f04b4a	2026-08-15T01:24:06Z	Merge pull request #551 from ctxrs/ctx/m1-repository-attribution-perf-20260814	Deferred: architecture/product direction is outside this fork’s local CLI/importer scope.
5428efa702b1b1369dd7f94ee3f467f2803868ea	2026-08-15T02:57:38Z	feat(setup): coordinate Core and Pro trial setup	Deferred: no independently portable change selected from metadata; inspect diff if a concrete need arises.
b07e2d19284325296f3be7261bfbfaacc24c66b4	2026-08-15T03:06:26Z	Merge pull request #552 from ctxrs/ctx/setup-pro-default-20260814	Deferred: no independently portable change selected from metadata; inspect diff if a concrete need arises.
5c6e2839333de4e0dbbd90e42a9a400876bfd5ba	2026-08-15T03:11:08Z	test(history): refresh docproj composition boundary inputs	Deferred: no independently portable change selected from metadata; inspect diff if a concrete need arises.
d5dcd6aed3568ae65d98e5b12e317b50bae15d7e	2026-08-15T03:24:06Z	Merge pull request #553 from ctxrs/ctx/history-docproj-boundary-oracle-173-20260814	Deferred: no independently portable change selected from metadata; inspect diff if a concrete need arises.
09b175c5fedd8ba5ef15e78b1662806dc46124b8	2026-08-15T04:29:32Z	feat: add honest whole-run setup ETA (#554)	Deferred: no independently portable change selected from metadata; inspect diff if a concrete need arises.
f8b45946627d5a28e2440754d2086ecd0944ea61	2026-08-15T04:49:33Z	fix(ci): keep affected Bazel selection focused under Bzlmod (#555)	Excluded by fork guardrail: SDK/contracts/build or hosted-install/release/marketing surface.
67b4df53817d9655209ad2e1753f54b6c182636c	2026-08-15T05:43:17Z	fix(daemon): classify missing managed home as custom root (#556)	Deferred: architecture/product direction is outside this fork’s local CLI/importer scope.
df185bfd85e2b86a4c85facefbdf8a5ee2d02206	2026-08-14T21:10:55Z	refactor(history): split platform foundation	Deferred: no independently portable change selected from metadata; inspect diff if a concrete need arises.
f8c697336867013780edf465d21f1d8e2f8d078e	2026-08-14T21:34:17Z	refactor(history): migrate CLI daemon consumers to platform	Deferred: architecture/product direction is outside this fork’s local CLI/importer scope.
e991f347627df2b522dcee6f004887588e5bad6d	2026-08-14T21:45:54Z	style(history): format core tests import	Deferred: provider/import change not selected; no bounded, demonstrated fork gap established in this pass.
1321a9b3f7941186939e60fe6d5196145e458824	2026-08-14T21:30:05Z	refactor(history): migrate platform consumers	Deferred: no independently portable change selected from metadata; inspect diff if a concrete need arises.
24b5800e1121a110bb48f89bc98db38ad883e56f	2026-08-14T21:52:20Z	Merge commit '4d5c896f38df02366699d800cd52141d07588c97' into ctx/ctx-history-platform-integration-20260814	Deferred: no independently portable change selected from metadata; inspect diff if a concrete need arises.
e9a1a4d276e759bf6b9d4ff812cff08a0f6eda72	2026-08-14T21:30:28Z	refactor(history): migrate Pro platform consumers	Deferred: no independently portable change selected from metadata; inspect diff if a concrete need arises.
d4a56b4e5742db1184493f132cd9b6964d9b1991	2026-08-14T21:52:26Z	Merge commit '7408475533bb1495cf2f7186314413aa4326fc93' into ctx/ctx-history-platform-integration-20260814	Deferred: no independently portable change selected from metadata; inspect diff if a concrete need arises.
62dfb08b9a5a5ad06dfeb18eb5aa37060198204a	2026-08-14T21:52:31Z	Merge commit '92dc3e26c925cf0a6ba054441c91cac31d4cd935' into ctx/ctx-history-platform-integration-20260814	Deferred: no independently portable change selected from metadata; inspect diff if a concrete need arises.
1e480886e311eb6ae382d4596adaec8493d14520	2026-08-14T22:01:44Z	build(history): refresh composed migration lock authorities	Deferred: no independently portable change selected from metadata; inspect diff if a concrete need arises.
b2563159ced114031106b2a0e380ab9c40189f7d	2026-08-14T22:38:18Z	build(history): reconcile composed boundary authorities	Deferred: no independently portable change selected from metadata; inspect diff if a concrete need arises.
746f5d340dc3eeffd7b898fe426be4a2b1b5541e	2026-08-14T22:49:44Z	build(history): correct docproj composition authority	Deferred: no independently portable change selected from metadata; inspect diff if a concrete need arises.
58665d70b8bb49597131bf37d600f77f7a1d2bbf	2026-08-14T23:15:59Z	build(history): include platform in LOC inventory	Deferred: no independently portable change selected from metadata; inspect diff if a concrete need arises.
3d5ab25f57c692e7fdc2e914be29ec71fc8ac3d0	2026-08-14T23:42:38Z	fix(upgrade): satisfy macOS strict Clippy	Excluded by fork guardrail: network, telemetry, updater, or release-signing surface.
22b4a558ebd0b8f3b4412cb7a9198159c9f442cb	2026-08-15T01:44:39Z	fix(daemon): remove redundant launch agent path borrows	Deferred: architecture/product direction is outside this fork’s local CLI/importer scope.
6a5ea50f9ebe56b16a54e3a2cee149b21607acbb	2026-08-15T02:23:57Z	fix(pro): restore Windows unsafe directory fixture	Deferred: no independently portable change selected from metadata; inspect diff if a concrete need arises.
2adf0339ba4db946fb587321503745cb92615bcc	2026-08-15T02:24:28Z	fix(history): gate platform-specific SQLite lint items	Deferred: no independently portable change selected from metadata; inspect diff if a concrete need arises.
0c6ed72013aa477a68e0de85748c19d8d8cae927	2026-08-15T03:49:34Z	fix(history): gate SQLite test Path import	Deferred: provider/import change not selected; no bounded, demonstrated fork gap established in this pass.
a62aa6eccfc18402580da62f5bfb01e7d589c593	2026-08-15T06:28:46Z	fix(terminal): satisfy strict Clippy	Deferred: no independently portable change selected from metadata; inspect diff if a concrete need arises.
a0b52109f199bd1a34e71237ff1dddb32d55e1f6	2026-08-15T07:19:34Z	test(setup): accept active empty catalog refresh	Deferred: no independently portable change selected from metadata; inspect diff if a concrete need arises.
7dfc981a9d3a6eabbd8f91dd370a28f5f36a466d	2026-08-15T07:37:17Z	Merge pull request #557 from ctxrs/ctx/empty-catalog-setup-oracle-20260815	Deferred: no independently portable change selected from metadata; inspect diff if a concrete need arises.
c6880abbb8fbef4a305732b9a45b4653b846462d	2026-08-15T05:10:52Z	Replace Pro device auth with browser handoff	Deferred: no independently portable change selected from metadata; inspect diff if a concrete need arises.
62a83bbf96d5d352df016684cdf5c53e253f363b	2026-08-15T06:56:37Z	Clarify Pro browser-opening behavior	Deferred: no independently portable change selected from metadata; inspect diff if a concrete need arises.
5656f7d9ae4fe9d531f6fe11b3787f948a88f78d	2026-08-15T07:45:59Z	Merge pull request #558 from ctxrs/ctx/pro-browser-handoff-20260814	Deferred: no independently portable change selected from metadata; inspect diff if a concrete need arises.
6a537b587f94c83d953c5d7a719602f681025020	2026-08-14T17:28:20Z	fix(history-index): keep tiny appends out of packed-base merges	Deferred: no independently portable change selected from metadata; inspect diff if a concrete need arises.
db5d8f4141de7c16c8967eac74542f0558decd87	2026-08-14T17:59:34Z	ctx-history-index: use authenticated CoW candidate cloning	Deferred: no independently portable change selected from metadata; inspect diff if a concrete need arises.
4e9454d25bba1c3c23d9ced2c10d0742277bc388	2026-08-14T18:02:40Z	ctx-history-index: preserve settings mismatch ordering	Deferred: no independently portable change selected from metadata; inspect diff if a concrete need arises.
9e4c025de2993f4b8b8d522a6a7cc209d984b78c	2026-08-14T18:53:38Z	fix(history): fence CoW candidate activation	Deferred: no independently portable change selected from metadata; inspect diff if a concrete need arises.
39735cc233e512b1ff5cfa55c099680f14f0c529	2026-08-14T21:26:43Z	fix(history): retain authenticated Linux generations	Deferred: architecture/product direction is outside this fork’s local CLI/importer scope.
17163cf003f58f75022996e44d3db7acc284658f	2026-08-14T16:48:01Z	feat(history): add exact JSONL suffix continuation	Deferred: no independently portable change selected from metadata; inspect diff if a concrete need arises.
62047d919bfd2acde6be4d2fece836d22ec108e3	2026-08-14T22:50:18Z	feat(history): refresh exact JSONL members	Deferred: no independently portable change selected from metadata; inspect diff if a concrete need arises.
a0e339c7218a04a9c1110f9ef64f8d71d36bbd72	2026-08-14T22:59:20Z	fix(history): omit oversized optional JSONL checkpoints	Deferred: no independently portable change selected from metadata; inspect diff if a concrete need arises.
736bd5cce9102bbd9e7c89a4b8a8c05313d4eb61	2026-08-14T23:15:06Z	perf(history): batch resumable SHA compression	Deferred: no independently portable change selected from metadata; inspect diff if a concrete need arises.
3a7cae88cfc0f521f26ed67730c074be5d4d64c7	2026-08-14T23:57:57Z	perf(history): compress Codex continuation checkpoints	Deferred: provider/import change not selected; no bounded, demonstrated fork gap established in this pass.
d9bd5432d134ebc4f0e960244578e4f0d1f6dda0	2026-08-15T00:19:08Z	Add immutable delta manifest publication	Deferred: no independently portable change selected from metadata; inspect diff if a concrete need arises.
1bba079c96116ef277561d2fea1726afd5a44b0b	2026-08-15T00:48:00Z	perf(history): keep exact refresh proportional to changed sources	Deferred: no independently portable change selected from metadata; inspect diff if a concrete need arises.
0cb73a83abdb14d5fe020c47ea52d575f30a2df0	2026-08-15T01:43:16Z	perf(history): eliminate resumable hash hot-path allocation	Deferred: no independently portable change selected from metadata; inspect diff if a concrete need arises.
f9a2ae623f3b4a75ccb4a72815a82f6056780bc7	2026-08-15T02:16:05Z	perf(history): bound incremental manifest lineage	Deferred: no independently portable change selected from metadata; inspect diff if a concrete need arises.
668803860f6ff0d0dfcd61f4c6f6da0f30e8a8a3	2026-08-15T02:22:43Z	perf(history): hand off materialized delta publication	Deferred: no independently portable change selected from metadata; inspect diff if a concrete need arises.
d57f848349f85d2e7226f6050ff8ce2af3b45169	2026-08-15T04:04:59Z	fix(history): harden minimal incremental publication	Deferred: no independently portable change selected from metadata; inspect diff if a concrete need arises.
6d8d0f2ff2b9fa3a8e5e730505d691e7cd1879fc	2026-08-15T05:11:09Z	fix(history): route exact watcher suffix refreshes	Deferred: no independently portable change selected from metadata; inspect diff if a concrete need arises.
b7ba69d75d6f2e980942fdbd4371b271eccf3506	2026-08-15T05:44:52Z	fix(daemon): follow provider appends without cooldown	Deferred: architecture/product direction is outside this fork’s local CLI/importer scope.
00a22c1c8ee8b2e8ddd4bcbfe26bce86477abeb1	2026-08-15T07:22:01Z	fix(history): qualify incremental refresh safety boundaries	Deferred: no independently portable change selected from metadata; inspect diff if a concrete need arises.
0079575cceff1208a239c3fb1c73f2a0aeb6b34a	2026-08-15T07:49:00Z	chore: regenerate Bazel module lock	Excluded by fork guardrail: SDK/contracts/build or hosted-install/release/marketing surface.
5718d8f04e4a4acdb6469e635a826f1dc5540997	2026-08-15T07:53:42Z	fix(history): bound deletion revalidation payloads	Deferred: no independently portable change selected from metadata; inspect diff if a concrete need arises.
64f8b04235b390157480388f48fd2081b7cf641b	2026-08-15T07:57:18Z	refactor(history): simplify semantic continuation inputs	Deferred: architecture/product direction is outside this fork’s local CLI/importer scope.
e64efa2e837b7019546733199e6d135e1b035424	2026-08-15T08:27:41Z	fix(daemon): avoid retry backoff hot spin	Deferred: architecture/product direction is outside this fork’s local CLI/importer scope.
703c711b98dcb1894201c253665fd94dafba750e	2026-08-15T10:50:46Z	fix(release): gather WindowsML artifacts portably	Deferred: no independently portable change selected from metadata; inspect diff if a concrete need arises.
9e2b8c6aab373b59631bac765bd8fb2417e98e00	2026-08-15T11:00:16Z	Merge pull request #559 from ctxrs/ctx/buildkite-windowsml-artifact-path-177-20260815	Excluded by fork guardrail: SDK/contracts/build or hosted-install/release/marketing surface.
99e09c09c3e1726c6aabbcb9dba134f5b98812da	2026-08-15T14:30:06Z	fix(release): bound Windows smoke stream drains	Deferred: no independently portable change selected from metadata; inspect diff if a concrete need arises.
2b670db3f6b98df7599ee38d183b6cf4c3a263b1	2026-08-15T15:11:51Z	fix(release): own Windows smoke process trees	Deferred: no independently portable change selected from metadata; inspect diff if a concrete need arises.
716b008796a853dbe228abe6c652b2ac00d46493	2026-08-15T15:22:59Z	Merge pull request #560 from ctxrs/ctx/windows-native-smoke-deadline-20260815	Deferred: no independently portable change selected from metadata; inspect diff if a concrete need arises.
83d010e4bc9dc9b3fc3ba8d0bd71a1288903625f	2026-08-15T15:33:42Z	Merge production incremental refresh	Deferred: no independently portable change selected from metadata; inspect diff if a concrete need arises.
9e7bb6a36f0e0a63e83a39237826d87d45059dd7	2026-08-15T15:52:23Z	Merge pull request #561 from ctxrs/ctx/incremental-refresh-merge-20260815	Deferred: no independently portable change selected from metadata; inspect diff if a concrete need arises.
0787a5745320844d809c87ea9195adf6bb36220c	2026-08-15T18:03:43Z	Fix Windows native smoke post-root drain	Deferred: no independently portable change selected from metadata; inspect diff if a concrete need arises.
0336339254c5e6dce721c424beb2d6b1dd4dbbfe	2026-08-15T18:28:57Z	Merge pull request #562 from ctxrs/codex/windows-native-smoke-post-root-drain-20260815	Deferred: provider/import change not selected; no bounded, demonstrated fork gap established in this pass.
d2647a87a77b33842a1f4cd6212cce3de0364ded	2026-08-15T18:48:01Z	perf(history): defer Codex sibling discovery for exact appends	Deferred: provider/import change not selected; no bounded, demonstrated fork gap established in this pass.
8ccb89c07b5e0b284fb115cab6ca172c3d1a92db	2026-08-15T19:35:14Z	fix(history): fall back when exact refresh loses authority	Deferred: no independently portable change selected from metadata; inspect diff if a concrete need arises.
edd860d71fd3ab5120ba3ae6fc845d2311f3a016	2026-08-15T20:11:47Z	refactor(history): unify source admission paths	Deferred: no independently portable change selected from metadata; inspect diff if a concrete need arises.
dee85ae3e001e9bdf4be4539c9391a2e8d35e900	2026-08-15T20:22:10Z	Merge pull request #563 from ctxrs/ctx/incremental-opt-admission-hardening-20260815b	Deferred: no independently portable change selected from metadata; inspect diff if a concrete need arises.
479c8c9b22cc5ea130bf421c0c0fdc87c5685ea0	2026-08-15T21:15:17Z	fix(upgrade): remove PATH health diagnostics	Excluded by fork guardrail: network, telemetry, updater, or release-signing surface.
92f7c93dcc354bdad9fc8c5b9fdf7b909608c5c4	2026-08-15T20:51:06Z	fix(index): open Windows generation directories without recall	Deferred: architecture/product direction is outside this fork’s local CLI/importer scope.
ea23aeec0667c51cab11f543c0bbaab0d9a5d80f	2026-08-15T21:43:20Z	Merge pull request #564 from ctxrs/ctx/windows-ntcreatefile-directory-fix-20260815	Deferred: no independently portable change selected from metadata; inspect diff if a concrete need arises.
482399598afd339f6c02ef031e7f4493be42595b	2026-08-15T22:05:26Z	Report automatic refresh outcomes (#565)	Deferred: no independently portable change selected from metadata; inspect diff if a concrete need arises.
081f474f4e350b952106f116c660cd4f0a2c3203	2026-08-15T23:10:50Z	fix(pro): resume claimed account setup (#566)	Deferred: no independently portable change selected from metadata; inspect diff if a concrete need arises.
1e7ed284d39caeeb7b007dc16e167adb2efd6f00	2026-08-15T23:36:08Z	fix(pro): release setup lifecycle lock before status (#567)	Deferred: no independently portable change selected from metadata; inspect diff if a concrete need arises.
d5f543023aee4441b8669f516cf56e0c1a672476	2026-08-15T23:25:36Z	fix(index): share Windows generation directories for delete	Deferred: architecture/product direction is outside this fork’s local CLI/importer scope.
2441cf86f9a956f80632e4e30e9cbcb31f0de98f	2026-08-15T23:38:50Z	Merge pull request #568 from ctxrs/ctx/candidate-183-windows-share-delete-20260815	Deferred: no independently portable change selected from metadata; inspect diff if a concrete need arises.
a0563074a40d4634ef289eb478c2143931a73105	2026-08-15T23:53:34Z	Simplify skipped import receipts	Deferred: provider/import change not selected; no bounded, demonstrated fork gap established in this pass.
43071d30398adb324c5840beebacba10dbcd9fc3	2026-08-11T04:36:03Z	docs(readme): add search and blame banner	Deferred: architecture/product direction is outside this fork’s local CLI/importer scope.
6de1834da917a70e54d10974b203a74dd67b4ee8	2026-08-12T14:50:02Z	docs(readme): reconcile Pro and Core launch copy	Deferred: no independently portable change selected from metadata; inspect diff if a concrete need arises.
70d5198685ab257ccc8db3eb666869ceabdccacd	2026-08-12T15:37:58Z	docs(readme): finalize search and blame banner	Deferred: architecture/product direction is outside this fork’s local CLI/importer scope.
7a5c037db6c64325aa21368800cecae76b2c5d71	2026-08-12T15:44:43Z	docs(readme): remove FreeBSD install note	Deferred: no independently portable change selected from metadata; inspect diff if a concrete need arises.
fbade4dfe5e84f59700b3003e8e53402998842e2	2026-08-12T16:42:09Z	docs(readme): sharpen history and recall positioning	Deferred: no independently portable change selected from metadata; inspect diff if a concrete need arises.
fa3ab956d4b8315a6cdd14250dfc752ea80b59e3	2026-08-12T16:44:18Z	docs(readme): lowercase ctx pro branding	Deferred: no independently portable change selected from metadata; inspect diff if a concrete need arises.
1d0a0574b37f8637d77063d17f19325826dd811a	2026-08-12T16:53:21Z	docs(readme): sharpen referral offer	Deferred: no independently portable change selected from metadata; inspect diff if a concrete need arises.
72e584ea14a2484a3e582ea2384bff30bcf4a048	2026-08-12T17:04:45Z	docs: clarify agent history retrieval	Deferred: no independently portable change selected from metadata; inspect diff if a concrete need arises.
1df671c8226fc820337500c9c2937816dc40278f	2026-08-12T17:35:08Z	docs: explain local history indexing	Deferred: no independently portable change selected from metadata; inspect diff if a concrete need arises.
e0e262fd216397957945056bde56db5d5dccd15d	2026-08-12T17:46:32Z	docs: explain Tantivy search performance	Deferred: no independently portable change selected from metadata; inspect diff if a concrete need arises.
ab3fdbbdbcd43282d5aae3c85a3df1fbb62d5814	2026-08-12T18:10:32Z	docs: add cold indexing benchmark chart	Deferred: no independently portable change selected from metadata; inspect diff if a concrete need arises.
651d956abbd36aa50330b72db9927befe42ae6df	2026-08-12T18:46:52Z	docs: clarify lexical and semantic performance	Deferred: architecture/product direction is outside this fork’s local CLI/importer scope.
a2b288a91bbf94286f9aa6e589c90a29806a7113	2026-08-12T19:06:32Z	docs: clarify README positioning and flow	Deferred: no independently portable change selected from metadata; inspect diff if a concrete need arises.
680e93ce21f55c476d43b724f8d0c3f890333a6c	2026-08-12T19:10:34Z	docs: reduce repeated behind phrasing	Deferred: no independently portable change selected from metadata; inspect diff if a concrete need arises.
1bcd03abe8bfacb4d3d70e1bfd6155a19f1ea2ea	2026-08-12T19:18:01Z	docs: remove remaining behind phrasing	Deferred: no independently portable change selected from metadata; inspect diff if a concrete need arises.
a367b8b4a8cc04ab7fec1359056248c712c1c304	2026-08-12T19:23:32Z	docs: emphasize opening product names	Deferred: no independently portable change selected from metadata; inspect diff if a concrete need arises.
d48d12299097a417ecc08e41b185a52c7b9aea68	2026-08-12T19:28:32Z	docs: sharpen comparison heading	Deferred: no independently portable change selected from metadata; inspect diff if a concrete need arises.
992c2c53271d01e8905aefc3b0a267180ad73086	2026-08-12T19:31:15Z	docs: link ctx in comparison table	Deferred: no independently portable change selected from metadata; inspect diff if a concrete need arises.
b424265a0c1fcd35bceccd311c84e1285e94b27b	2026-08-12T19:38:22Z	docs: add practical outcome to README intro	Deferred: no independently portable change selected from metadata; inspect diff if a concrete need arises.
a8a565285c7cf47300efb966f7cafb1d6697bbd8	2026-08-12T19:58:19Z	docs: simplify Pro trial setup path	Deferred: no independently portable change selected from metadata; inspect diff if a concrete need arises.
c5ad7f811c49d71b53cf3af891c7a4085425593d	2026-08-15T23:16:36Z	docs: link the canonical ctx pro guide	Deferred: no independently portable change selected from metadata; inspect diff if a concrete need arises.
023dd9b07db36b6ae7f80e9606c71c05b2019361	2026-08-15T23:31:36Z	docs: align launch copy with automatic ctx pro trials	Deferred: no independently portable change selected from metadata; inspect diff if a concrete need arises.
ccd7804b969353aba5a030088a60b93d1e792955	2026-08-16T00:14:25Z	fix(release): align candidate evidence schema (#570)	Deferred: no independently portable change selected from metadata; inspect diff if a concrete need arises.
4cf97aa4276cef4c0739e31da0dda5a8adf63edb	2026-08-16T00:29:19Z	refactor(daemon): group wait recovery policy	Deferred: architecture/product direction is outside this fork’s local CLI/importer scope.
4a318a2c557aceba10238321582a2c3a3c92383f	2026-08-16T00:40:04Z	Merge pull request #572 from ctxrs/ctx/candidate184-recover-wait-clippy-20260815	Deferred: no independently portable change selected from metadata; inspect diff if a concrete need arises.
b9d6ebb831b056aaef03c7320a69f74721bb621d	2026-08-16T00:50:09Z	fix(capture): accept current Codex commit exec forms (#571)	Deferred: provider/import change not selected; no bounded, demonstrated fork gap established in this pass.
d558c02b379ea3c5ac9933a505ce59434d62f5af	2026-08-16T01:04:44Z	Merge pull request #569 from ctxrs/ctx/1.0-launch-docs	Deferred: no independently portable change selected from metadata; inspect diff if a concrete need arises.
3f5be1e30478a102c0a5f6a32f53114c68c321b8	2026-08-16T01:04:41Z	test(daemon): serialize config reload contracts	Excluded by fork guardrail: SDK/contracts/build or hosted-install/release/marketing surface.
dd4c47b85410e5a3c432d6cf72ae3be69f6951a3	2026-08-16T01:16:48Z	Merge pull request #573 from ctxrs/ctx/daemon-config-reload-isolation-20260815	Deferred: architecture/product direction is outside this fork’s local CLI/importer scope.
b3e69d9e659482fe2e5929e34a69bf9fca66c1e5	2026-08-16T01:02:49Z	fix(build): refresh ingest application CLOC boundary	Deferred: no independently portable change selected from metadata; inspect diff if a concrete need arises.
bed37d5287799b19af217d88162eb9e212d742bb	2026-08-16T01:22:44Z	Merge pull request #574 from ctxrs/ctx/integrate-history-ingest-cloc-boundary-20260815	Deferred: no independently portable change selected from metadata; inspect diff if a concrete need arises.
8446bd9508fbe5f397d45e7d747c5d4abafc7b79	2026-08-16T01:23:10Z	fix(protocol): restore V3 Core inventory parity	Excluded by fork guardrail: SDK/contracts/build or hosted-install/release/marketing surface.
ffca1d044a0587b712490eab6f95a4fe7fa0a3a6	2026-08-15T21:15:17Z	perf(history): reuse watch catalog for exact members	Deferred: no independently portable change selected from metadata; inspect diff if a concrete need arises.
4fe67ad6e8d6f65a8ac2a3b8125e00b1593aa66b	2026-08-15T21:48:56Z	test(history): qualify continuous provider families	Deferred: provider/import change not selected; no bounded, demonstrated fork gap established in this pass.
e5e8deda868bb6bafc58c72e1d67cb7d5c96b056	2026-08-15T21:49:14Z	perf(history): keep exact refresh discovery route-local	Deferred: no independently portable change selected from metadata; inspect diff if a concrete need arises.
1fe5290759b2484c65ccfd6726d9137e1af61a2a	2026-08-15T21:56:06Z	test(history): harden route-local admission	Deferred: no independently portable change selected from metadata; inspect diff if a concrete need arises.
92eb5f54ad4c39a67900c2b005eddedd71c27486	2026-08-15T22:51:28Z	test(history): consolidate watch catalog fixtures	Deferred: no independently portable change selected from metadata; inspect diff if a concrete need arises.
47cdb2a6605caff48a6cc74bfbb643077f18b573	2026-08-15T23:02:06Z	refactor(daemon): trim stale refresh recovery inputs	Deferred: architecture/product direction is outside this fork’s local CLI/importer scope.
fbfd704e13e097bb01f07074e4a9316d4837c511	2026-08-15T23:29:38Z	fix(build): reconcile daemon observability boundary	Deferred: architecture/product direction is outside this fork’s local CLI/importer scope.
43aee01a181757fc4ec2155b29971b3ec0d1ec80	2026-08-16T01:30:57Z	Merge pull request #575 from ctxrs/codex/protocol-v3-inventory-parity	Excluded by fork guardrail: SDK/contracts/build or hosted-install/release/marketing surface.
05a32f8972103ba584de3bfa3a43ad2efb640dc7	2026-08-16T01:31:22Z	Merge pull request #576 from ctxrs/ctx/provider-family-refresh-opt-20260815	Deferred: provider/import change not selected; no bounded, demonstrated fork gap established in this pass.
4fb8f34f1f8aebfbfd2ffbe6f330ab7572f35c97	2026-08-16T01:46:37Z	fix(daemon): move provider refresh telemetry to composition	Excluded by fork guardrail: network, telemetry, updater, or release-signing surface.
44cd12a6aed61df5ce9966c1d0140ad95a67ccbf	2026-08-16T02:01:43Z	Merge pull request #577 from ctxrs/ctx/daemon-service-boundary-integration-20260815	Deferred: architecture/product direction is outside this fork’s local CLI/importer scope.
795de0335775b9d8d260239545945b55f6ccb0ad	2026-08-16T01:57:47Z	fix(ci): repair post-576 deterministic failures	Deferred: no independently portable change selected from metadata; inspect diff if a concrete need arises.
54804b2075ef741ced1a415528326ac4c7c39dc8	2026-08-16T03:23:38Z	perf(daemon): release glibc pages after refresh	Deferred: architecture/product direction is outside this fork’s local CLI/importer scope.
a0531ab63efc684cdcf6d5745a98e0073d3676dd	2026-08-16T02:16:54Z	fix(index): open Windows generation files for flush	Deferred: architecture/product direction is outside this fork’s local CLI/importer scope.
14c2d9ae0af1227db4d42ade9d1733392df0377f	2026-08-16T03:19:05Z	fix: preserve Windows generation durability lifecycle	Deferred: architecture/product direction is outside this fork’s local CLI/importer scope.
3a6b270c378d7c114e728dc054599dccf32c5001	2026-08-16T05:33:15Z	Merge pull request #578 from ctxrs/ctx/c202-windows-refresh-lifecycle-20260815	Deferred: no independently portable change selected from metadata; inspect diff if a concrete need arises.
bef0935e2957a96953d9f24acaa7a51af180732c	2026-08-16T08:50:18Z	refactor(index-generation): split certification tests	Deferred: architecture/product direction is outside this fork’s local CLI/importer scope.
d5702ca27da57f89ece5ca8488079b28f2009524	2026-08-16T09:09:46Z	Merge pull request #579 from ctxrs/ctx/integrate-deterministic-public-loc-fix-20260816	Deferred: no independently portable change selected from metadata; inspect diff if a concrete need arises.
012ba36cf50548db1fd3ac5d9caac0f8cee1d76c	2026-08-16T09:23:38Z	fix(index): pin generations across concurrent publication	Deferred: architecture/product direction is outside this fork’s local CLI/importer scope.
62196bc519ad2428621f57fc5f5eb293853bb5f8	2026-08-16T11:08:12Z	Merge pull request #580 from ctxrs/ctx/generation-read-lease-20260816	Deferred: architecture/product direction is outside this fork’s local CLI/importer scope.
3333028242ae4d5c06e0b1270ed1a82a9c688646	2026-08-16T11:39:21Z	test(history-index): stabilize replacement merge topology	Deferred: no independently portable change selected from metadata; inspect diff if a concrete need arises.
cb2e6812161432a35f8feb1e243820452015d0dc	2026-08-16T11:53:05Z	Merge pull request #581 from ctxrs/ctx/sol-merge-policy-release-flake-20260816	Deferred: no independently portable change selected from metadata; inspect diff if a concrete need arises.
34d97045bd7b15c82098f836e5aef3289f5ed956	2026-08-16T11:56:39Z	test(history): isolate Lingma continuous refresh baseline	Deferred: no independently portable change selected from metadata; inspect diff if a concrete need arises.
36ee30b572e9f80b2aa2ac9ee936ad0bfabfa64a	2026-08-16T12:06:55Z	Merge pull request #582 from ctxrs/ctx/fix-lingma-exact-route-isolation-20260816	Deferred: no independently portable change selected from metadata; inspect diff if a concrete need arises.
36af51aa5a33d143f67eb5c39952a4568741d22d	2026-08-16T12:06:14Z	fix(release): isolate Windows semantic smoke fixture	Deferred: architecture/product direction is outside this fork’s local CLI/importer scope.
43c7d77d0f0e5a960b24d1a3c57f379e19ff2851	2026-08-16T12:18:51Z	fix(release): preserve Windows smoke primary failure	Deferred: no independently portable change selected from metadata; inspect diff if a concrete need arises.
7b058611b1eec6eabd60eddff7dd06dcf02bcb38	2026-08-16T12:23:46Z	Merge pull request #583 from ctxrs/ctx/windows-smoke-fixture-root-20260816	Deferred: no independently portable change selected from metadata; inspect diff if a concrete need arises.
2d4a82071f0738fe0a1818cf46cd88a349918c8c	2026-08-16T11:48:38Z	fix(setup): revalidate daemon handoff before output	Deferred: architecture/product direction is outside this fork’s local CLI/importer scope.
cbf0099acc4df269896e2ca4e6c2a61e3dd11a0d	2026-08-16T12:49:01Z	fix(setup): observe daemon at output boundary	Deferred: architecture/product direction is outside this fork’s local CLI/importer scope.
f94ffa4b0e6ca176983ac26b6e0bb44611f17b16	2026-08-16T12:57:28Z	Merge pull request #584 from ctxrs/codex/setup-daemon-handoff-liveness-20260816	Deferred: architecture/product direction is outside this fork’s local CLI/importer scope.
e2bdf15e1d16d712ad6c4db3d67c16870b5b5124	2026-08-16T11:52:42Z	refactor(core): restore private product boundary	Deferred: no independently portable change selected from metadata; inspect diff if a concrete need arises.
b419a2f7ed19b8b5e9c1fc235daad76b43748737	2026-08-16T13:34:43Z	fix(core): preserve neutral copied event topology	Deferred: no independently portable change selected from metadata; inspect diff if a concrete need arises.
a34779f75b4835509ba34cbbda64c7eb6da555de	2026-08-16T14:27:25Z	fix(release): reserve macOS signature header space	Deferred: no independently portable change selected from metadata; inspect diff if a concrete need arises.
5f02dcb37abcb3de970e866c873c246a315787bc	2026-08-16T14:38:34Z	fix(core): drop stale macOS credential dependency	Deferred: no independently portable change selected from metadata; inspect diff if a concrete need arises.
7e57859e6dd1f4129280bd44fe8b6fb5eaa1a86d	2026-08-16T14:40:46Z	fix(core): refresh macOS dependency lock	Deferred: no independently portable change selected from metadata; inspect diff if a concrete need arises.
edf0b1d8221cf2e811614e66b3074b3065e5c6a3	2026-08-16T14:42:54Z	fix(core): prune retired macOS credential crates	Deferred: no independently portable change selected from metadata; inspect diff if a concrete need arises.
c6008ac852e2c84f0789c3acc5ac09794d5f520f	2026-08-16T14:52:42Z	fix(release): refresh single-platform advisory inputs	Deferred: no independently portable change selected from metadata; inspect diff if a concrete need arises.
1f9633437ecd5ea7f765604b14df69261e810780	2026-08-16T11:39:21Z	test(history-index): stabilize replacement merge topology	Deferred: no independently portable change selected from metadata; inspect diff if a concrete need arises.
25fcfaf21f0759b03be26571499048225bca489f	2026-08-16T11:56:39Z	test(history): isolate Lingma continuous refresh baseline	Deferred: no independently portable change selected from metadata; inspect diff if a concrete need arises.
8fe846f9e28abdb040c6bb8759825f2bc2c4d765	2026-08-16T12:06:14Z	fix(release): isolate Windows semantic smoke fixture	Deferred: architecture/product direction is outside this fork’s local CLI/importer scope.
3a4b170e494a4f473ca5508c0969bf831e36958d	2026-08-16T12:18:51Z	fix(release): preserve Windows smoke primary failure	Deferred: no independently portable change selected from metadata; inspect diff if a concrete need arises.
e2007d38c2729498be73b1948c60f822c67ccee4	2026-08-16T11:48:38Z	fix(setup): revalidate daemon handoff before output	Deferred: architecture/product direction is outside this fork’s local CLI/importer scope.
0a0b35f5d668ba8581fb06b3f162c1f66ebc1e4d	2026-08-16T12:49:01Z	fix(setup): observe daemon at output boundary	Deferred: architecture/product direction is outside this fork’s local CLI/importer scope.
c5f4e11af71a8579da4beb86eb89dad1f9e8953f	2026-08-16T19:57:10Z	fix(history): treat ctx blame as opaque retrieval	Deferred: architecture/product direction is outside this fork’s local CLI/importer scope.
f6025a8bddc9304ccd55381d53d8e4ee0c6beea8	2026-08-16T20:25:53Z	Merge pull request #585 from ctxrs/ctx/simplify-blame-retrieval-classifier-20260816	Deferred: architecture/product direction is outside this fork’s local CLI/importer scope.
f265c170fea8bd42b5368ece514cd7068d08fdce	2026-08-16T22:06:19Z	fix(release): restore Core-only factory validator	Deferred: no independently portable change selected from metadata; inspect diff if a concrete need arises.
14210158a8e5a41e75dec42c8debe6720a168a52	2026-08-16T22:23:52Z	Merge pull request #586 from ctxrs/ctx/factory-validator-core-only-20260816	Deferred: no independently portable change selected from metadata; inspect diff if a concrete need arises.
40b11ad05a518e6b89ed316560d1b25303c31eeb	2026-08-16T22:18:55Z	style(cli): apply canonical rustfmt	Deferred: no independently portable change selected from metadata; inspect diff if a concrete need arises.
9486655fb039ea641e611679c40679cb77e4ce41	2026-08-16T22:53:48Z	Merge pull request #587 from ctxrs/ctx/rustfmt-repair-40b11ad-20260816	Deferred: no independently portable change selected from metadata; inspect diff if a concrete need arises.
c4b30825547cf6c8bcf3986db1a16bdab07d566d	2026-08-16T22:34:33Z	refactor(index-generation): split certification internals	Deferred: architecture/product direction is outside this fork’s local CLI/importer scope.
284157e684e826546c0ea0fdff2fdef19aac37c0	2026-08-16T23:07:39Z	Merge pull request #588 from ctxrs/ctx/certification-module-split	Deferred: no independently portable change selected from metadata; inspect diff if a concrete need arises.
2b04fae2793dcbab2deab631d626d8187c4b02bc	2026-08-16T23:20:51Z	fix(index): clear read-root Clippy warnings	Deferred: no independently portable change selected from metadata; inspect diff if a concrete need arises.
15d569ef855740353aab79ab5667f97e8d0c3fb9	2026-08-16T23:41:26Z	Merge pull request #589 from ctxrs/ctx/clippy-hook-fix-6895b37-20260816	Deferred: no independently portable change selected from metadata; inspect diff if a concrete need arises.
6816f9ea9e4a8f4ca9a2954ea58bfb31c2a312c5	2026-08-17T00:27:36Z	fix(build): drop removed release audit fixture	Deferred: no independently portable change selected from metadata; inspect diff if a concrete need arises.
51869f53825a1fbc42cc182a364d92a188da4126	2026-08-17T00:40:58Z	Merge pull request #590 from ctxrs/ctx/release-audit-runfiles-integration-20260816	Deferred: no independently portable change selected from metadata; inspect diff if a concrete need arises.
00be4d15387acf4e699c644f75d9af129344d955	2026-08-16T22:39:11Z	refactor(upgrade): extract managed-pair engine	Excluded by fork guardrail: network, telemetry, updater, or release-signing surface.
5ea4564ba9ecc3d448fbb248592c29859cc4a5fe	2026-08-16T23:07:30Z	fix(managed-pair): restore Windows filesystem imports	Deferred: provider/import change not selected; no bounded, demonstrated fork gap established in this pass.
b0aca91aa6875f7ed73ae93f37fdd224d837af25	2026-08-17T00:55:33Z	Merge pull request #591 from ctxrs/ctx/upgrade-engine-extraction-integration-20260816	Excluded by fork guardrail: network, telemetry, updater, or release-signing surface.
f544351a553783e30b0b00cacdf7fe6ff9678648	2026-08-16T23:18:31Z	fix(docs): align MCP attribution with CoreActivity	Deferred: architecture/product direction is outside this fork’s local CLI/importer scope.
2bf348714d31a6034eaea9b1ca020c3cfef03fdd	2026-08-17T00:17:10Z	fix(mcp): restore CoreActivity attribution evidence	Deferred: architecture/product direction is outside this fork’s local CLI/importer scope.
5f92f6d90399452def003b322d33fdbb345157b2	2026-08-16T20:24:48Z	fix(setup): restore public import contracts	Excluded by fork guardrail: SDK/contracts/build or hosted-install/release/marketing surface.
decc16de2c5ead1e1a5574f48cca19a9a0848b92	2026-08-16T20:15:31Z	test(daemon): align Core record fixtures	Deferred: architecture/product direction is outside this fork’s local CLI/importer scope.
7a9179e3fc0ce13ef60887bb8ce385d80fd05106	2026-08-16T20:29:11Z	docs(history): align custom import scope contract	Excluded by fork guardrail: SDK/contracts/build or hosted-install/release/marketing surface.
bab5257ec3a4de0203b0159c944be1756b4c510a	2026-08-16T21:45:45Z	fix(history): accept v1 file touch records	Deferred: no independently portable change selected from metadata; inspect diff if a concrete need arises.
a773dd25a9fc56bb7d8f843f7d10c94398b83ff6	2026-08-16T22:32:50Z	fix(history): preserve released v1 compatibility	Deferred: no independently portable change selected from metadata; inspect diff if a concrete need arises.
b7d842aa1fd3fc5410e6fe96a8f75654b50deee1	2026-08-17T00:35:39Z	docs(history): document active file references	Deferred: no independently portable change selected from metadata; inspect diff if a concrete need arises.
f21d56d7aa6d71b6dead369bdb19412d4bdb4b31	2026-08-17T00:45:47Z	test(runtime): align Core record fixture	Deferred: no independently portable change selected from metadata; inspect diff if a concrete need arises.
0a07a14b2978dafa6bb8cf6bb026c22a562371b8	2026-08-17T01:13:30Z	Merge pull request #592 from ctxrs/ctx/mcp-coreactivity-compat-integration-20260816	Deferred: no independently portable change selected from metadata; inspect diff if a concrete need arises.
6ca9d85c20df76b88b3175ff75e6bb700147881d	2026-08-17T01:04:24Z	fix(history): omit DeepSeek activity from private content	Deferred: no independently portable change selected from metadata; inspect diff if a concrete need arises.
b3833660a312f01cbb25daac5448af2962989f6f	2026-08-17T01:26:40Z	Merge pull request #593 from ctxrs/ctx/deepseek-omitted-integration-20260816	Deferred: no independently portable change selected from metadata; inspect diff if a concrete need arises.
eb4c51d7483141f4355883fd9008961507ae4d04	2026-08-17T01:09:12Z	test(companion): initialize limit fixtures directly	Deferred: no independently portable change selected from metadata; inspect diff if a concrete need arises.
91b007b34623241164a59ca197c300c25a80d91d	2026-08-17T01:09:25Z	test(cli): group stats fixture metrics	Deferred: no independently portable change selected from metadata; inspect diff if a concrete need arises.
a0f9e5166f32e05ea6cf22facde6dd54cc8d0079	2026-08-17T01:09:41Z	refactor(sqlite): remove stale inventory projection residue	Deferred: no independently portable change selected from metadata; inspect diff if a concrete need arises.
d11adf8492acf07f6fb1bc2824c9f6fc99fb4885	2026-08-17T01:33:55Z	Merge pull request #594 from ctxrs/ctx/clippy-cleanups-20260816	Deferred: no independently portable change selected from metadata; inspect diff if a concrete need arises.
f93e1837cd33da9dda3c4f114bd35c978cc42e20	2026-08-16T21:53:32Z	test(history): use Claude projects root fixture	Deferred: provider/import change not selected; no bounded, demonstrated fork gap established in this pass.
61fa8fc3c7f325868a77b5efadde9fe585dbb966	2026-08-17T01:37:30Z	Merge pull request #595 from ctxrs/ctx/claude-projects-root-fixture-integration-20260816	Deferred: provider/import change not selected; no bounded, demonstrated fork gap established in this pass.
4b7a74ade3782b41fa29d05d7f8a041cf7b8d994	2026-08-17T01:20:59Z	fix(search): honor explicit session selection	Deferred: no independently portable change selected from metadata; inspect diff if a concrete need arises.
5fc0efd8d54ddb3de8b9314f335f9407c1b6ac95	2026-08-17T01:42:51Z	fix(search): verify active session ancestry	Deferred: no independently portable change selected from metadata; inspect diff if a concrete need arises.
7d63b23cc1b5eae4a6d24dbb79263f26ea65165a	2026-08-16T22:08:22Z	test(history): align publication pin fixture	Deferred: no independently portable change selected from metadata; inspect diff if a concrete need arises.
03758635ba39d6a5dd0b96179b5c352f0b5fa3d0	2026-08-16T22:08:17Z	fix(history): reactivate watched routes after explicit import	Deferred: provider/import change not selected; no bounded, demonstrated fork gap established in this pass.
076ff1546e6811e90bf2bbbbed884d580744ebf4	2026-08-16T21:54:05Z	test: reproduce automatic Codex append route failure	Deferred: provider/import change not selected; no bounded, demonstrated fork gap established in this pass.
d53f3a9ba7e4279c6cae94800e8ce9bed09a64f8	2026-08-17T02:22:36Z	fix(history): reclaim grouped Codex registration roots	Deferred: provider/import change not selected; no bounded, demonstrated fork gap established in this pass.
96d31222ce3777a613cdec9c0692643bdb87e85d	2026-08-17T01:51:31Z	fix(codex): exclude retrieval-derived activity	Deferred: provider/import change not selected; no bounded, demonstrated fork gap established in this pass.
40e42be3b969f0c15ecd4a20b89d227762d29743	2026-08-17T02:32:56Z	fix(codex): fail open ambiguous retrieval terminals	Deferred: provider/import change not selected; no bounded, demonstrated fork gap established in this pass.
3f9bf0921c60a7773e9bb7f1002a1e8f533d8388	2026-08-17T03:23:54Z	fix(codex): persist terminal append authority	Deferred: provider/import change not selected; no bounded, demonstrated fork gap established in this pass.
22b708e2e5ff91581986bbf7e67b69df9b96e0bb	2026-08-17T04:11:30Z	style(history): format landed route regressions	Deferred: no independently portable change selected from metadata; inspect diff if a concrete need arises.
2a46f937f2ecad0f945687de1b76003c5d54bab7	2026-08-17T02:16:02Z	feat(daemon): add on-demand lifecycle	Deferred: architecture/product direction is outside this fork’s local CLI/importer scope.
7a41049cb0df6be9080c69078d41bb4310a9435a	2026-08-17T03:27:50Z	fix(daemon): close on-demand lifecycle races	Deferred: architecture/product direction is outside this fork’s local CLI/importer scope.
eb7c08b416321b8f2db3fb2506bf51b90ba51a4d	2026-08-17T04:04:22Z	fix(daemon): fence uninstall lifecycle state	Deferred: architecture/product direction is outside this fork’s local CLI/importer scope.
1600d44497a884f0bcd161897637c87bf7a05004	2026-08-17T04:24:12Z	fix(daemon): respect current semantic enablement	Deferred: architecture/product direction is outside this fork’s local CLI/importer scope.
6cc79cd128244e4497e252e1e6d4cd4fb5f3cf3c	2026-08-17T00:38:57Z	fix(core): isolate local usage storage	Deferred: no independently portable change selected from metadata; inspect diff if a concrete need arises.
5222e4466dfdbe11bfc649bc9aae9e331bbf2689	2026-08-17T02:51:03Z	fix(core): preserve empty provider result text	Deferred: provider/import change not selected; no bounded, demonstrated fork gap established in this pass.
2e00b1829a4baf51b44b4f9a2af5f32fa7e90426	2026-08-17T04:24:49Z	fix(index): classify provider agent scope explicitly	Deferred: provider/import change not selected; no bounded, demonstrated fork gap established in this pass.
cb472cb83bd31c03490ee686d5f3c346d4c9c2df	2026-08-17T05:26:37Z	test(cli): assert retired repository field by shape	Deferred: no independently portable change selected from metadata; inspect diff if a concrete need arises.
77a789888114cd46f6fb0b23f894d3737683925e	2026-08-17T05:51:30Z	fix(kimi): require exact activity call linkage	Deferred: no independently portable change selected from metadata; inspect diff if a concrete need arises.
4cdf63af0bea457bc8e0568e704cbc1af15ffc51	2026-08-17T03:29:02Z	fix(core): restore neutral local usage wiring	Deferred: no independently portable change selected from metadata; inspect diff if a concrete need arises.
c09a8ce96ebf4903b9ceece9199efe66b94f8fb4	2026-08-17T04:46:08Z	fix(core): close local usage contract gaps	Excluded by fork guardrail: SDK/contracts/build or hosted-install/release/marketing surface.
3c851e74a2a1de5d9b05d15a5e538e60619b8551	2026-08-17T05:49:27Z	fix(observability): retire sql from usage schema v4	Deferred: no independently portable change selected from metadata; inspect diff if a concrete need arises.
91561be53d70901fb5978ec9401ec2459d958171	2026-08-17T06:41:13Z	docs: correct Codex MCP attribution proof set	Deferred: architecture/product direction is outside this fork’s local CLI/importer scope.
ea5d78e605099ec9bd0ef6eeb24396a8037a8c1c	2026-08-17T06:49:55Z	test: cover non-Codex MCP attribution cardinality	Deferred: architecture/product direction is outside this fork’s local CLI/importer scope.
0c56f6e970bf30371b9a06a6a51455bc225cba92	2026-08-17T06:15:15Z	fix(history): classify native provider agent scope	Deferred: provider/import change not selected; no bounded, demonstrated fork gap established in this pass.
719694444e9aec4c0f4a3c90726c14ac48918810	2026-08-17T06:25:45Z	fix(history): classify Auggie agent scope	Deferred: no independently portable change selected from metadata; inspect diff if a concrete need arises.
236e77bc00738226500f61e86f525eed46bbf055	2026-08-17T07:03:49Z	fix(history): invalidate agent-scope projections	Deferred: no independently portable change selected from metadata; inspect diff if a concrete need arises.
c1727956ee6c7c214bd7d04e32546c1002f1ab71	2026-08-17T07:26:37Z	fix(history): retain raw lineage authority	Deferred: no independently portable change selected from metadata; inspect diff if a concrete need arises.
c4d5864a79eaff298e36cae4d14fdd5730db167f	2026-08-17T07:46:10Z	fix(history): fail closed on Mux lineage audit errors	Deferred: no independently portable change selected from metadata; inspect diff if a concrete need arises.
3e46c75e3c7efebca1ba85619cdd4f524cce82be	2026-08-17T05:49:54Z	revert: remove on-demand daemon lifecycle	Deferred: architecture/product direction is outside this fork’s local CLI/importer scope.
f97a800d3ee677170a99a9e71d53d78c3709bbed	2026-08-17T05:45:35Z	feat(indexing): add automatic and manual modes	Deferred: no independently portable change selected from metadata; inspect diff if a concrete need arises.
98d3314c10c70915ed669ad5672400a9eea8c892	2026-08-17T06:25:18Z	fix(indexing): bound manual workers and preserve lifecycle fences	Deferred: no independently portable change selected from metadata; inspect diff if a concrete need arises.
7ad2a5ebebcb53b1f87d42d7e1248bc9fc8a91b4	2026-08-17T09:22:58Z	fix(indexing): keep finite workers Core-only	Deferred: no independently portable change selected from metadata; inspect diff if a concrete need arises.
da170928a2f4fc57c8da3735881af5eca5421c56	2026-08-16T23:09:37Z	quality: enforce live fixed repository policy	Deferred: no independently portable change selected from metadata; inspect diff if a concrete need arises.
7e532952995a3a96996bc6bf228f830a29aadd68	2026-08-16T23:17:30Z	refactor: split inline test modules under LOC limits	Deferred: no independently portable change selected from metadata; inspect diff if a concrete need arises.
c7ec7862be0e20b5e218e233fcd9613756a02ab9	2026-08-17T00:11:34Z	refactor(refresh): split oversized runtime modules	Deferred: no independently portable change selected from metadata; inspect diff if a concrete need arises.
18a407013990e8cff81c1bb171fca1af41b31f30	2026-08-17T00:13:36Z	refactor: split oversized provider presentation modules	Deferred: provider/import change not selected; no bounded, demonstrated fork gap established in this pass.
18efeeaa60a085b4955d71ff6d521d3d23ddaf29	2026-08-17T00:18:17Z	refactor: split oversized core modules and remove stale LOC inventory	Deferred: no independently portable change selected from metadata; inspect diff if a concrete need arises.
f0fa668939b4c19674de3be16c7b097939bacad0	2026-08-17T00:16:59Z	refactor: split oversized release and SDK files	Excluded by fork guardrail: SDK/contracts/build or hosted-install/release/marketing surface.
388ecb270e299c17c842ff7953b966c17d0d2b63	2026-08-17T00:17:40Z	refactor(daemon): split oversized modules	Deferred: architecture/product direction is outside this fork’s local CLI/importer scope.
8df20803080a13800caf27eca65124da8220f606	2026-08-17T00:18:15Z	refactor: split oversized index and filesystem modules	Deferred: no independently portable change selected from metadata; inspect diff if a concrete need arises.
8cab007a4abb6a3055664f03af51ebd0894d96fb	2026-08-17T00:20:44Z	refactor(tests): split oversized suites	Deferred: no independently portable change selected from metadata; inspect diff if a concrete need arises.
b18a4433cabd3f4b5f6c5a7f43f4f7b2b204a732	2026-08-17T00:24:24Z	refactor: split capture modules under LOC limits	Deferred: no independently portable change selected from metadata; inspect diff if a concrete need arises.
cac7f95d33063cec2d5b83a37a7260bff0d9ac2d	2026-08-17T00:37:49Z	quality: run repository policy against live worktree	Deferred: no independently portable change selected from metadata; inspect diff if a concrete need arises.
0171bb80d3033605300581ebb278b9868b57faf1	2026-08-17T01:37:37Z	fix: complete fixed LOC policy integration	Deferred: no independently portable change selected from metadata; inspect diff if a concrete need arises.
340f0021d7265832aad66a684fe0f2833fe9cb04	2026-08-17T01:51:47Z	fix: preserve split module integration after rebase	Deferred: no independently portable change selected from metadata; inspect diff if a concrete need arises.
02433addf6a0f96ca8b5e4028c9d57a53a050e20	2026-08-17T01:58:36Z	fix: align validation with split module boundaries	Deferred: no independently portable change selected from metadata; inspect diff if a concrete need arises.
9e7de2f9bd5047dc0eecf9702a335d910c15a78d	2026-08-17T04:21:36Z	fix: finalize repository policy cutover	Deferred: no independently portable change selected from metadata; inspect diff if a concrete need arises.
ce8d69c11d1a95df8fd4067428f65d0584bcb4a8	2026-08-17T04:43:11Z	fix: close repository policy review gaps	Deferred: no independently portable change selected from metadata; inspect diff if a concrete need arises.
67f527ebad942ee157de21b1894a8138d9a661f1	2026-08-17T04:57:18Z	refactor: split post-rebase LOC overages	Deferred: no independently portable change selected from metadata; inspect diff if a concrete need arises.
f40a65014fef0942e0cf6e37d78fb00ac82aee11	2026-08-17T05:40:02Z	fix: close final repository policy gaps	Deferred: no independently portable change selected from metadata; inspect diff if a concrete need arises.
db8217db8c0c1462508b129b5331750f22c49496	2026-08-17T05:59:57Z	fix: invalidate stale Pi projections	Deferred: no independently portable change selected from metadata; inspect diff if a concrete need arises.
fef10f691a56caacb4d9ddbf8ef046087a1e58e6	2026-08-17T10:09:44Z	refactor: split exact-tip LOC overages	Deferred: no independently portable change selected from metadata; inspect diff if a concrete need arises.
25df729b793453ab555bb7a2ac068b7ab81124b1	2026-08-17T10:11:21Z	fix: align raw-output owner after test split	Deferred: no independently portable change selected from metadata; inspect diff if a concrete need arises.
8045f6de310aabbc350022f168a4dc1010b67136	2026-08-17T10:14:03Z	fix: close exact-tip validation gaps	Deferred: no independently portable change selected from metadata; inspect diff if a concrete need arises.
3140f779f47fb9dbf71d84173ccca5536be14e18	2026-08-17T10:24:39Z	fix: close final exact-tip CI gaps	Deferred: no independently portable change selected from metadata; inspect diff if a concrete need arises.
d4c3ace7c53025de19c8c969f9e1b18ea0957290	2026-08-17T11:52:44Z	fix(tests): correct lifecycle regression module path	Deferred: no independently portable change selected from metadata; inspect diff if a concrete need arises.
dce1381d380492d93a0c35dc83f99d007a3b5678	2026-08-17T12:01:41Z	fix(tests): account for generation lease control files	Deferred: architecture/product direction is outside this fork’s local CLI/importer scope.
c67fc22584e2f7dc091cb39b1e07ea8cd30fd696	2026-08-17T13:53:23Z	fix(history): tolerate missing watched routes on restart	Deferred: no independently portable change selected from metadata; inspect diff if a concrete need arises.
b59a5b11a0871cb1df2caa5af0e69b68cfca31fa	2026-08-17T14:41:30Z	style(history): format restart regression	Deferred: no independently portable change selected from metadata; inspect diff if a concrete need arises.
09f62cdd815ff3ec793fec7ba98c1e8fff1dfdd3	2026-08-17T16:00:46Z	release: seal latest official OSV generations	Deferred: architecture/product direction is outside this fork’s local CLI/importer scope.
93d413232d19c91184e302d5d61135d877820150	2026-08-17T16:17:37Z	release: make OSV sealing race-safe	Deferred: no independently portable change selected from metadata; inspect diff if a concrete need arises.
d6025286da4ee52c264167e9f5982a0047a7b8e7	2026-08-17T17:11:02Z	feat(integrations): add universal ctx plugin	Deferred: no independently portable change selected from metadata; inspect diff if a concrete need arises.
bd5f22bd291a7bd8766df65b9284c98d4ca42513	2026-08-17T17:15:31Z	Merge pull request #598 from ctxrs/ctx/plugin-ctx-universal-1-0	Deferred: no independently portable change selected from metadata; inspect diff if a concrete need arises.
3eacc4a35e57449d815da07a5a48c56274047654	2026-08-17T17:08:22Z	fix(index): make generation state umask-independent	Deferred: architecture/product direction is outside this fork’s local CLI/importer scope.
3515bbb5b18ceb460913cb9c5e75d262dd20501b	2026-08-17T16:31:52Z	quality: enforce live crate-size limit without ratchets	Deferred: no independently portable change selected from metadata; inspect diff if a concrete need arises.
05d3303532d29bf7a9319afb508a235313e9876b	2026-08-17T16:49:44Z	refactor(index): split portable clone planning and transfer	Deferred: no independently portable change selected from metadata; inspect diff if a concrete need arises.
cfaaa230c02eaf27e807d83678f972afcd0f1d07	2026-08-17T17:11:49Z	refactor(history): extract Hermes provider crate	Deferred: provider/import change not selected; no bounded, demonstrated fork gap established in this pass.
ee09ef262600d7672239955bab7f337ff9d9b52d	2026-08-17T17:16:23Z	fix(history): satisfy Hermes retry Clippy	Deferred: no independently portable change selected from metadata; inspect diff if a concrete need arises.
731b0e22149abd9bf2633215d67fb1ecd2861d10	2026-08-17T17:38:47Z	fix(ci): include plugin catalogs and format contracts	Excluded by fork guardrail: SDK/contracts/build or hosted-install/release/marketing surface.
04b319d602d928c238338a993c68c2c32de363bd	2026-08-17T18:24:12Z	fix(index): avoid rewriting secure lock files	Deferred: no independently portable change selected from metadata; inspect diff if a concrete need arises.
a4ff222a392c7c1d75276879f540ca8e7eec5765	2026-08-17T18:38:42Z	fix(integrations): recognize released legacy skill	Deferred: no independently portable change selected from metadata; inspect diff if a concrete need arises.
a172ed00217f34da866fa70d0961d68b150c14ed	2026-08-17T20:26:53Z	feat(search): default to all-agent root-first results	Deferred: no independently portable change selected from metadata; inspect diff if a concrete need arises.
71eac576728c97b31c5b4b8d36852825e77aa754	2026-08-17T21:47:41Z	fix(installer): keep hosted transactions in Core	Excluded by fork guardrail: SDK/contracts/build or hosted-install/release/marketing surface.
0ec02ad20d6c90c30de8297286c79fdb84981ee2	2026-08-17T22:24:05Z	feat(search): generalize active session exclusion	Deferred: no independently portable change selected from metadata; inspect diff if a concrete need arises.
a3f666ae938c1d911b8627f3c2cfba66248e3351	2026-08-17T22:32:38Z	fix(installer): secure managed pair directories	Excluded by fork guardrail: SDK/contracts/build or hosted-install/release/marketing surface.
a4a3b0a5f1bd6a1de339bd5e82deaa76111e7e57	2026-08-17T22:41:50Z	fix(search): fail open on malformed session identity	Excluded by fork guardrail: network, telemetry, updater, or release-signing surface.
960a5e6379f158655aa1d14318bc4b223de701a6	2026-08-17T23:27:23Z	fix(import): scope selected source refreshes	Deferred: provider/import change not selected; no bounded, demonstrated fork gap established in this pass.
6d5b925b77fbc04929468c87e8a69804e947e791	2026-08-17T23:59:29Z	fix(companion): preserve managed user home	Deferred: no independently portable change selected from metadata; inspect diff if a concrete need arises.
33501d73ccc201e58f7c97e834277c2a0e7a27c1	2026-08-18T01:04:01Z	fix(managed-pair): bridge Core installation identity	Excluded by fork guardrail: network, telemetry, updater, or release-signing surface.
8a547f557d1f10a40687a3c7cffa3d12b81d4388	2026-08-18T01:26:20Z	Simplify public release validation pipeline (#601)	Deferred: no independently portable change selected from metadata; inspect diff if a concrete need arises.
7ec3046eb3e737e61088bf1a1cf499b0e66584cc	2026-08-18T01:33:09Z	refactor(test): default new tests into CI	Deferred: no independently portable change selected from metadata; inspect diff if a concrete need arises.
b1f3c0f511d09db38dd3389920440595530db321	2026-08-18T02:05:19Z	fix(import): preserve typed admission failures	Deferred: provider/import change not selected; no bounded, demonstrated fork gap established in this pass.
ac05714882aeaa9a464fd15ade3aefe08108e073	2026-08-18T02:49:03Z	feat(cli): add indexing mode controls	Deferred: no independently portable change selected from metadata; inspect diff if a concrete need arises.
c3ef8e1980fedb86f202cbdc77d9826019e79a88	2026-08-18T02:46:33Z	refactor(companion): enforce pure protocol v3 boundary	Excluded by fork guardrail: SDK/contracts/build or hosted-install/release/marketing surface.
28260e06703ec5d5fc03e0714164d0b3ab60c4da	2026-08-18T03:00:14Z	refactor(core): negotiate capability protocol by version	Excluded by fork guardrail: SDK/contracts/build or hosted-install/release/marketing surface.
e1220021ab40c94e2966eadfa5ec390dcc32b7e2	2026-08-18T03:18:26Z	test(companion): refresh launch error policy binding	Deferred: no independently portable change selected from metadata; inspect diff if a concrete need arises.
36f3dbb029cc877e3b6c7122b9c8b9d438b721d7	2026-08-18T04:49:34Z	feat(installer): let installed core own pair activation	Excluded by fork guardrail: SDK/contracts/build or hosted-install/release/marketing surface.
8c07f1b591dff98b15e4e5810a60f2844a08658b	2026-08-18T05:54:53Z	refactor(installer): decouple hosted pair activation	Excluded by fork guardrail: SDK/contracts/build or hosted-install/release/marketing surface.
65cfb1a2c8168a0746cd05b5d0db8ff922ba1fbc	2026-08-18T05:45:20Z	refactor(refresh): canonicalize admission pipeline	Deferred: no independently portable change selected from metadata; inspect diff if a concrete need arises.
a58c1fab4f83592b6b3ba8637e8a29187eaf4180	2026-08-18T07:44:37Z	fix(ci): clear strict clippy warnings	Deferred: no independently portable change selected from metadata; inspect diff if a concrete need arises.
782529669f619f58eb5f6378de8297ecb46192e6	2026-08-18T08:17:16Z	fix(release): provision requested OSV ecosystems (#606)	Deferred: no independently portable change selected from metadata; inspect diff if a concrete need arises.
bb93334a4bf8d4a570dc4a776c52eebef18fe920	2026-08-18T10:20:29Z	fix(managed-pair): restore Windows file identity visibility	Excluded by fork guardrail: network, telemetry, updater, or release-signing surface.
c12867b5d0210cd43e7e465d7b1dce1bbd4a8001	2026-08-18T14:02:12Z	fix(opencode): ignore empty derived strings (#608)	Deferred: provider/import change not selected; no bounded, demonstrated fork gap established in this pass.
f2a718b355f56ec9aab47e641f6f993af22ba8d6	2026-08-18T14:13:54Z	fix(macos): accept files without extended ACLs	Deferred: no independently portable change selected from metadata; inspect diff if a concrete need arises.
e9c65af6fe7511d43aa637fe7ac1ea8a83df2fa5	2026-08-18T16:33:11Z	fix(core): retain normalized generation read roots	Deferred: architecture/product direction is outside this fork’s local CLI/importer scope.
81674d037109daadf3292d9fdd50c7125dd4a49a	2026-08-18T17:00:28Z	fix(import): isolate optional provider metadata failures	Deferred: provider/import change not selected; no bounded, demonstrated fork gap established in this pass.
012e7b2cfcab9ba2420545cd2fad56cffb822016	2026-08-18T17:24:17Z	release: unify managed pair target authority	Deferred: no independently portable change selected from metadata; inspect diff if a concrete need arises.
11d9d5256e7471719c22bb37c091f587700fa3e1	2026-08-18T16:19:36Z	feat(setup): stream companion notice during core setup	Deferred: no independently portable change selected from metadata; inspect diff if a concrete need arises.
2fe47c1f35e9237f0f48cce6f59b467e5b9abcd7	2026-08-18T18:27:49Z	feat(setup): keep live progress responsive	Deferred: no independently portable change selected from metadata; inspect diff if a concrete need arises.
e5da92d14202365b36a57e2c8a06acf44278d8fd	2026-08-18T19:05:32Z	fix(setup): propagate waited refresh failures	Deferred: no independently portable change selected from metadata; inspect diff if a concrete need arises.
fc830635d68208a0a114f148c8c213936bb3182a	2026-08-18T19:43:11Z	Support current OpenHands CLI event history	Deferred: no independently portable change selected from metadata; inspect diff if a concrete need arises.
d37a831366dd13632639ae7791655b8f7e08a2af	2026-08-18T19:44:13Z	feat(history): ingest Mux archive as compound history	Deferred: no independently portable change selected from metadata; inspect diff if a concrete need arises.
e26e9c1ac6f1bba23ded70068c52ea36ce476f16	2026-08-18T19:44:16Z	docs(providers): import all supported selected components	Deferred: provider/import change not selected; no bounded, demonstrated fork gap established in this pass.
6aebaeaee2d9d017765b0999f2107415066c02a6	2026-08-18T19:44:16Z	Merge branch 'ctx/openhands-cli-history' into ctx/provider-integration-610	Deferred: provider/import change not selected; no bounded, demonstrated fork gap established in this pass.
7a6aace51ba266318b3fa7606f85d4ba09e61089	2026-08-18T19:46:00Z	Merge branch 'ctx/mux-archive-history' into ctx/provider-integration-610	Deferred: provider/import change not selected; no bounded, demonstrated fork gap established in this pass.
1d20d4ed428b3a0287c37237876b42cbc6f9df8b	2026-08-18T19:49:56Z	fix bounded provider source discovery	Deferred: provider/import change not selected; no bounded, demonstrated fork gap established in this pass.
cc8fcd9b33618c4c8e7c2b6cffc4cb552a7cb720	2026-08-18T19:51:03Z	Merge branch 'ctx/provider-auto-discovery-610' into ctx/provider-integration-610	Deferred: provider/import change not selected; no bounded, demonstrated fork gap established in this pass.
624e36fe17a1d68730b7f8d19d034f756ed61a44	2026-08-18T19:55:40Z	feat(codex): import compressed rollout history	Deferred: provider/import change not selected; no bounded, demonstrated fork gap established in this pass.
828369f88080d1fc25fe0b515867fce7c9d464ed	2026-08-18T20:00:57Z	feat(import): enable explicit Shelley SQLite paths	Deferred: provider/import change not selected; no bounded, demonstrated fork gap established in this pass.
ad478213ba364ad4bc4b2e7bde0e8d8dab490f9d	2026-08-18T20:06:38Z	Fix OpenHands current history discovery lifecycle	Deferred: no independently portable change selected from metadata; inspect diff if a concrete need arises.
0282a53513aba345c1d7a073f6907da4b7704b4d	2026-08-18T20:06:44Z	feat(history): import Cline SDK session stores	Excluded by fork guardrail: SDK/contracts/build or hosted-install/release/marketing surface.
930703961dab47f7fea56dc5d4fed70b68e71d72	2026-08-18T20:08:24Z	feat(history): import OpenClaw agent SQLite transcripts	Deferred: provider/import change not selected; no bounded, demonstrated fork gap established in this pass.
3ddabab97b868fd80ff1f43b3af21630e0d60e31	2026-08-18T20:10:43Z	fix(history): harden Mux archive rotation lifecycle	Deferred: no independently portable change selected from metadata; inspect diff if a concrete need arises.
70cbc5cdac914e408460cab97f035a6f97794825	2026-08-18T20:19:05Z	fix(import): hand off Shelley route ownership	Deferred: provider/import change not selected; no bounded, demonstrated fork gap established in this pass.
7bb96ac063186b687dc82d6c435f0ab041556c92	2026-08-18T20:33:05Z	Fix OpenHands legacy and CLI route coexistence	Deferred: no independently portable change selected from metadata; inspect diff if a concrete need arises.
ffd6bfdc26ce8ec20d91eae82e787224449fa4ce	2026-08-18T20:17:36Z	perf(history-index): bound session authority lookup	Deferred: no independently portable change selected from metadata; inspect diff if a concrete need arises.
ab8170deea732c1c2b778a01886871521f0f5858	2026-08-18T20:37:51Z	fix(history): require equivalent Mux archive overlap	Deferred: no independently portable change selected from metadata; inspect diff if a concrete need arises.
dc602037553f86a60a4d9396ebf2cc9c5bdc193e	2026-08-18T20:44:30Z	fix(history): close Cline SDK review findings	Excluded by fork guardrail: SDK/contracts/build or hosted-install/release/marketing surface.
b3d86f0688adb6c2ff04a46b7830f1b976ef876b	2026-08-18T20:21:05Z	refactor(history): remove Trae provider support	Deferred: provider/import change not selected; no bounded, demonstrated fork gap established in this pass.
007e69751b2ad39844f0da4b96d0c45a11c4cf25	2026-08-18T21:10:06Z	Make Mux archive seam multiplicity-aware	Deferred: no independently portable change selected from metadata; inspect diff if a concrete need arises.
ab12270a5016f9a48f00b3b4f4531048650eecc2	2026-08-18T21:12:21Z	Merge branch 'ctx/remove-trae-support' into ctx/provider-integration-610	Deferred: provider/import change not selected; no bounded, demonstrated fork gap established in this pass.
5894f0cec895972e50c41f7b01afee87fe5eb22d	2026-08-18T21:14:00Z	Merge branch 'ctx/shelley-explicit-history' into ctx/provider-integration-610	Deferred: provider/import change not selected; no bounded, demonstrated fork gap established in this pass.
c3a7377dd3b5bdf620012c43d959206cf940abfa	2026-08-18T21:14:42Z	Fix OpenHands automatic route lifecycle	Deferred: no independently portable change selected from metadata; inspect diff if a concrete need arises.
e98179d33cc5f13bdccdf9ceb40c045928c4ab67	2026-08-18T21:15:38Z	Merge branch 'ctx/cline-sdk-history' into ctx/provider-integration-610	Excluded by fork guardrail: SDK/contracts/build or hosted-install/release/marketing surface.
bd1f558f4f9e470dde8766ff875c39262bf83960	2026-08-18T21:17:43Z	fix(history): reconcile supported provider discovery	Deferred: provider/import change not selected; no bounded, demonstrated fork gap established in this pass.
cd835ba21862e1c96c3cca39128eca8fee0b127e	2026-08-18T21:17:57Z	Merge branch 'ctx/mux-archive-history' into ctx/provider-integration-610	Deferred: provider/import change not selected; no bounded, demonstrated fork gap established in this pass.
52b836c8a0c1dddf2c5ef04840d222d6b2d68c88	2026-08-18T21:20:51Z	fix(history): harden OpenClaw SQLite import	Deferred: provider/import change not selected; no bounded, demonstrated fork gap established in this pass.
64b2a209f1fccb7f9f3c9617a61083c702701b96	2026-08-18T21:26:14Z	style(history): format integrated discovery	Deferred: no independently portable change selected from metadata; inspect diff if a concrete need arises.
b3e41fbb78e84fbe22dee02c38c6194ae79aa01f	2026-08-18T21:34:10Z	fix(codex): harden compressed rollout ingestion	Deferred: provider/import change not selected; no bounded, demonstrated fork gap established in this pass.
fe6145aece91647e6e79d9f66079a0184ef37dae	2026-08-18T21:42:04Z	Fix OpenHands direct root lifecycle	Deferred: no independently portable change selected from metadata; inspect diff if a concrete need arises.
b0b886029ffbfe61787bdc57a0da3361ad1ae60a	2026-08-18T21:48:22Z	refactor(jsonl): split standard zstd physical stream	Deferred: no independently portable change selected from metadata; inspect diff if a concrete need arises.
8a7f07f542af2ed5e4db638a34eda9e15befd8c8	2026-08-18T21:59:39Z	fix(history): close OpenClaw SQLite review blockers	Deferred: no independently portable change selected from metadata; inspect diff if a concrete need arises.
59bbdd15850993113fd6ee571878f2d47af5d5bf	2026-08-18T22:02:57Z	Merge branch 'ctx/openhands-cli-history' into ctx/provider-integration-610	Deferred: provider/import change not selected; no bounded, demonstrated fork gap established in this pass.
28fb53c9c01440b031e139b15a67da6e2858ee18	2026-08-18T22:14:52Z	fix(codex): reject ambiguous rollout owners	Deferred: provider/import change not selected; no bounded, demonstrated fork gap established in this pass.
bf1020feeacad763dc443e1aa4670148133ad178	2026-08-18T22:25:39Z	Merge branch 'ctx/openclaw-sqlite-history' into ctx/provider-integration-610	Deferred: provider/import change not selected; no bounded, demonstrated fork gap established in this pass.
166aa89fe2ff5514d203249c05bdc23fc7ed2e90	2026-08-18T22:35:46Z	Merge branch 'ctx/codex-zstd-history' into ctx/provider-integration-610	Deferred: provider/import change not selected; no bounded, demonstrated fork gap established in this pass.
0920e7cb96ec6ff4ca5f0a9a9673c3fbc8503ce5	2026-08-18T22:37:57Z	fix(history): clarify supported provider routing	Deferred: provider/import change not selected; no bounded, demonstrated fork gap established in this pass.
ed482d18621236b8c11ec7ba02f12d5141658fab	2026-08-18T22:39:05Z	test(history): update provider count after Trae removal	Deferred: provider/import change not selected; no bounded, demonstrated fork gap established in this pass.
1eee4a8464961bd176b1f618dc271a1f1815537a	2026-08-18T22:49:10Z	docs: reconcile provider integration support	Deferred: provider/import change not selected; no bounded, demonstrated fork gap established in this pass.
898a38a3ec249b712579cb18bbf468e40ff684a8	2026-08-18T23:03:10Z	test(history): reconcile integrated route contracts	Excluded by fork guardrail: SDK/contracts/build or hosted-install/release/marketing surface.
1bdc2e7e640891fe6bc48099ebc084859d36a12a	2026-08-18T23:50:06Z	Merge pull request #612 from ctxrs/ctx/remove-trae-support	Deferred: no independently portable change selected from metadata; inspect diff if a concrete need arises.
f0d54177e8b7e7d6aabdd3e5d3f2e3809657257e	2026-08-18T23:53:18Z	Merge origin/main after Trae support removal	Deferred: no independently portable change selected from metadata; inspect diff if a concrete need arises.
3f579224b89073804074f9e1b3fdc974255124bc	2026-08-19T00:04:43Z	Merge pull request #613 from ctxrs/ctx/provider-integration-610	Deferred: provider/import change not selected; no bounded, demonstrated fork gap established in this pass.
ce3755e1b5f581664cab02f4a5e306341e8dde76	2026-08-19T01:05:00Z	fix(companion): classify pre-handshake exits	Deferred: no independently portable change selected from metadata; inspect diff if a concrete need arises.
bcde93167c7457fc39fb5bb1f10deae5c7968078	2026-08-19T02:04:28Z	fix(companion): own long-running maintenance	Deferred: no independently portable change selected from metadata; inspect diff if a concrete need arises.
c0affc39fe41e8204e920c7cdeace4f60aabbc64	2026-08-19T03:09:14Z	fix(companion): coalesce generation maintenance wakes	Deferred: architecture/product direction is outside this fork’s local CLI/importer scope.
a68a4531eec447e8b73d987a1f72ad5c72451ced	2026-08-19T03:47:47Z	fix(codex): quarantine malformed rollout owners	Deferred: provider/import change not selected; no bounded, demonstrated fork gap established in this pass.
91f6a1b6d1635667af6a0103976726b8ede5ba95	2026-08-19T02:51:27Z	fix(ci): restore provider boundary checks	Deferred: provider/import change not selected; no bounded, demonstrated fork gap established in this pass.
6e93573660e2ef3959f50ef4bf32d245c7f37767	2026-08-19T02:59:38Z	feat(providers): remove Windsurf support and define conformance	Deferred: provider/import change not selected; no bounded, demonstrated fork gap established in this pass.
a0509981c653eb4d398d1fbd3e25615801883b67	2026-08-18T22:05:22Z	fix(index): keep leased reads descriptor anchored	Deferred: no independently portable change selected from metadata; inspect diff if a concrete need arises.
4cd091a2e881888f8d850c3efec64e7a519ba487	2026-08-19T03:15:11Z	fix(ci): sync mutation fixtures and formatting	Deferred: no independently portable change selected from metadata; inspect diff if a concrete need arises.
d925e298e3e98a4096f8e8b588c9e4a39ace2734	2026-08-19T03:21:31Z	docs: correct MCP attribution lane count	Deferred: architecture/product direction is outside this fork’s local CLI/importer scope.
44106086607d3793ad7ef71186ce6451a145c66a	2026-08-19T04:02:11Z	fix(codex): preserve empty rollout imports	Deferred: provider/import change not selected; no bounded, demonstrated fork gap established in this pass.
eed51da20378f1d49f0e736fdfc4079151b0683b	2026-08-19T04:42:49Z	fix(companion): bind maintenance to daemon lifetime	Deferred: architecture/product direction is outside this fork’s local CLI/importer scope.
5f5a632280c015d2f1850a53a50e2ee56171c2e5	2026-08-19T05:06:28Z	fix(companion): preserve PATH for Pro maintenance	Deferred: no independently portable change selected from metadata; inspect diff if a concrete need arises.
e49b15eb47238641cffa710e0a2cac5c27e10dc3	2026-08-19T04:16:03Z	release: enforce GLIBC 2.28 Linux ceiling	Deferred: no independently portable change selected from metadata; inspect diff if a concrete need arises.
0ae6c4dce74c29c169928c3ae26d015a211874e5	2026-08-19T05:27:55Z	fix(index): restore Windows generation publication	Deferred: architecture/product direction is outside this fork’s local CLI/importer scope.
a067237b662b7a6816bc6e800f969464093bf6ba	2026-08-19T06:03:29Z	release: bind runtime verifier to target matrix	Deferred: no independently portable change selected from metadata; inspect diff if a concrete need arises.
28ab73c966cb582bba80e571ffa4c700a9a9cfd4	2026-08-19T08:01:27Z	fix(codex): preserve provider root session	Deferred: provider/import change not selected; no bounded, demonstrated fork gap established in this pass.
693966cc55456949c22e1a29ae08ba3bd85eb4ad	2026-08-19T08:50:35Z	Keep observing retained refresh requests	Deferred: no independently portable change selected from metadata; inspect diff if a concrete need arises.
1ebc5b50bd210463a60e836b81f564dbe0d95bb7	2026-08-19T09:21:01Z	Keep Pro channel out of Core daemon state	Deferred: architecture/product direction is outside this fork’s local CLI/importer scope.
df875d7f008d9c37e494dc058929d1c644982907	2026-08-19T14:09:03Z	fix(setup): reconcile final history totals	Deferred: no independently portable change selected from metadata; inspect diff if a concrete need arises.
d2fb96a02647806405114002e809e6493196aaa6	2026-08-19T14:45:34Z	fix(index): support Darwin generation roots	Deferred: architecture/product direction is outside this fork’s local CLI/importer scope.
623f60d21af26bbc9e10d85b7f493ddc22704a6d	2026-08-19T15:54:51Z	fix(codex): preserve session metadata ownership	Deferred: provider/import change not selected; no bounded, demonstrated fork gap established in this pass.
00849ddcb60e8dc482298268965e247c88884e93	2026-08-19T17:08:19Z	feat(terminal): rerender live output after resize	Deferred: no independently portable change selected from metadata; inspect diff if a concrete need arises.
3180ad5133c54b0a0d9e8e32d40af4a0ddcd5dae	2026-08-19T16:08:54Z	fix(index): tolerate retired Tantivy merge files	Deferred: no independently portable change selected from metadata; inspect diff if a concrete need arises.
c14b15eb68ea891eb9b6a0c9fb2283804fceba12	2026-08-19T16:27:41Z	fix(ingest): report intermediate scanner and writer activity	Deferred: no independently portable change selected from metadata; inspect diff if a concrete need arises.
dbc9256a1545df8d25f67c088f6ed33d57222167	2026-08-19T16:32:40Z	fix(core): emit typed refresh terminal failures	Deferred: no independently portable change selected from metadata; inspect diff if a concrete need arises.
388b03aebe97b0e132944a80dffda167c474994b	2026-08-19T16:57:18Z	feat(terminal): add reusable callout component	Deferred: no independently portable change selected from metadata; inspect diff if a concrete need arises.
a8a740be85af0a7594083b85bcc07e5a2963be65	2026-08-19T17:12:20Z	feat(core): stream typed refresh protocol events	Excluded by fork guardrail: SDK/contracts/build or hosted-install/release/marketing surface.
4444b016f674e8709cea7f513a2a645bd9e7604f	2026-08-19T17:26:48Z	feat(terminal): compose persistent structured callouts	Deferred: no independently portable change selected from metadata; inspect diff if a concrete need arises.
bf1d4859d8eaf1f966ab088ba30a3021f17b4da1	2026-08-19T21:10:14Z	test(core): remove stale repository evidence fixture	Deferred: no independently portable change selected from metadata; inspect diff if a concrete need arises.
0dd16fbfae90453f8f84c0fd3b21fdab681c8a86	2026-08-19T20:00:47Z	fix(codex): quarantine conflicting rollout ownership	Deferred: provider/import change not selected; no bounded, demonstrated fork gap established in this pass.
c5e5b75ba457f070efc39134a3a0ce37c9d0367f	2026-08-19T22:30:42Z	refactor(history): type canonical JSONL leaf inventory	Deferred: no independently portable change selected from metadata; inspect diff if a concrete need arises.
e623fc608840603caa7352e93305d1786a1c5234	2026-08-19T22:30:50Z	refactor(history): unify automatic and explicit route authority	Deferred: no independently portable change selected from metadata; inspect diff if a concrete need arises.
b5af439943a892f1226bdbbef663f446a0502e60	2026-08-19T23:05:57Z	fix(daemon): restart persistent systemd service after clean exit	Deferred: architecture/product direction is outside this fork’s local CLI/importer scope.
d3dfe2ab292c7f0e849fc085d9ec66b3b71eda4e	2026-08-20T02:33:28Z	fix(history): reuse writerless identical refreshes	Deferred: no independently portable change selected from metadata; inspect diff if a concrete need arises.
94c0d32e1f4c3f7f7c78febdb916066d8df67c6c	2026-08-20T02:56:46Z	fix(companion): bound Core setup receipts	Deferred: no independently portable change selected from metadata; inspect diff if a concrete need arises.
18b62f73673de6876e14c76bcf06233ec7abc9e3	2026-08-20T04:46:53Z	fix(cli): preserve terminal capabilities for Pro	Deferred: no independently portable change selected from metadata; inspect diff if a concrete need arises.
ce0aceb41832c1a62e231e1f94fae8262d5a21dd	2026-08-20T04:47:01Z	fix(history): avoid retries for bounded permanent failures	Deferred: no independently portable change selected from metadata; inspect diff if a concrete need arises.
f7422cae48d1cfaf0f110055c59f9cb4a9e6c301	2026-08-20T04:47:07Z	test(terminal): register callout plain rendering	Deferred: no independently portable change selected from metadata; inspect diff if a concrete need arises.
9de43ae87642323769063e4b0eb976349b210f48	2026-08-20T05:26:32Z	fix(installer): preserve Core on exact reinstall	Excluded by fork guardrail: SDK/contracts/build or hosted-install/release/marketing surface.
362e73704a8916efaec3c5730ff86cdeacdf6003	2026-08-20T15:40:43Z	fix(pi): accept OMP title slot metadata	Deferred: no independently portable change selected from metadata; inspect diff if a concrete need arises.
f3df097d5dae0ac825a93db90904e7de9b6bb7f6	2026-08-20T15:44:04Z	test(history): satisfy current Clippy lint	Deferred: no independently portable change selected from metadata; inspect diff if a concrete need arises.
1a5d8708f5f54782f88a37b31f1ff7a8644d5053	2026-08-20T15:53:57Z	fix(daemon): preserve valid supervisor owner	Deferred: architecture/product direction is outside this fork’s local CLI/importer scope.
a8dd8fe024393ef86af1498cc771fef04d1f72ba	2026-08-20T16:16:10Z	fix(test-support): use capture facade in refresh helper	Deferred: no independently portable change selected from metadata; inspect diff if a concrete need arises.
6ea1af32566015868153623b9641a9967968d4d3	2026-08-20T16:16:19Z	fix(installer): make managed reinstall supervision idempotent	Excluded by fork guardrail: SDK/contracts/build or hosted-install/release/marketing surface.
ec16fd402100b64475eb75afaee39a126fd68334	2026-08-20T15:01:07Z	fix: report scanned history before writer admission	Deferred: no independently portable change selected from metadata; inspect diff if a concrete need arises.
2baaded4527d112323a757c85c201ca41ea911cc	2026-08-20T18:23:30Z	fix(history): keep live scan counters moving	Deferred: no independently portable change selected from metadata; inspect diff if a concrete need arises.
b20ea72945b8a03ce6f5bb094ff124757213ba11	2026-08-20T21:04:01Z	perf(index): evaluate wider cold merge fan-in	Deferred: no independently portable change selected from metadata; inspect diff if a concrete need arises.
3832046001b3f078b4411ed7517d8a156f8cf79a	2026-08-20T22:25:08Z	test(index): keep append probes topology bounded	Deferred: no independently portable change selected from metadata; inspect diff if a concrete need arises.
343029ef05ccfb8af5bfad8dc67d781edf9950a0	2026-08-20T23:27:08Z	release: prepare ctx 1.0.1	Deferred: no independently portable change selected from metadata; inspect diff if a concrete need arises.
31db96096740cbe93dfed49075db03444ed18508	2026-08-20T23:38:25Z	merge: ctx 1.0.1 release source	Deferred: no independently portable change selected from metadata; inspect diff if a concrete need arises.
524509cb009a3d169b44ecef5a6c0ebd416607d7	2026-08-21T00:41:57Z	perf(history): publish Codex scan pages sooner	Deferred: provider/import change not selected; no bounded, demonstrated fork gap established in this pass.
1036b286814cf26699a061cc1ebfa963343f55c3	2026-08-21T01:42:22Z	fix(plugins): sync manifests to 1.0.1	Deferred: no independently portable change selected from metadata; inspect diff if a concrete need arises.
3781ddac5fcb026a84b6fa80fb0cb985c3b42910	2026-08-21T01:47:39Z	merge: sync plugin manifests to ctx 1.0.1	Deferred: no independently portable change selected from metadata; inspect diff if a concrete need arises.
1b05a2930c0b4a845ce63c3bf584521edcd857d8	2026-08-21T01:47:39Z	merge: publish Codex scan progress sooner	Deferred: provider/import change not selected; no bounded, demonstrated fork gap established in this pass.
f81c900bc878b91b4ef6cbfd3066a44860663a1e	2026-08-21T03:42:40Z	release: prepare ctx 1.0.2	Deferred: no independently portable change selected from metadata; inspect diff if a concrete need arises.
476b47d7c2021dc81433bdb894afe772ebd191a7	2026-08-21T03:47:12Z	refactor(test): split capture composition qualification	Deferred: no independently portable change selected from metadata; inspect diff if a concrete need arises.
72bf8899dd239273ad2945b0aa65b393832df54a	2026-08-21T03:48:17Z	fix(history): bound parallel sink errors	Deferred: no independently portable change selected from metadata; inspect diff if a concrete need arises.
d0d901235e9204321c4ced1437c617015478d75c	2026-08-21T03:55:58Z	fix(history): satisfy current release lints	Deferred: no independently portable change selected from metadata; inspect diff if a concrete need arises.
52b633e94d465a08964e0603e9a776a466f1a826	2026-08-21T03:56:50Z	fix(codex): simplify quarantined source key error	Deferred: provider/import change not selected; no bounded, demonstrated fork gap established in this pass.
6605dec6a5424622bfd1f1b6cfc0ed3ad32ca2f8	2026-08-21T04:22:49Z	test(release): align current qualification contracts	Excluded by fork guardrail: SDK/contracts/build or hosted-install/release/marketing surface.
e02b47965d1c251062978cfdbf7b9fefab850e69	2026-08-21T04:27:17Z	merge: prepare ctx 1.0.2	Deferred: no independently portable change selected from metadata; inspect diff if a concrete need arises.
73956ff19ad8a3ab60601673765ceaa30a8f4942	2026-08-21T15:45:30Z	fix(contract-tests): declare ctx-history dev-dependencies for cargo builds	Excluded by fork guardrail: SDK/contracts/build or hosted-install/release/marketing surface.
e523809f5cfee033db2272f853944891df30c828	2026-08-21T15:45:50Z	fix(workspace): make cargo clippy --workspace --all-targets -D warnings pass	Deferred: no independently portable change selected from metadata; inspect diff if a concrete need arises.
b33107ed3c15fff59ddcb144bffa255d117d8ebc	2026-08-21T16:02:19Z	fix(codex): preserve cold imports during live append	Deferred: provider/import change not selected; no bounded, demonstrated fork gap established in this pass.
b96557400aca358a4527620f1d84cc2a238f6796	2026-08-21T16:09:38Z	Add canonical telemetry provider manifest	Excluded by fork guardrail: network, telemetry, updater, or release-signing surface.
5d79bff5f7cdc5bd5520c04f62a0b7699daebfe8	2026-08-21T16:19:55Z	release: assemble complete GitHub asset set	Deferred: no independently portable change selected from metadata; inspect diff if a concrete need arises.
b334eb3e5d151a96f3085c70ea673f11f1837d74	2026-08-21T16:22:24Z	Merge pull request #641 from ctxrs/ctx/github-runtime-assembly-20260821	Deferred: no independently portable change selected from metadata; inspect diff if a concrete need arises.
4c4739c07ee99e96974836a132b84cf813111ee2	2026-08-21T17:52:10Z	Merge pull request #634 from rNoz/rnoz/contract-tests-cargo-dev-deps	Excluded by fork guardrail: SDK/contracts/build or hosted-install/release/marketing surface.
47f9e0cd8969ae83aa9b014b0ab3dfd78671f312	2026-08-21T17:52:10Z	Merge pull request #635 from rNoz/rnoz/gate-cfg-dead-code-lints	Deferred: no independently portable change selected from metadata; inspect diff if a concrete need arises.
bd118e387c54142b3a9289928b769f6d59fe082f	2026-08-21T16:24:21Z	fix(workspace): preserve platform-specific lint imports	Deferred: provider/import change not selected; no bounded, demonstrated fork gap established in this pass.
11e0fe2fb7ed4f85a271973759c160e3d4ece07a	2026-08-21T16:53:30Z	fix(build): align contract dependency ownership	Excluded by fork guardrail: SDK/contracts/build or hosted-install/release/marketing surface.
ae2ea235482d888d73269f49fc0cc143c451228f	2026-08-21T18:00:06Z	fix(upgrade): handle Windows install path identities	Excluded by fork guardrail: network, telemetry, updater, or release-signing surface.
6becf8cca6adca35aae9591bcbbc869cb10e6959	2026-08-21T19:45:09Z	fix(upgrade): repair legacy private state (#650)	Excluded by fork guardrail: network, telemetry, updater, or release-signing surface.
7779bb27bdf18de01df97e1b27f919014b2c1114	2026-08-21T19:59:29Z	fix(history): admit large SQLite snapshots (#651)	Deferred: no independently portable change selected from metadata; inspect diff if a concrete need arises.
43ae14786343d3ae7332042ede0ea4b0edad8d6a	2026-08-21T20:07:38Z	fix(semantic): account for intentional projection filters (#652)	Deferred: architecture/product direction is outside this fork’s local CLI/importer scope.
42de067343df5717269d53aa1cef96f5f3084d8a	2026-08-21T20:45:07Z	fix(upgrade): allow retained Windows runtime extraction (#653)	Excluded by fork guardrail: network, telemetry, updater, or release-signing surface.
2baf02d6a4d9fe18010c1e8c76e2a84ea5da249f	2026-08-21T21:29:59Z	fix(daemon): query Windows SID from process token (#654)	Deferred: architecture/product direction is outside this fork’s local CLI/importer scope.
9812010b37d39dc2ad34f0ab4dd123bf6157b39c	2026-08-21T23:58:19Z	fix(daemon): recover legacy Windows uninstall ownership (#657)	Deferred: architecture/product direction is outside this fork’s local CLI/importer scope.
67f88584ad3c93fd5cca5bd04b86d3ffa93f45c4	2026-08-23T13:36:59Z	fix(ci): restore release policy checks after legacy takeover (#666)	Deferred: no independently portable change selected from metadata; inspect diff if a concrete need arises.
543c06bb2dc5ff9bf060e76918599479af1adfa8	2026-08-23T13:41:41Z	fix(history): keep terminal route outcomes disjoint (#667)	Deferred: no independently portable change selected from metadata; inspect diff if a concrete need arises.
33613d14eeb5c1decabf32c939e6bd8e70b5ea95	2026-08-24T17:26:20Z	fix(native-jsonl): reject duplicate records without aborting import (#649)	Deferred: provider/import change not selected; no bounded, demonstrated fork gap established in this pass.
e3d8aca3ff867388888d990da8b908e9a3e026a3	2026-08-24T17:43:20Z	feat: support named provider homes and source groups (#669)	Deferred: provider/import change not selected; no bounded, demonstrated fork gap established in this pass.
3c072ecb4fc914ad18a73734d9dc423f10f3bfda	2026-08-24T18:40:01Z	feat(history): publish custom source identity in JSONL v2 (#672)	Excluded by fork guardrail: network, telemetry, updater, or release-signing surface.
32e11e0923979042c7233dae24aa673eb4d7a82e	2026-08-24T18:57:32Z	fix(jsonl): authenticate ctime-only source changes (#673)	Deferred: no independently portable change selected from metadata; inspect diff if a concrete need arises.
37a99a4b97b9c7f81fad0ea9cabf1f96c4b61994	2026-08-24T19:13:40Z	fix(ci): restore merge gates after source-group landing (#674)	Deferred: no independently portable change selected from metadata; inspect diff if a concrete need arises.
2e7982eacb9dbdd894e81ef303cbd0194891bcb4	2026-08-24T19:30:19Z	fix(cursor): bound transcript discovery by layout (#671)	Deferred: provider/import change not selected; no bounded, demonstrated fork gap established in this pass.
2a9e78fd238fcb625880c5b907ad3014c1c79f2f	2026-08-24T19:43:55Z	fix(gemini): distinguish resumed recording identities (#668)	Deferred: provider/import change not selected; no bounded, demonstrated fork gap established in this pass.
0b6ac81c17e59b16b47010937de8f9efd11f87a2	2026-08-24T20:18:03Z	fix(jsonl): reconcile replaced provider roots (#675)	Deferred: provider/import change not selected; no bounded, demonstrated fork gap established in this pass.
da028a2d6fe6c5fa7a55637701ceec373d474aa4	2026-08-24T20:28:02Z	fix(history): contain provider input failures (#676)	Deferred: provider/import change not selected; no bounded, demonstrated fork gap established in this pass.
8e15762a5f688d6b358288ebc58167ef7d853f26	2026-08-24T22:16:22Z	fix(index): certify candidates before activation (#680)	Deferred: no independently portable change selected from metadata; inspect diff if a concrete need arises.
5827a62ee66e660f9af60bfe4396d8f94e022ba6	2026-08-25T00:46:10Z	fix(upgrade): repair legacy semantic runtime (#682)	Excluded by fork guardrail: network, telemetry, updater, or release-signing surface.
9fc99d9a112fdcfdb9aeef377b3ff42d42deeffe	2026-08-25T01:55:12Z	fix(daemon): recover terminal coverage refresh failures (#677)	Deferred: architecture/product direction is outside this fork’s local CLI/importer scope.
213e6c68dcdc2a4e17c25954fbfd5d296276e0f7	2026-08-25T03:08:47Z	fix(upgrade): keep automatic upgrades active without daemon indexing (#683)	Excluded by fork guardrail: network, telemetry, updater, or release-signing surface.
cccd67b6f653f85862acdb48a4924e18a5c4fcbe	2026-08-25T04:27:23Z	fix(release): restore 1.1 factory gates (#681)	Deferred: no independently portable change selected from metadata; inspect diff if a concrete need arises.
d429e3211aa232de07777c188d0390d4c78dd0ff	2026-08-25T11:52:08Z	Preserve Pro usage consent across companion boundaries (#685)	Deferred: no independently portable change selected from metadata; inspect diff if a concrete need arises.
ab81bc0107ad33bff6260c1e7199bd5be26d70ce	2026-08-25T12:15:14Z	Report refresh terminal convergence (#686)	Deferred: no independently portable change selected from metadata; inspect diff if a concrete need arises.
d834efac8589988b7cf40f39bd8eeb8d0b8d9011	2026-08-25T12:40:06Z	Keep consent forwarding compatible with current checks (#687)	Deferred: no independently portable change selected from metadata; inspect diff if a concrete need arises.
8c6d67087372c45784f73d59f6832367e189bb3e	2026-08-25T12:54:42Z	test(cli): restore hosted uninstall contract gates (#688)	Excluded by fork guardrail: SDK/contracts/build or hosted-install/release/marketing surface.
f09692181835a8b81108a7d99dca8d1ed5712502	2026-08-25T16:17:12Z	feat(history): enable full multi-root coverage in 1.1 (#691)	Deferred: no independently portable change selected from metadata; inspect diff if a concrete need arises.
98ee0a9101d59ecf96e9529505fc34b3674671ad	2026-08-25T16:34:38Z	feat(search): record bounded execution health (#692)	Deferred: no independently portable change selected from metadata; inspect diff if a concrete need arises.
2b6de9488024a54982c581149f3c5bdd80263894	2026-08-25T20:32:07Z	Improve bounded search relevance and result diversity (#693)	Deferred: no independently portable change selected from metadata; inspect diff if a concrete need arises.
62273f038191f3e238a2c9c77614dc40e8bc2ece	2026-08-25T22:45:57Z	Describe Search result concentration (#694)	Deferred: no independently portable change selected from metadata; inspect diff if a concrete need arises.
55177698a4ef3612d60c313c3202981c222ace5e	2026-08-25T22:54:28Z	Clarify refresh indexing work (#696)	Deferred: no independently portable change selected from metadata; inspect diff if a concrete need arises.
014c93e406252edf0d8908f2b3cb1d6c065b9f4f	2026-08-25T23:26:43Z	Fix first-run daemon and snapshot races (#695)	Deferred: architecture/product direction is outside this fork’s local CLI/importer scope.
297c136f562c1ecbd7224968cc49477922457de8	2026-08-25T23:33:33Z	Prepare ctx 1.1.1 (#697)	Deferred: no independently portable change selected from metadata; inspect diff if a concrete need arises.
bb88fbd823e58ed8d2b7cf052a276c69b591e21f	2026-08-26T00:19:01Z	Describe corpus size after refresh (#699)	Deferred: no independently portable change selected from metadata; inspect diff if a concrete need arises.
a7a95aaf286f0ba3a337c5ab70b89219daad0db0	2026-08-26T01:38:36Z	test(mcp): remove mirrored attribution proof stack (#700)	Deferred: architecture/product direction is outside this fork’s local CLI/importer scope.
ee9cb129b84036d29b9721db0f6a940f2bcf42cf	2026-08-26T01:54:16Z	Centralize bounded provider root collections (#701)	Deferred: provider/import change not selected; no bounded, demonstrated fork gap established in this pass.
8570ac306c5d69d957e91590b4d16b981315e585	2026-08-26T01:38:58Z	refactor(custom-history): own explicit route contract	Excluded by fork guardrail: SDK/contracts/build or hosted-install/release/marketing surface.
08ba712a2ed139b7d5f81c1e0a6a000af883b392	2026-08-26T02:04:38Z	Merge pull request #702 from ctxrs/ctx/ingestion-jsonl-contract-20260825	Excluded by fork guardrail: SDK/contracts/build or hosted-install/release/marketing surface.
49a2c22a6ab25416b0ebb4d94448e107a5210d26	2026-08-26T02:18:23Z	test(history): remove configured-root registry mirrors (#703)	Deferred: no independently portable change selected from metadata; inspect diff if a concrete need arises.
2c222aa9dcc8abffabb320a35407977a35846224	2026-08-26T03:01:25Z	Remove dormant Bazel REAPI profile (#705)	Excluded by fork guardrail: SDK/contracts/build or hosted-install/release/marketing surface.
cc6de679c68f089889fd5d17d6b38c580810b2f2	2026-08-26T03:35:11Z	test(capture): remove active-source proof runner (#706)	Deferred: no independently portable change selected from metadata; inspect diff if a concrete need arises.
7d9e715a0d7612e147f2a430fed4ea06c0296d1d	2026-08-26T03:43:24Z	Simplify search and refresh health receipts	Deferred: no independently portable change selected from metadata; inspect diff if a concrete need arises.
b4c062ccfb824a2cca729c59e7a2dad4910cfb77	2026-08-26T04:02:18Z	fix(claude): retain the latest duplicate UUID observation (#663)	Deferred: provider/import change not selected; no bounded, demonstrated fork gap established in this pass.
0844b85a2d8d9cace6d604e98ed2a2b16f46305b	2026-08-26T04:17:56Z	style(analytics): restore rustfmt compliance (#709)	Excluded by fork guardrail: network, telemetry, updater, or release-signing surface.
ed5a80ad8bf6e77b0cdff59b48910e54057e9525	2026-08-26T04:19:47Z	fix(discovery): admit large flat Codex archives (#711)	Deferred: provider/import change not selected; no bounded, demonstrated fork gap established in this pass.
d4831e3b18627acb008cd014044ba2828dee0333	2026-08-26T04:24:49Z	fix(codex): retain bounded record diagnostics (#712)	Deferred: provider/import change not selected; no bounded, demonstrated fork gap established in this pass.
8509e67a6e80fea9c7732f112580c2e90bc27a4a	2026-08-26T04:47:21Z	feat(cli): clarify history health presentation (#713)	Deferred: no independently portable change selected from metadata; inspect diff if a concrete need arises.
5fbdbcb157091fed6c5434cdd01bc47d02852668	2026-08-26T04:52:59Z	fix(cli): satisfy doctor Clippy gate (#714)	Deferred: no independently portable change selected from metadata; inspect diff if a concrete need arises.
0d290b0ad369cc4b864a10437d6903288d287645	2026-08-26T05:26:55Z	docs: refresh Codex attribution parser revision (#715)	Deferred: architecture/product direction is outside this fork’s local CLI/importer scope.
f9096f10facc333d763b1d8057dd94128dd7d669	2026-08-26T05:34:16Z	release: prepare ctx 1.1.3 (#716)	Deferred: no independently portable change selected from metadata; inspect diff if a concrete need arises.
7b0178db126a2e5c7989ee4ca2f24320f258a429	2026-08-26T06:36:12Z	fix(cli): preserve empty sources in JSON (#719)	Deferred: no independently portable change selected from metadata; inspect diff if a concrete need arises.
16dcf8ca1393611b718e92ecd54389a4b47711b7	2026-08-26T07:37:26Z	docs(mcp): drop mirrored parser revision pins (#720)	Deferred: no independently portable change selected from metadata; inspect diff if a concrete need arises.
d333100707a5ec5496b667e0dbb0401339086afc	2026-08-26T07:43:28Z	fix(cli): keep configured empty roots visible (#723)	Deferred: no independently portable change selected from metadata; inspect diff if a concrete need arises.
ff596d985c6def52fa19ba0cf6a5ba48eaa27032	2026-08-26T08:22:03Z	fix(history): admit valid large index segment topology (#724)	Deferred: no independently portable change selected from metadata; inspect diff if a concrete need arises.
25a03d2f3f94f3f465d0879b17e19c7084a7b723	2026-08-26T10:57:18Z	test(index): assert append work against live topology (#729)	Deferred: no independently portable change selected from metadata; inspect diff if a concrete need arises.
c590a888c0b3f7b4bd94982bd5595062d558b204	2026-08-26T12:33:42Z	Fix oversized Codex refresh and retain rejection diagnostics (#733)	Deferred: provider/import change not selected; no bounded, demonstrated fork gap established in this pass.
204a4d4d800ea863c003f17f3aec4af8a545fe24	2026-08-26T14:33:17Z	Consolidate bounded search execution (#740)	Deferred: no independently portable change selected from metadata; inspect diff if a concrete need arises.
076fb90a177d265d2e56f7f704098e679462b784	2026-08-26T16:38:52Z	test(cli): remove orphaned search contract copies (#741)	Excluded by fork guardrail: SDK/contracts/build or hosted-install/release/marketing surface.
efd09fe41a9e7a377531855b688c1654dae5ae20	2026-08-26T17:09:06Z	refactor(cli): unify human count formatting (#742)	Deferred: no independently portable change selected from metadata; inspect diff if a concrete need arises.
3a78bc826cc915f4cbe0c0636a4240ce08c2f72c	2026-08-26T17:15:52Z	docs: document status JSON schema v2 (#736)	Deferred: no independently portable change selected from metadata; inspect diff if a concrete need arises.
c51a56d1ddb83aecb02b97c504d17f08fafd88bd	2026-08-26T18:00:18Z	test: fold Grok qualification into CLI package (#745)	Deferred: no independently portable change selected from metadata; inspect diff if a concrete need arises.
347811c69ec2f9b273baecaf66cf84298b7ea35c	2026-08-26T18:35:07Z	refactor(history): delete retired capture facades (#746)	Deferred: no independently portable change selected from metadata; inspect diff if a concrete need arises.
0a69c3903947d9216351f68c185ba40c3c348861	2026-08-26T18:55:15Z	test(cli): consolidate provider rejection contracts (#747)	Excluded by fork guardrail: SDK/contracts/build or hosted-install/release/marketing surface.
bc8bfa7983545424d836f6b31bd3126889196da2	2026-08-26T19:05:02Z	fix(history): fail closed without usable sources (#734)	Deferred: no independently portable change selected from metadata; inspect diff if a concrete need arises.
813ad0866390809da97bbd660438ef8f60c0a539	2026-08-26T19:27:17Z	test(mcp): consolidate semantic transport contracts (#748)	Excluded by fork guardrail: SDK/contracts/build or hosted-install/release/marketing surface.
4e034d8d95806ad4a60d16228e39db5339a515ad	2026-08-26T20:19:52Z	fix(semantic): batch source-page backfill (#722)	Deferred: architecture/product direction is outside this fork’s local CLI/importer scope.
07d4b4019e5e840d009f29afae615f44acd692d8	2026-08-26T21:04:09Z	fix(semantic): enable CUDA on WSL and report backend (#749)	Deferred: architecture/product direction is outside this fork’s local CLI/importer scope.
dbbbd51b8b09899bd9d40e47474fdff957d11635	2026-08-26T21:23:40Z	fix(history): contain child open failures during tree discovery (#708)	Deferred: no independently portable change selected from metadata; inspect diff if a concrete need arises.
bd8267c9f385962a37a1259b684c246dc0f80c65	2026-08-26T21:34:44Z	fix(refresh): scope unclaimed-source retries by route (#735)	Deferred: no independently portable change selected from metadata; inspect diff if a concrete need arises.
1c383574d95b84b560c9d3c3edd67597779782af	2026-08-26T21:59:12Z	test(release): consolidate SBOM proof fixtures	Deferred: no independently portable change selected from metadata; inspect diff if a concrete need arises.
ea66befc06d2ef60075f7adab0056fceabf365b4	2026-08-26T22:12:00Z	fix(cursor): import native top-level-role transcripts (#743)	Deferred: provider/import change not selected; no bounded, demonstrated fork gap established in this pass.
ee867c0219c45033f9489ff3b194cf85abb7537e	2026-08-26T22:46:18Z	fix(jsonl): quarantine duplicate source identities (#739)	Deferred: no independently portable change selected from metadata; inspect diff if a concrete need arises.
f7254332c4f49bd354c610fbf189c6f8304270ec	2026-08-26T22:59:49Z	docs: remove stale semantic search ship plan	Deferred: architecture/product direction is outside this fork’s local CLI/importer scope.
ec8a4fe9fce63858601095b808080ef8662db49a	2026-08-26T23:06:47Z	test(source-io): remove inert open prohibition fake	Deferred: no independently portable change selected from metadata; inspect diff if a concrete need arises.
139d014437b4953da67e4daf2f4f87c9a29d6cdb	2026-08-26T23:14:36Z	fix(codex): project paginated plan completions (#751)	Deferred: provider/import change not selected; no bounded, demonstrated fork gap established in this pass.
092a8a583817ebd955b9cdfd245076c0f9819f1a	2026-08-26T23:23:24Z	test(index): simplify republish qualification (#754)	Deferred: no independently portable change selected from metadata; inspect diff if a concrete need arises.
7bb47c7a60f19eb81a9a86e17f09671f7e6ec14c	2026-08-26T23:39:57Z	fix(history): shrink source ownership failure state (#757)	Deferred: no independently portable change selected from metadata; inspect diff if a concrete need arises.
072fb4486553827fb2d5418a5ee4a3414855d9b4	2026-08-26T23:44:44Z	build: adopt cargo-fixit and cargo-shear (#756)	Deferred: no independently portable change selected from metadata; inspect diff if a concrete need arises.
33f552c576401b0a55b6a300b9e8ddbb0face053	2026-08-27T00:08:11Z	fix(upgrade): support read-only third-party installs (#728)	Excluded by fork guardrail: network, telemetry, updater, or release-signing surface.
cfa45d3ffa4c9318b8bcfd1f5e0d7df39362f738	2026-08-27T00:30:34Z	fix(cursor): retain best divergent transcript copy (#744)	Deferred: provider/import change not selected; no bounded, demonstrated fork gap established in this pass.
fe66965deb24d498c4392d266167ce5ebb56ffc1	2026-08-27T00:42:50Z	fix(import): centralize missing path diagnostics (#731)	Deferred: provider/import change not selected; no bounded, demonstrated fork gap established in this pass.
d73d92c3818d2ce49c184a41dd7b18ab8fc3fe30	2026-08-27T01:08:05Z	refactor(upgrade): centralize artifact checksum verification (#758)	Excluded by fork guardrail: network, telemetry, updater, or release-signing surface.
4d2e6ba585e394026bab95dec86ae4cf3d4485df	2026-08-27T02:34:04Z	test(history): deduplicate provider runtime JSONL contract	Excluded by fork guardrail: SDK/contracts/build or hosted-install/release/marketing surface.
68b56740d24c6e6602f32f9c02b4474b60b34a06	2026-08-27T02:48:33Z	test: remove unused CLI UX observer	Deferred: no independently portable change selected from metadata; inspect diff if a concrete need arises.
8926ef7213395674374a4b135b9d724fcfa7daa3	2026-08-27T03:21:51Z	test(terminal): simplify raw output policy (#761)	Deferred: no independently portable change selected from metadata; inspect diff if a concrete need arises.
cc0ddaf8c98b207fdc84ac551e433454d501248f	2026-08-27T03:41:15Z	refactor(upgrade): keep automatic scheduling daemon-owned (#762)	Excluded by fork guardrail: network, telemetry, updater, or release-signing surface.
efef14c62f2de1ba95372146dc465beba291c239	2026-08-27T04:08:05Z	feat(history): add native fx provider support	Deferred: provider/import change not selected; no bounded, demonstrated fork gap established in this pass.
ff03011e30f0c0975a6da99bd6aec698961fd397	2026-08-27T05:21:54Z	fix(history): preserve SQLite import file headroom	Deferred: provider/import change not selected; no bounded, demonstrated fork gap established in this pass.
c34736216885bbf67bc64a2991369921c685775c	2026-08-27T09:46:05Z	feat: report local Blame usage (#765)	Deferred: architecture/product direction is outside this fork’s local CLI/importer scope.
8664f979ead16390f8c42d8e53d53f95405d7ac6	2026-08-27T10:12:27Z	feat(search): synchronize semantic index for manual wait (#726)	Deferred: architecture/product direction is outside this fork’s local CLI/importer scope.
6b486624f7ee01f86072658d98947d9eca041cf7	2026-08-27T10:34:44Z	refactor: remove inert telemetry correlation (#770)	Excluded by fork guardrail: network, telemetry, updater, or release-signing surface.
aa5994d34453f84605fb1b33ddc88f453402eafd	2026-08-27T12:48:47Z	refactor(search): simplify candidate execution	Deferred: no independently portable change selected from metadata; inspect diff if a concrete need arises.
720f3ab78a0452085d4e8b9a44e70f7976989405	2026-08-27T13:47:00Z	fix(search): preflight ready semantic generations	Deferred: architecture/product direction is outside this fork’s local CLI/importer scope.
fe816a29c2bc1ea05d1e3b46a3278986c116352c	2026-08-27T16:33:50Z	feat(cli): clarify search result identity	Excluded by fork guardrail: network, telemetry, updater, or release-signing surface.
7a7f6f78c7787a0674f16317435cfff4bd97b7f2	2026-08-27T16:52:16Z	fix(upgrade): preserve verbatim paths in Windows extractors (#768)	Excluded by fork guardrail: network, telemetry, updater, or release-signing surface.
9957a711802e0ff53ddefded8c5a63b2c345d573	2026-08-27T17:05:24Z	fix(installer): unify Windows managed path identity (#774)	Excluded by fork guardrail: network, telemetry, updater, or release-signing surface.
1a4ae2ce2788d06f8eeda22ccd19a780eb16596e	2026-08-27T17:40:11Z	fix(cli): simplify search result metadata	Deferred: no independently portable change selected from metadata; inspect diff if a concrete need arises.
c83b409782a42f4847a2ba8f765e2a41e9f445cb	2026-08-27T17:57:48Z	Remove inert daemon telemetry test variants	Excluded by fork guardrail: network, telemetry, updater, or release-signing surface.
8016f686ffca86783299ec7b53baae7c769e73a7	2026-08-27T18:42:21Z	test(search): remove public relevance fixture materializer	Deferred: no independently portable change selected from metadata; inspect diff if a concrete need arises.
e28318b88ab14b48378b31aed54a73a6a99ed5e3	2026-08-27T19:16:17Z	Add semantic lifecycle commands and runtime-only repair (#778)	Deferred: architecture/product direction is outside this fork’s local CLI/importer scope.
25f838137b1f770148d961dfd69a7f06e56a9a1f	2026-08-27T20:57:07Z	test(cli): restore crate size budget	Deferred: no independently portable change selected from metadata; inspect diff if a concrete need arises.
bdf6787a07bf0a21305530706aa520e30d008076	2026-08-27T21:02:56Z	feat(cli): show human timestamps in local time	Deferred: no independently portable change selected from metadata; inspect diff if a concrete need arises.
9938f617a1744f3d2cdf969b00b45acf109d35e8	2026-08-27T21:22:40Z	fix(integrations): maintain existing agent skills (#698)	Deferred: no independently portable change selected from metadata; inspect diff if a concrete need arises.
1649f36bb3335e89c6f8b6d914180f414211d19a	2026-08-27T21:28:03Z	test(policy): recalibrate physical crate-size cap	Deferred: no independently portable change selected from metadata; inspect diff if a concrete need arises.
22c164b3ad6aad862c740e825179373fb0aeab36	2026-08-27T21:50:32Z	fix(history): make watcher recovery lossless and bounded	Deferred: no independently portable change selected from metadata; inspect diff if a concrete need arises.
bef1f4dc2fbbb166ebb8cb17cce3b506b00183fb	2026-08-27T21:56:25Z	refactor(sdk): deprecate hosted placeholders	Excluded by fork guardrail: SDK/contracts/build or hosted-install/release/marketing surface.
a24fe5212994bb816daadce3f71b347f2ce3deda	2026-08-27T22:40:19Z	release: prepare ctx 1.2.0	Deferred: no independently portable change selected from metadata; inspect diff if a concrete need arises.
fbf73c77c90f10b01a78e10a4add051c1101df09	2026-08-27T23:59:03Z	fix(release): validate unmanaged upgrade fail-safe (#786)	Excluded by fork guardrail: network, telemetry, updater, or release-signing surface.
5d12770149af0a0f3af9a2c96370714521058e99	2026-08-28T05:15:52Z	fix(upgrade): support RFC 2544 fake-IP routing (#788)	Excluded by fork guardrail: network, telemetry, updater, or release-signing surface.
edf7119e3e3e268d5647f330d8c75b39896d877c	2026-08-28T05:23:15Z	release: prepare ctx 1.2.1 (#789)	Deferred: no independently portable change selected from metadata; inspect diff if a concrete need arises.
85023aaa2c62761bc15c41aef3736c353ccc64e5	2026-08-28T14:21:45Z	fix(semantic): use verified generation identity (#795)	Excluded by fork guardrail: network, telemetry, updater, or release-signing surface.
89de86fe96d07b24b627da85520242c969895b45	2026-08-28T14:48:24Z	fix: honor daemon startup progress during setup handoff (#794)	Deferred: architecture/product direction is outside this fork’s local CLI/importer scope.
b66497840df0f2106d21ff18309c00b99e697ce5	2026-08-28T15:00:56Z	fix(history): filter native watcher access events (#800)	Deferred: no independently portable change selected from metadata; inspect diff if a concrete need arises.
ecbd66ca119173a667768a79f4ce4df587fbee12	2026-08-28T15:28:26Z	fix(history): preserve oversized JSONL records (#796)	Deferred: no independently portable change selected from metadata; inspect diff if a concrete need arises.
da53d1475b6fb9d74c22d74742dd52d88f8734ff	2026-08-28T15:41:47Z	fix(upgrade): retire fake-IP address policy (#801)	Excluded by fork guardrail: network, telemetry, updater, or release-signing surface.
f7ceb48719ef6a48bbd6a466c804fb02767963f1	2026-08-28T16:27:37Z	feat(import): report net index deltas (#803)	Deferred: provider/import change not selected; no bounded, demonstrated fork gap established in this pass.
11d90357c5afd77b999ca3d441811b7a1749c724	2026-08-28T18:34:22Z	fix(history): simplify SQLite terminal publication (#806)	Deferred: no independently portable change selected from metadata; inspect diff if a concrete need arises.
79809b1178d85a9118fff691488a55e840882192	2026-08-28T19:33:24Z	telemetry: add privacy-safe delivery observability	Excluded by fork guardrail: network, telemetry, updater, or release-signing surface.
81af78d7fe92e51b0efbfca3c9da267aeefa4ab9	2026-08-28T19:35:47Z	fix(refresh): pause repeated background failures (#809)	Deferred: no independently portable change selected from metadata; inspect diff if a concrete need arises.
523e23b4611b4056e777376115442ef2f238213f	2026-08-28T19:52:36Z	refactor(semantic): separate embedding contract from execution	Excluded by fork guardrail: SDK/contracts/build or hosted-install/release/marketing surface.
73940a57b9bc3cf037aa9fd671392da8fb7b056c	2026-08-28T20:10:21Z	release: prepare ctx 1.2.2 (#810)	Deferred: no independently portable change selected from metadata; inspect diff if a concrete need arises.
dd5b7a15f3b1af723d4297a21aa15de5533d0959	2026-08-28T20:40:25Z	fix(refresh): avoid repeated watch-catalog verification (#811)	Deferred: no independently portable change selected from metadata; inspect diff if a concrete need arises.
45731bac5275b54a76a4e8bfe704b660bfb77a09	2026-08-28T20:48:47Z	fix(history): isolate deep verification and bound daemon shutdown (#812)	Deferred: architecture/product direction is outside this fork’s local CLI/importer scope.
5998532811fa2b9689ce966f6ff0a7253986f5d7	2026-08-29T00:42:26Z	fix(opencode): handle file parts without indexing payloads	Deferred: provider/import change not selected; no bounded, demonstrated fork gap established in this pass.
f857c0d64bea1caa8d9180c7739e335e01a85e22	2026-08-29T03:34:18Z	fix(upgrade): allow Core-only managed updates (#817)	Excluded by fork guardrail: network, telemetry, updater, or release-signing surface.
53c4784cf9b6f99b558c251a12212d27e2fb7ee3	2026-08-29T03:39:13Z	release: prepare ctx 1.2.3 (#818)	Deferred: no independently portable change selected from metadata; inspect diff if a concrete need arises.
5a64da94c3465e21a620791039c91713b6f02141	2026-08-29T13:11:03Z	fix: query ready semantic state without daemon	Deferred: architecture/product direction is outside this fork’s local CLI/importer scope.
794efcc8fcb7b3c911cc37155d25a555ba198b8a	2026-08-29T16:37:02Z	fix(search): wait for semantic catch-up after refresh (#826)	Deferred: architecture/product direction is outside this fork’s local CLI/importer scope.
ebaab787dbba5d4cb840fff6dc433c57ab1894f7	2026-08-29T17:15:41Z	fix(telemetry): recover background delivery health (#827)	Excluded by fork guardrail: network, telemetry, updater, or release-signing surface.
64f673f144dc53e71bc903b3d81c528897257923	2026-08-29T17:36:04Z	release: prepare ctx 1.2.4 (#828)	Deferred: no independently portable change selected from metadata; inspect diff if a concrete need arises.
1e9aede5913398f84c741105583988c2bed46da8	2026-08-29T18:20:09Z	feat(semantic): support external embedding executors	Deferred: architecture/product direction is outside this fork’s local CLI/importer scope.
f3520bd8d5acb2ca376bbc7f596673f0b754a2e7	2026-08-29T14:52:55Z	fix: default foreground Core ML embeddings to CPU	Deferred: no independently portable change selected from metadata; inspect diff if a concrete need arises.
2e3498f4c608eb95845747d14b5db0444f49127b	2026-08-29T19:42:07Z	fix: scope Core ML CPU default to foreground composition	Deferred: no independently portable change selected from metadata; inspect diff if a concrete need arises.
bbac7618572fd6e9ed855b02caed48f8b510b8ce	2026-08-29T20:10:10Z	Merge pull request #834 from ctxrs/maintainer/issue-823-coreml-default	Deferred: no independently portable change selected from metadata; inspect diff if a concrete need arises.
8db226981ae6d0ad81c5465f22bfe7992ed12641	2026-08-29T14:53:27Z	fix(semantic): preserve native runtime loader details	Deferred: architecture/product direction is outside this fork’s local CLI/importer scope.
5230ebc06f2fb18dc1877dc9d9689f77b9e0e3e5	2026-08-29T15:05:19Z	test(semantic): cover native runtime error chains	Deferred: architecture/product direction is outside this fork’s local CLI/importer scope.
1322b80063293f8ae69455166320da7b8073753b	2026-08-29T19:45:14Z	fix(semantic): surface nested ONNX loader details	Deferred: architecture/product direction is outside this fork’s local CLI/importer scope.
7815cddc07cc53b8bb0a17bc6bfeb2b7da39c75a	2026-08-29T20:12:41Z	fix(semantic): retain native ONNX loader chains across paths	Deferred: architecture/product direction is outside this fork’s local CLI/importer scope.
cd1f3f544d009f0437ec113f663abe530b4bbe6a	2026-08-29T20:32:36Z	Merge pull request #836 from ctxrs/codex/issue-658-loader-diagnostics-remediation	Deferred: provider/import change not selected; no bounded, demonstrated fork gap established in this pass.
3d4ced423cbe21eaa212de0388d813be1409f667	2026-08-29T19:49:17Z	ci: gate macOS release CLI/runtime pairs	Deferred: no independently portable change selected from metadata; inspect diff if a concrete need arises.
91394233a6cc46a7c23b10c32cd367f462e2ea0f	2026-08-29T20:18:59Z	fix(release): verify macOS pair evidence	Deferred: no independently portable change selected from metadata; inspect diff if a concrete need arises.
d291bce84f044d6fb0c74d7d5116ae6192023db3	2026-08-29T20:46:58Z	fix(release): bind assembly to macOS pair receipts	Deferred: no independently portable change selected from metadata; inspect diff if a concrete need arises.
fde287e5791d5a57fe1c7d4122e537ab743bb73b	2026-08-29T20:49:17Z	fix(release): fail closed macOS pair qualification	Deferred: no independently portable change selected from metadata; inspect diff if a concrete need arises.
b58031ea91c423a30f4f865e5b4791ab61101493	2026-08-29T20:50:10Z	fix(ci): bind macOS release gates to qualified bytes	Deferred: no independently portable change selected from metadata; inspect diff if a concrete need arises.
49870632d610fe1f74ef2de67e5f1375c124d519	2026-08-29T20:55:39Z	test(release): keep macOS qualification tests within LOC gate	Deferred: no independently portable change selected from metadata; inspect diff if a concrete need arises.
86de730191466295ffdd807a80dd1c7261279443	2026-08-29T21:17:18Z	fix(release): enforce macOS qualification boundaries	Deferred: no independently portable change selected from metadata; inspect diff if a concrete need arises.
da7c28adeb3ede5862c857c9144a9f499526dbcf	2026-08-29T21:41:08Z	Merge pull request #831 from ctxrs/issue-658-release-pair-gates	Deferred: no independently portable change selected from metadata; inspect diff if a concrete need arises.
c94ef4fb4b48ed49f84bf5a9038478cdd3b8b441	2026-08-29T20:06:54Z	fix(refresh): make verified publication request-terminal	Deferred: no independently portable change selected from metadata; inspect diff if a concrete need arises.
211f2436d1a984e558a5f6d51d7e40763ce0051b	2026-08-29T20:07:00Z	fix(daemon): keep acknowledged unknown requests unobservable	Deferred: architecture/product direction is outside this fork’s local CLI/importer scope.
c8d653afaab79276a80b1d112b0760e97ea8e55b	2026-08-29T20:34:23Z	fix(daemon): make lost request outcomes non-resubmittable	Deferred: architecture/product direction is outside this fork’s local CLI/importer scope.
a05968df2a15bd11f8d9ad9562865afeb9540805	2026-08-29T20:37:47Z	fix(refresh): retain newer exhaustive route coverage	Deferred: no independently portable change selected from metadata; inspect diff if a concrete need arises.
451f63c0cc8a4eeb5ae2809368f7e1d6bfe99dcf	2026-08-29T20:43:01Z	fix(refresh): recover exhaustive failed route ownership	Deferred: no independently portable change selected from metadata; inspect diff if a concrete need arises.
7477792fb109a0e257b0049998100c3c2d43bdb0	2026-08-29T20:43:11Z	test(daemon): cover unretained acknowledged wait request	Deferred: architecture/product direction is outside this fork’s local CLI/importer scope.
7d14dd7ea6567d49a6e3f5ddb91927a0c948fb33	2026-08-29T20:44:15Z	test(refresh): isolate crash recovery journal	Deferred: no independently portable change selected from metadata; inspect diff if a concrete need arises.
267ec0dd13c0237c28897a5914c38123e64fa004	2026-08-29T20:57:34Z	fix(refresh): harden terminal recovery boundaries	Deferred: no independently portable change selected from metadata; inspect diff if a concrete need arises.
87bae2c0aa4800a9f4f98ab8ef01e5be5420e7fb	2026-08-29T22:03:32Z	fix(refresh): complete terminal finalization recovery	Deferred: no independently portable change selected from metadata; inspect diff if a concrete need arises.
60abf497d5a49924404d3739b27f1a8dcf3d5b25	2026-08-29T22:03:40Z	test(cli): align acknowledged outcome taxonomy	Deferred: no independently portable change selected from metadata; inspect diff if a concrete need arises.
35cbd9aa55a755b905662757d0043d219c8f7360	2026-08-29T22:09:07Z	test(daemon): await overflow maintenance handoff	Deferred: architecture/product direction is outside this fork’s local CLI/importer scope.
327fb21fff381ee246aeb8bd79f1d7f702763adc	2026-08-29T23:27:39Z	fix(refresh): retain terminal root through finalization	Deferred: no independently portable change selected from metadata; inspect diff if a concrete need arises.
fcf048ce5014e8ac8c8b592362814f7ee93252c6	2026-08-29T23:27:55Z	test(daemon): make overflow handoff deterministic	Deferred: architecture/product direction is outside this fork’s local CLI/importer scope.
a62169da4ba43afaeaf43860895e140697537986	2026-08-30T00:11:14Z	test(refresh): terminate writer before crash recovery	Deferred: no independently portable change selected from metadata; inspect diff if a concrete need arises.
89f751634a2518a227b2820fce11fe36ad310e09	2026-08-30T00:53:41Z	Merge pull request #835 from ctxrs/codex/issue-819-request-terminality	Deferred: provider/import change not selected; no bounded, demonstrated fork gap established in this pass.
12c72cc85941ea053a2f8c54352eb5dfd2b65693	2026-08-29T20:04:58Z	fix(daemon): reap owned finite workers on interrupt	Deferred: architecture/product direction is outside this fork’s local CLI/importer scope.
8fea4db6eed6f5f60d5a7dc27c772700de5a93d4	2026-08-30T01:08:10Z	fix(daemon): scope finite worker cancellation authority	Deferred: architecture/product direction is outside this fork’s local CLI/importer scope.
609113fd3bf8a6eb2257ce3bc49cd6df3f842a1a	2026-08-30T04:00:02Z	feat: support pluggable semantic embedding spaces	Deferred: architecture/product direction is outside this fork’s local CLI/importer scope.
98d4a0cac6e0138e4261ce99214719ab61aa764b	2026-08-30T06:23:07Z	fix: preserve Core availability after semantic activation failure	Deferred: architecture/product direction is outside this fork’s local CLI/importer scope.
a2636c46e89ab9180e1ba6149e7ad344ee519f59	2026-08-30T22:35:54Z	fix: use traversal-only Windows source ancestors	Deferred: no independently portable change selected from metadata; inspect diff if a concrete need arises.
69e2fad9e7f8dd2821a73f0c12d7ad54f55e3fc2	2026-08-31T04:32:52Z	refactor(config): extract application configuration boundary	Deferred: no independently portable change selected from metadata; inspect diff if a concrete need arises.
2f46154e5578f8d6d2dc6974a2d610be4a3a6496	2026-08-31T04:33:03Z	test(config): enforce application boundary and release inventory	Deferred: no independently portable change selected from metadata; inspect diff if a concrete need arises.
7bdba3b087ea91ca6b74a99422f13332406459cf	2026-08-31T05:42:03Z	refactor(daemon): remove obsolete config host methods	Deferred: architecture/product direction is outside this fork’s local CLI/importer scope.
3505dd64cad7ac5d15f67abc6c50aaca44345bdf	2026-08-29T13:11:03Z	fix: query ready semantic state without daemon	Deferred: architecture/product direction is outside this fork’s local CLI/importer scope.
27c100a39d1df0dd8efb6f3a13d21359d37c7566	2026-08-29T20:01:28Z	fix: preserve passive semantic executor behavior	Deferred: architecture/product direction is outside this fork’s local CLI/importer scope.
4f01ec2302192e33d991c17d7f2e445f55293b48	2026-08-29T20:34:14Z	fix: make daemon-free semantic queries passive	Deferred: architecture/product direction is outside this fork’s local CLI/importer scope.
d35fb2428b3e56a055dd2cd8336fc757e4543747	2026-08-29T20:34:19Z	build: record passive snapshot dependency	Deferred: no independently portable change selected from metadata; inspect diff if a concrete need arises.
c45e058ca31b4c1f730225a08d2aa000ddcffa0b	2026-08-29T20:39:11Z	test: cover passive semantic snapshots	Deferred: architecture/product direction is outside this fork’s local CLI/importer scope.
1fecefa55bddc45dd33e76ca535a0c851e17bb28	2026-08-29T20:42:50Z	refactor: isolate passive model loading policy	Deferred: no independently portable change selected from metadata; inspect diff if a concrete need arises.
54eed28fdcfe842b3faffb404323d84ddf6798e9	2026-08-29T20:44:48Z	test: stabilize passive semantic fixtures	Deferred: architecture/product direction is outside this fork’s local CLI/importer scope.
2369d7af0ddb7e5113e7e2984174b30709a7f2a9	2026-08-29T20:52:46Z	build: refresh Bazel dependency lock	Excluded by fork guardrail: SDK/contracts/build or hosted-install/release/marketing surface.
ce719b9f9624eb03d303b37575404265e807c391	2026-08-29T22:45:47Z	fix: coordinate passive semantic snapshots	Deferred: architecture/product direction is outside this fork’s local CLI/importer scope.
819e134f86ea2312517d261fc34b4f4ff7050b7e	2026-08-29T22:46:02Z	fix: retain passive semantic diagnostics	Deferred: architecture/product direction is outside this fork’s local CLI/importer scope.
2f79d6769fd05f693f4eb7ff5455a33147248bdc	2026-08-29T22:59:06Z	fix: fail closed on passive cache corruption	Deferred: no independently portable change selected from metadata; inspect diff if a concrete need arises.
a8c1192a2ad4f2bd1a8cf16a8da64dfd107b1b09	2026-08-29T23:07:10Z	refactor: keep passive coordination modules bounded	Deferred: no independently portable change selected from metadata; inspect diff if a concrete need arises.
e0c1425eebda4b3f2a60e6cecd94cfdbb3395162	2026-08-29T23:16:58Z	fix: support symlinked semantic parent paths	Deferred: architecture/product direction is outside this fork’s local CLI/importer scope.
07879fb6b38e24a0a00c2273354109d40386457c	2026-08-29T23:23:19Z	fix: keep passive model target lints strict	Deferred: no independently portable change selected from metadata; inspect diff if a concrete need arises.
6debc1928948c7e769b55a6c94ec9dc9f82cca89	2026-08-29T23:51:38Z	test: keep semantic dependency fixture exact	Deferred: architecture/product direction is outside this fork’s local CLI/importer scope.
f488dfd54f116580eb87ea3efd896b2fb4d57475	2026-08-30T00:04:35Z	test: canonicalize the macOS handoff temp root	Deferred: no independently portable change selected from metadata; inspect diff if a concrete need arises.
451c63993e4815953767557ffc454914bfe61247	2026-08-30T00:13:21Z	test: respect Darwin filename encoding	Deferred: no independently portable change selected from metadata; inspect diff if a concrete need arises.
7c3636ce08583be23f3d5c15b442b4c8894d0eca	2026-08-30T00:39:05Z	fix: keep passive cache tests target-strict	Deferred: no independently portable change selected from metadata; inspect diff if a concrete need arises.
f126ab929e68e1a706f4fcc47aa69faa4ba61671	2026-08-30T00:40:29Z	style: satisfy Windows semantic model lints	Deferred: architecture/product direction is outside this fork’s local CLI/importer scope.
18688005de1553099ca3a0832f935e127cf80975	2026-08-30T01:28:49Z	style: keep semantic cache within source limit	Deferred: architecture/product direction is outside this fork’s local CLI/importer scope.
b20d427183d53a60fc781fd4b82b20166a1a2525	2026-08-30T04:37:41Z	fix: preserve passive V2 semantic contracts	Excluded by fork guardrail: SDK/contracts/build or hosted-install/release/marketing surface.
e23f7f23039adc8fae495cf18b6ed9c51ea5c14d	2026-08-30T05:10:36Z	test: serialize passive executor environment	Deferred: no independently portable change selected from metadata; inspect diff if a concrete need arises.
c7e293cdbd4ed0f33f1d50b2cb1230b90fae1ca5	2026-08-30T05:38:59Z	test: secure semantic query roots on Windows	Deferred: architecture/product direction is outside this fork’s local CLI/importer scope.
7cbc69d75ffef6ac2641bf8e325da18be01d93ad	2026-08-30T05:49:40Z	test: create private semantic index fixtures	Deferred: architecture/product direction is outside this fork’s local CLI/importer scope.
0cf4a4af4a8ef7af60f256bbfd54057420fd97b5	2026-08-30T06:20:08Z	test: diagnose semantic fixture authority	Deferred: architecture/product direction is outside this fork’s local CLI/importer scope.
5276dd5b5df725eeb9f859342f9c5e5d08bcce0a	2026-08-30T07:14:41Z	fix(windows): retain private root user ownership	Deferred: no independently portable change selected from metadata; inspect diff if a concrete need arises.
2d308ea24194a6a4b22a14d3ff165dd4cc5209b2	2026-08-30T08:58:33Z	fix(semantic): narrow passive snapshot coordination	Deferred: architecture/product direction is outside this fork’s local CLI/importer scope.
4f94c74cc7b528028162f6df1332048c8f8c03ba	2026-08-30T09:53:04Z	fix(semantic): close private root creation races	Deferred: architecture/product direction is outside this fork’s local CLI/importer scope.
162e00fe89b162d00fb0aed2a7b15e470ac8be15	2026-08-30T15:05:50Z	fix(windows): preserve legacy semantic root owners	Deferred: architecture/product direction is outside this fork’s local CLI/importer scope.
1ae5ca9f166c0df9b08698a4ebbda6390546e0a7	2026-08-30T15:59:26Z	fix(semantic): close passive root authority races	Deferred: architecture/product direction is outside this fork’s local CLI/importer scope.
f57744c4226425e2428b8b6df7ceccf19cd66e02	2026-08-30T16:16:23Z	test(semantic): isolate passive root authority	Deferred: architecture/product direction is outside this fork’s local CLI/importer scope.
48c162eb8d866e8c4c6de5593c5c0be55f7b5d2e	2026-08-30T17:32:11Z	test(windows): share ACL fixture across test modules	Deferred: no independently portable change selected from metadata; inspect diff if a concrete need arises.
0103d6b3df4230ccff0078dcb112a8faeee3e65e	2026-08-30T18:50:59Z	fix(windows): verify private ACL independently of owner	Deferred: no independently portable change selected from metadata; inspect diff if a concrete need arises.
c7fedf1e9e8895de7b60496baa1d7422428e0323	2026-08-30T18:56:00Z	test(daemon): isolate analytics inheritance policy	Excluded by fork guardrail: network, telemetry, updater, or release-signing surface.
4facb8667ba90051a5e5a657d44f5c17ced97455	2026-08-30T19:11:36Z	fix(windows): preserve passive root writer availability	Deferred: no independently portable change selected from metadata; inspect diff if a concrete need arises.
2fc39d986629896e675969d2c7ae139527b11e4e	2026-08-30T19:20:42Z	test(windows): split generic ACL owner regressions	Deferred: no independently portable change selected from metadata; inspect diff if a concrete need arises.
87ecd64797696ea407b209bd4b690f4e164dc914	2026-08-30T20:28:34Z	fix(semantic): hand off passive lock authority safely	Deferred: architecture/product direction is outside this fork’s local CLI/importer scope.
10526a8ace0c344d867c6735c69b6b4698da1feb	2026-08-30T22:04:29Z	test(core): wire canonical publication stage diagnostics	Deferred: no independently portable change selected from metadata; inspect diff if a concrete need arises.
a64576d3cd189f302d5483e58e7d0c68ebe4f5a4	2026-08-30T23:10:50Z	test(semantic): probe Windows pointer replacement failure	Deferred: architecture/product direction is outside this fork’s local CLI/importer scope.
dd011132f9060c124952d4e9fd45f49c3146b7f9	2026-08-31T01:13:58Z	fix(history): release Windows pointer fence before replace	Deferred: no independently portable change selected from metadata; inspect diff if a concrete need arises.
5da3b4170b4c0b42cf1ac9a9b607690f1b35c96c	2026-08-31T09:27:37Z	test(history): use portable reclamation fixture names	Deferred: no independently portable change selected from metadata; inspect diff if a concrete need arises.
2a4454f60a724ec15459ff773bd78e697375fd4d	2026-08-29T20:04:58Z	fix(daemon): reap owned finite workers on interrupt	Deferred: architecture/product direction is outside this fork’s local CLI/importer scope.
aef0fdc46c98d661b2c5795d3a56c1a3dacdb475	2026-08-30T01:08:10Z	fix(daemon): scope finite worker cancellation authority	Deferred: architecture/product direction is outside this fork’s local CLI/importer scope.
bd0685724fc1b9798e6f50e7ed79fdbacd0fba6a	2026-08-30T03:10:55Z	fix(cli): make finite worker cancellation race-safe	Deferred: no independently portable change selected from metadata; inspect diff if a concrete need arises.
dd262eaf86c7a3577d2496abe5d7301d8ce66bfc	2026-08-30T03:28:12Z	refactor(cli): centralize foreground interrupt finalization	Deferred: no independently portable change selected from metadata; inspect diff if a concrete need arises.
4d9f7ec7f9e8dae909fece2bc32ff71b62f27f99	2026-08-30T03:36:46Z	test(cli): cover native owned wait cancellation	Deferred: no independently portable change selected from metadata; inspect diff if a concrete need arises.
4be2e2f0d4272b5036db07937c63c860913fa9a2	2026-08-30T14:08:58Z	fix(daemon): authenticate reaped finite worker cleanup	Deferred: architecture/product direction is outside this fork’s local CLI/importer scope.
df1a065b4facd9f5e63c6ab0612e0fb0fb20a5fc	2026-08-30T14:08:58Z	fix(cli): preserve cancellation through final retries	Deferred: no independently portable change selected from metadata; inspect diff if a concrete need arises.
ad90f036286fad9e0dde15ec1f77a6d8916ebdc2	2026-08-30T15:05:25Z	fix(cli): cancel semantic readiness waits	Deferred: architecture/product direction is outside this fork’s local CLI/importer scope.
d1ea019f99e44899052f9b37a157e790c7b9d461	2026-08-30T17:24:31Z	test(daemon): use portable Unix session probes	Deferred: architecture/product direction is outside this fork’s local CLI/importer scope.
492de6173555ff2faad3a92309c2fa0520c3dcfa	2026-08-30T18:15:28Z	test(cli): split semantic cancellation tests	Deferred: architecture/product direction is outside this fork’s local CLI/importer scope.
a7f9da834f42eb6ebe44aa39d90ebdba098bed06	2026-08-31T13:36:55Z	Merge pull request #843 from ctxrs/maintainer/ctx-app-config-boundary-20260831	Deferred: no independently portable change selected from metadata; inspect diff if a concrete need arises.
6f76160b16447ccb78af7356eb346b51bc88459e	2026-08-29T19:52:36Z	fix daemon semantic readiness admission ordering	Deferred: architecture/product direction is outside this fork’s local CLI/importer scope.
8075e8a5264e08a8e253410017d9a0a6e57604b7	2026-08-29T19:56:11Z	feat(daemon): wait for exact semantic completion	Deferred: architecture/product direction is outside this fork’s local CLI/importer scope.
e1fc118bf436f24fb7fce65bebf2648fdb722921	2026-08-29T20:00:42Z	fix(import): complete semantic indexing after core publication	Deferred: architecture/product direction is outside this fork’s local CLI/importer scope.
3a0b1a7cea21a5cdbbfc8e1b1b9526ae0834c3b8	2026-08-30T14:01:25Z	Revert "fix(import): complete semantic indexing after core publication"	Deferred: architecture/product direction is outside this fork’s local CLI/importer scope.
ed7d20d0d067153a780a47e11c0fcc06ce98dd72	2026-08-30T15:08:55Z	fix(semantic): harden completion engine checkpoints	Deferred: architecture/product direction is outside this fork’s local CLI/importer scope.
7d13387934cf23578c10f0a6dda4472a6b3f6e03	2026-08-30T15:17:13Z	fix(semantic): preserve checkpoint error identity	Excluded by fork guardrail: network, telemetry, updater, or release-signing surface.
b742c7add2511abee5a2476e8012674d76c69824	2026-08-30T15:32:44Z	fix(import): complete exact semantic generation before success	Deferred: architecture/product direction is outside this fork’s local CLI/importer scope.
a98068fa136037df5b80e904135c1d410c0e7ecb	2026-08-30T16:20:29Z	fix(semantic): harden exact completion boundaries	Deferred: architecture/product direction is outside this fork’s local CLI/importer scope.
a852b0219a19eeff8ee4f8c095e435c8a12a6079	2026-08-30T16:20:46Z	test(import): exercise semantic completion contracts	Excluded by fork guardrail: SDK/contracts/build or hosted-install/release/marketing surface.
d92c276f45f527bf3d594957c3869f05f00616a2	2026-08-30T18:21:06Z	fix(cli): structure semantic completion errors	Deferred: architecture/product direction is outside this fork’s local CLI/importer scope.
903361503f756819f5529f2ba7b04919d1b27ba1	2026-08-30T18:33:53Z	refactor(cli): split semantic completion error mapper	Deferred: architecture/product direction is outside this fork’s local CLI/importer scope.
b42c7ce09612cd04939100fca77e1abfb3a3722f	2026-08-30T18:48:36Z	test(import): contract typed semantic completion failure	Excluded by fork guardrail: SDK/contracts/build or hosted-install/release/marketing surface.
c40de9476df2b58f2a4af8d4a0a5b0d6e6d8a363	2026-08-30T18:36:49Z	fix(semantic): publish durable reconciliation progress	Deferred: architecture/product direction is outside this fork’s local CLI/importer scope.
e64e88f90bacff2e28d9cf015571de4980b33556	2026-08-30T20:18:37Z	fix(semantic): acknowledge first-time empty generations without executor	Deferred: architecture/product direction is outside this fork’s local CLI/importer scope.
9cfd4563362983102f758249a4edda1920e03b3b	2026-08-30T20:52:24Z	fix(semantic): honor empty daemon admission boundaries	Deferred: architecture/product direction is outside this fork’s local CLI/importer scope.
aca38d739d7e268cdac14a39af4e3535d33cc9b1	2026-08-31T11:57:52Z	fix(semantic): surface terminal startup failures	Deferred: architecture/product direction is outside this fork’s local CLI/importer scope.
c83d77cbeaaafbd31730f629accf0f2d849950eb	2026-08-31T12:04:53Z	fix(semantic): pin one generation per daemon attempt	Deferred: architecture/product direction is outside this fork’s local CLI/importer scope.
e8a16916f5ed065864c675f4faf143f7799cb721	2026-08-31T12:10:02Z	fix(cli): preserve typed semantic failure classes	Deferred: architecture/product direction is outside this fork’s local CLI/importer scope.
a32bdd00aefa40744d53c5fdf8950c39102e3c7a	2026-08-31T13:39:49Z	Merge PR #822 contributor ancestry for #821	Deferred: no independently portable change selected from metadata; inspect diff if a concrete need arises.
e4096241f662312a2e1ee6e7f0167d4118f97ea1	2026-08-31T13:39:49Z	Merge #843 landing ancestry for #821	Deferred: no independently portable change selected from metadata; inspect diff if a concrete need arises.
6cc22a15fabff6b256bc23215c7de17f9150b2a6	2026-08-31T11:43:45Z	test(import): isolate USERPROFILE daemon fixture	Deferred: architecture/product direction is outside this fork’s local CLI/importer scope.
2bf1c9f5a561a55ed47b9dde6566599c56d202cc	2026-08-31T11:49:28Z	fix(daemon): handle owner retiring during handoff	Deferred: architecture/product direction is outside this fork’s local CLI/importer scope.
5c57dd7b598d243a4639e5909aae1aeb3182d4a6	2026-08-31T12:11:04Z	test(import): use platform-authentic NanoClaw and Kiro fixtures	Deferred: provider/import change not selected; no bounded, demonstrated fork gap established in this pass.
5203df4bceb4efd9c58467ce88a40270594e54e4	2026-08-31T12:13:55Z	test(import): assert publication rather than scheduler quiescence	Deferred: provider/import change not selected; no bounded, demonstrated fork gap established in this pass.
6f2f1bf375510e1ffbafa61cdb857cce1e30f24d	2026-08-31T12:17:22Z	test(daemon): gate scheduler cycle before forced shutdown	Deferred: architecture/product direction is outside this fork’s local CLI/importer scope.
f3758abf69e3c7e85fd024e823410258b2246321	2026-08-31T14:52:06Z	fix(windows): bound private state owner authority	Deferred: no independently portable change selected from metadata; inspect diff if a concrete need arises.
6528764bdb60305d6e3ef761aa3a7d48dbc4c8f0	2026-08-31T15:48:58Z	chore(windows): satisfy ACL source size gate	Deferred: no independently portable change selected from metadata; inspect diff if a concrete need arises.
e5bf8c8278472e15c8be292b4dfb9c5e71db12cb	2026-08-31T16:03:05Z	Merge pull request #846 from ctxrs/codex/portability-fix-forward-post-843	Deferred: provider/import change not selected; no bounded, demonstrated fork gap established in this pass.
b970e1fb9e0e18ac1ad487c3a139379ee5e5fc49	2026-08-31T16:05:45Z	Merge commit 'e5bf8c8278472e15c8be292b4dfb9c5e71db12cb' into maintainer/issue-821-contributor-post843-20260831	Deferred: no independently portable change selected from metadata; inspect diff if a concrete need arises.
273dd256f45bf237263b7c427790774f4dd6926b	2026-08-31T16:10:32Z	fix(index): scope republish test dead-code allowance	Deferred: no independently portable change selected from metadata; inspect diff if a concrete need arises.
71259ada20ed608f6e52d3a72dab5700e52d5c29	2026-08-31T17:21:10Z	test(windows): accept native sharing denials	Deferred: no independently portable change selected from metadata; inspect diff if a concrete need arises.
d0296baa081f027d12657486e11ef9811b73c0a4	2026-08-31T17:56:32Z	Merge pull request #822 from yusoofsh/fix/manual-semantic-refresh-off	Deferred: architecture/product direction is outside this fork’s local CLI/importer scope.
2623b37c098a29db3db1188d5dbca0b6d716e558	2026-08-31T18:01:56Z	Merge commit 'd0296baa081f027d12657486e11ef9811b73c0a4' into ctx/restack-820-on-821-20260831	Deferred: no independently portable change selected from metadata; inspect diff if a concrete need arises.
c14ccabbfd1eaad59dddb3c8f9f82666c7a37c45	2026-08-31T16:33:42Z	test(daemon): split owner wait regressions	Deferred: architecture/product direction is outside this fork’s local CLI/importer scope.
525c77d702f4beb8b62eb85c3e08c7796f81529c	2026-08-31T18:14:49Z	test(windows): prove exact finite worker kill fallback	Deferred: no independently portable change selected from metadata; inspect diff if a concrete need arises.
b5a260cb830cc54670052c10410cfbb07349ad12	2026-08-31T19:37:43Z	Merge contributor PR #833 ancestry into issue #820 integration	Deferred: no independently portable change selected from metadata; inspect diff if a concrete need arises.
5c964d99487b4e5e28ea5b4e3cc94bc398394b9e	2026-08-31T20:20:33Z	Merge pull request #833 from ctxrs/ctx/issue-820-finite-worker-cancel	Deferred: no independently portable change selected from metadata; inspect diff if a concrete need arises.
71fa3acfbfa29d9ea4af91ca53d96d18b153374a	2026-08-31T20:23:11Z	Merge post-#820 main into issue #830 integration	Deferred: no independently portable change selected from metadata; inspect diff if a concrete need arises.
9a7f63892e5f3747404a1b49b64d96766e9b0e9d	2026-08-31T16:22:08Z	docs(import): describe semantic completion gate	Deferred: architecture/product direction is outside this fork’s local CLI/importer scope.
d1b00554f141884a980535fb015a60b09ce066a4	2026-08-31T20:30:52Z	Merge pull request #832 from ctxrs/maintainer/issue-830-import-semantic-completion	Deferred: architecture/product direction is outside this fork’s local CLI/importer scope.
27bf451f0dd28ba89b6175b9ff91988bd9af17d9	2026-08-31T20:54:16Z	release: prepare ctx 1.3.0 (#847)	Deferred: no independently portable change selected from metadata; inspect diff if a concrete need arises.
2e752d61467ecddf6ca90775b8e587a5e5029755	2026-08-31T23:00:30Z	semantic: add built-in throttling control (#781)	Deferred: architecture/product direction is outside this fork’s local CLI/importer scope.
13a0f3f2194714d4160cd77586c3d78b7c7a8e6e	2026-08-31T23:14:50Z	release: allow Apple Security framework on macOS (#848)	Deferred: no independently portable change selected from metadata; inspect diff if a concrete need arises.
f98c5517b7e5c0a2c29ca1ad68d4c41ade667f1c	2026-08-31T23:37:17Z	test(daemon): consolidate throttling fixtures (#849)	Deferred: architecture/product direction is outside this fork’s local CLI/importer scope.
0ae3b0feb91e74981dabbe861fc3ffd59daf8ac8	2026-09-01T00:09:33Z	release: allow Windows native trust DLL (#850)	Deferred: no independently portable change selected from metadata; inspect diff if a concrete need arises.
a890c360052703b68cb89b17014cac6028c61f1d	2026-09-01T01:17:48Z	test(release): repair final qualification oracles (#851)	Deferred: no independently portable change selected from metadata; inspect diff if a concrete need arises.
41b69a301d2120ec07502061a3f9a653762b1b19	2026-09-01T01:45:51Z	test(search): match semantic generation fallback (#852)	Deferred: architecture/product direction is outside this fork’s local CLI/importer scope.
87aa8e5c887857e6d5676e4e523bfd2862570a82	2026-09-01T02:40:15Z	test(search): isolate daemon-backed contracts (#854)	Excluded by fork guardrail: SDK/contracts/build or hosted-install/release/marketing surface.
b77d7f85123054318a47551df66d2e97d3907eef	2026-09-01T03:51:04Z	fix(release): stage exact qualified evidence (#855)	Deferred: no independently portable change selected from metadata; inspect diff if a concrete need arises.
7e76e791b794b504c49d96c3db5b10474b413066	2026-09-01T06:22:46Z	fix(platform): resolve managed root from home only (#858)	Deferred: no independently portable change selected from metadata; inspect diff if a concrete need arises.
d43580bd21aefe8b5ffe896cfec5c5d2ba24f1a2	2026-09-01T16:43:52Z	feat(integrations): add MCP removal (#862)	Deferred: no independently portable change selected from metadata; inspect diff if a concrete need arises.
0690b91ebd3e5934b5dc6d45ae5157efa12fbdc5	2026-09-01T17:14:27Z	feat(pi): retain OMP parent session lineage (#857)	Deferred: no independently portable change selected from metadata; inspect diff if a concrete need arises.
370ab3948cb05a05d3c1207e113ffb47912ff58a	2026-09-01T19:00:33Z	fix(import): avoid predecessor rehash for index deltas (#863)	Deferred: provider/import change not selected; no bounded, demonstrated fork gap established in this pass.
3dcecc4fb2e59b7ad676075ecbdbbad07d17e48d	2026-09-01T20:31:07Z	feat(integrations): complete managed lifecycle (#864)	Deferred: no independently portable change selected from metadata; inspect diff if a concrete need arises.
3746259746a03e5513228128fc17cae7c247a674	2026-09-02T00:35:29Z	fix(semantic): prevent maintenance starvation (#866)	Deferred: architecture/product direction is outside this fork’s local CLI/importer scope.
85785ca6c1447a42b3ab925298e9134e7fa55737	2026-09-02T00:59:35Z	fix(cli): clarify partial history labels (#867)	Deferred: no independently portable change selected from metadata; inspect diff if a concrete need arises.
1bd91136621e169e731a5b7da611230ecfb76ad1	2026-09-02T02:41:41Z	refactor(telemetry): move delivery into daemon (#868)	Excluded by fork guardrail: network, telemetry, updater, or release-signing surface.
4848bd04f63b4ee601514f23d35d9aba5dc48572	2026-09-02T02:45:54Z	fix(import): skip unchanged SQLite source copies (#869)	Deferred: provider/import change not selected; no bounded, demonstrated fork gap established in this pass.
cc4de722d4e385281c525a8715d55b66bdc753ab	2026-09-02T15:05:47Z	Refresh managed skills after ctx upgrades (#873)	Excluded by fork guardrail: network, telemetry, updater, or release-signing surface.
1646e7fbd8dbb103d9a4e2a8ae7315ce30d31eba	2026-09-02T17:37:01Z	fix(upgrade): refresh managed man pages safely	Excluded by fork guardrail: network, telemetry, updater, or release-signing surface.
1227066f2422ba16021ac34449aac25929cb79f4	2026-09-02T18:42:54Z	refactor(upgrade): bind artifact redirects to signed origin	Excluded by fork guardrail: network, telemetry, updater, or release-signing surface.
9adf354b49944a168552e4fbd6b68f144ce032bf	2026-09-02T19:05:08Z	fix(upgrade): publish managed pair in contract order	Excluded by fork guardrail: network, telemetry, updater, or release-signing surface.
937f42a7da742d39d0daa32d7233cc53d9824e60	2026-09-02T19:36:35Z	refactor(cli): remove obsolete compatibility flags	Deferred: no independently portable change selected from metadata; inspect diff if a concrete need arises.
28426d64985c9f6843c948dd4090704a10c88752	2026-09-02T19:39:30Z	Complete the immutable snapshot reader boundary (#880)	Deferred: no independently portable change selected from metadata; inspect diff if a concrete need arises.
3744f67412dbf03ef7cb06ecb0c61a5c47e21852	2026-09-02T20:25:38Z	refactor(daemon): extract refresh client boundary (#882)	Deferred: architecture/product direction is outside this fork’s local CLI/importer scope.
0e5ad3c835c25fad2fc83f135b8a9d3943b6205a	2026-09-02T20:38:46Z	fix(snapshot-reader): reopen retained predecessor (#883)	Deferred: no independently portable change selected from metadata; inspect diff if a concrete need arises.
e44fb5623db966254f195c182d7642f9df013cb2	2026-09-02T21:11:32Z	release: prepare ctx 1.3.1 (#884)	Deferred: no independently portable change selected from metadata; inspect diff if a concrete need arises.
7ee6bb517807af32433ec4001b27652e31792238	2026-09-02T21:16:37Z	refactor(history): simplify source boundary enforcement	Deferred: no independently portable change selected from metadata; inspect diff if a concrete need arises.
0b016e0fa534537d1a8943e98edea42e4172f77f	2026-09-02T21:37:38Z	refactor(history): simplify provider lifecycle machinery	Deferred: provider/import change not selected; no bounded, demonstrated fork gap established in this pass.
0211c466316a3bde53e403c8625b5d4a83be8958	2026-09-02T21:42:14Z	fix(index): lease active generation readers (#871)	Deferred: architecture/product direction is outside this fork’s local CLI/importer scope.
d1b3608f21ccc8286a075925d1886fb6341c6be7	2026-09-02T21:42:19Z	refactor(history): share canonical event projection	Deferred: no independently portable change selected from metadata; inspect diff if a concrete need arises.
c6cc85d64518849b21f444c8ad69e50ffd95e969	2026-09-02T21:52:11Z	Simplify affected Bazel test selection (#886)	Excluded by fork guardrail: SDK/contracts/build or hosted-install/release/marketing surface.
9c286f90bae0d35d81bea1d14e3a77dee3ff7e2f	2026-09-02T21:52:51Z	fix(index): preserve certification through reclamation (#887)	Deferred: no independently portable change selected from metadata; inspect diff if a concrete need arises.
541890a9c7dfc59d0530dd8962b73f848987bf05	2026-09-02T21:59:15Z	refactor(daemon): restore service-local refresh client	Deferred: architecture/product direction is outside this fork’s local CLI/importer scope.
48b6e3b47a208d3b36c9ba0e2fb366cb4642edb8	2026-09-02T22:03:33Z	fix(build): narrow history source label checks (#889)	Deferred: no independently portable change selected from metadata; inspect diff if a concrete need arises.
f8cabb4db9e6bc8dcc0f4a4f2f94741f196bc734	2026-09-02T22:15:11Z	test(ci): simplify CI entrypoint contract (#891)	Excluded by fork guardrail: SDK/contracts/build or hosted-install/release/marketing surface.
bf56ab5897e29c2ff6eb7abf69c5ec4d7bc2d3a9	2026-09-02T22:51:23Z	refactor(refresh): unify publication authority (#892)	Deferred: no independently portable change selected from metadata; inspect diff if a concrete need arises.
74faa3a2ab0b350d679b6987a704da84abd9068d	2026-09-02T23:57:32Z	refactor(core): make generations the publication authority (#894)	Deferred: architecture/product direction is outside this fork’s local CLI/importer scope.
7f6903cf3bc30103543951f939a52ed192bc78b8	2026-09-03T00:30:59Z	fix: resolve inherited strict Clippy violations (#890)	Deferred: no independently portable change selected from metadata; inspect diff if a concrete need arises.
d8286b30fbdeb47fbdd917f66da94d2900529c83	2026-09-03T00:50:57Z	refactor(refresh): preserve typed terminal outcomes (#876)	Deferred: no independently portable change selected from metadata; inspect diff if a concrete need arises.
d753b454f3eb5dbb3e41e06ac7505512da90d4da	2026-09-03T01:18:41Z	refactor(refresh): canonicalize terminal outcomes (#895)	Deferred: no independently portable change selected from metadata; inspect diff if a concrete need arises.
075ba67c472222666e54e866cb6174230dc6cefc	2026-09-03T01:43:45Z	build: simplify Rust toolchain pin authority (#896)	Deferred: no independently portable change selected from metadata; inspect diff if a concrete need arises.
c75ced0f933e456c4d8a6ead8568be91b02c40d6	2026-09-03T02:56:58Z	refactor(upgrade): consolidate managed pair lifecycle (#893)	Excluded by fork guardrail: network, telemetry, updater, or release-signing surface.
f91fa2d3777dac2767ec251fe3a2252114a05ff2	2026-09-03T03:16:34Z	fix(upgrade): bind resumed managed pair identity (#897)	Excluded by fork guardrail: network, telemetry, updater, or release-signing surface.
684659a95978f3997d5c0d27ed66da7e58d67f0f	2026-09-03T10:06:22Z	refactor(refresh): centralize engine request-state authority (#899)	Deferred: no independently portable change selected from metadata; inspect diff if a concrete need arises.
8df5f9ca745af25a69ea6b303e91f411cbc1bb2e	2026-09-03T16:30:35Z	fix(upgrade): make managed pair finalization crash safe	Excluded by fork guardrail: network, telemetry, updater, or release-signing surface.
6d947e1ede6baf17ac439344f290c8d715aec1ff	2026-09-03T17:11:52Z	test: consolidate shared test support (#900)	Deferred: no independently portable change selected from metadata; inspect diff if a concrete need arises.
5402f575f993eb0d498f5d7183582b9932db967c	2026-09-03T18:52:55Z	fix(terminal): restore raw output ownership (#901)	Deferred: no independently portable change selected from metadata; inspect diff if a concrete need arises.
b575c6ca6d9d7ce2d6fb9738f4ca7ba436b73107	2026-09-03T20:10:19Z	Simplify refresh compatibility and harden recovery (#902)	Deferred: no independently portable change selected from metadata; inspect diff if a concrete need arises.
f576ed37e309b7b61d1331f65075cc740bdafa30	2026-09-03T22:23:22Z	fix Windows managed-pair qualification (#903)	Deferred: no independently portable change selected from metadata; inspect diff if a concrete need arises.
aa062102e2a2b686788986a39674a616b18b60e5	2026-09-04T01:11:13Z	test(daemon): stabilize terminal upgrade event observation (#906)	Excluded by fork guardrail: network, telemetry, updater, or release-signing surface.
d2792cd52e224122f26db8e7cad78eeb7d1e19df	2026-09-04T03:01:08Z	test(cli): gate upgrade-only daemon support (#908)	Excluded by fork guardrail: network, telemetry, updater, or release-signing surface.
9391ba9050958ad69625e5834bf197b259b3ef4a	2026-09-04T03:10:39Z	fix(index): preserve retained generation certification (#909)	Deferred: architecture/product direction is outside this fork’s local CLI/importer scope.
76eddce2220ba7758f55b7eb68cb1f626ad4e1d4	2026-09-04T06:21:46Z	Bound refresh reader lifetime during generation replacement (#907)	Deferred: architecture/product direction is outside this fork’s local CLI/importer scope.
b0cb6cef0ad2672674fd83cab16fae65e753082f	2026-09-04T07:45:03Z	test(cli): stabilize daemon contract harness (#911)	Excluded by fork guardrail: SDK/contracts/build or hosted-install/release/marketing surface.
4338adbb7c1420221ac4a2c75f277bc4300561e3	2026-09-04T09:56:40Z	release: prepare ctx 1.3.2 (#904)	Deferred: no independently portable change selected from metadata; inspect diff if a concrete need arises.
15de5dbac00247964c37df547bee9b26d3158f89	2026-09-04T14:59:44Z	fix(release): harden v1.3.2 factory harnesses (#912)	Deferred: no independently portable change selected from metadata; inspect diff if a concrete need arises.
dd04a2cc98a2a13aee0c0c73d85782c1d35547a6	2026-09-04T17:30:34Z	fix(release): honor semantic smoke import timeout (#913)	Deferred: architecture/product direction is outside this fork’s local CLI/importer scope.
e5e02a9f88e8f251026779dd33d41e9e737a8a8f	2026-09-04T18:18:22Z	fix(retention): reclaim released generations promptly	Deferred: architecture/product direction is outside this fork’s local CLI/importer scope.
1ad98043aa834cdb534a81cfdab6fe7ba4c1fb37	2026-09-04T20:16:19Z	feat(telemetry): report bucketed daemon storage observations	Excluded by fork guardrail: network, telemetry, updater, or release-signing surface.
1e3171a1434fe5e2e4802e06f8249cc0459ff957	2026-09-05T01:49:58Z	fix(index): recognize released payloads for source rebuild	Deferred: no independently portable change selected from metadata; inspect diff if a concrete need arises.
ea4a2316b755f8ea56923386f77484c2f0d16983	2026-09-05T02:18:18Z	Keep refresh requests pending until terminal results persist	Deferred: no independently portable change selected from metadata; inspect diff if a concrete need arises.
ff2226c4526acfca9d46772f8c1723e7ca0a9fbe	2026-09-05T02:35:34Z	fix(show): preserve opaque structured JSON nulls	Deferred: no independently portable change selected from metadata; inspect diff if a concrete need arises.
35e901f32cb1505abb3e5ff849eef725a63432ab	2026-09-05T03:15:53Z	fix(import): preserve direct JSONL order and valid result records	Deferred: provider/import change not selected; no bounded, demonstrated fork gap established in this pass.
873422c060a571ab1c54d92966b376cf3392715b	2026-09-05T03:23:03Z	fix(cli): preserve setup JSON and companion routing contracts	Excluded by fork guardrail: SDK/contracts/build or hosted-install/release/marketing surface.
d14eb317c0c8ac7b56e05e2ed7a9bae17f4cab5b	2026-09-05T03:37:24Z	Validate route coverage in partial refresh source failures	Deferred: no independently portable change selected from metadata; inspect diff if a concrete need arises.
585fed195018f2c3258443f677a8e6482b3bad52	2026-09-05T04:23:54Z	Use positive filters to skip unrelated lexical postings	Deferred: no independently portable change selected from metadata; inspect diff if a concrete need arises.
2d66f9bf22d7e97630cfb27d6a6141db09bee724	2026-09-05T04:37:53Z	fix(install): recover interrupted managed-pair publication copies	Deferred: no independently portable change selected from metadata; inspect diff if a concrete need arises.
26ce8331f7a117ca3ca21cf62a570161e0170091	2026-09-05T04:58:14Z	fix(refresh): preserve journal errors and effective retry status	Deferred: no independently portable change selected from metadata; inspect diff if a concrete need arises.
db614f8378629fb5df4339faa8bba311bbf556f1	2026-09-05T05:13:17Z	Bound history-source header reads before buffering	Deferred: no independently portable change selected from metadata; inspect diff if a concrete need arises.
e6091afa5ff845f344eee3e44fb0c0ef1cc2e914	2026-09-05T05:45:36Z	fix(sdks): preserve JSON, retry errors, and queries in six languages	Excluded by fork guardrail: SDK/contracts/build or hosted-install/release/marketing surface.
10238c496484bd64356c45be379aed1a1acf9dce	2026-09-05T06:24:22Z	Fix managed pair retry discovery and cleanup reporting	Deferred: no independently portable change selected from metadata; inspect diff if a concrete need arises.
400f2f5550194512763c53b95ba820bdac786261	2026-09-05T07:29:16Z	Fix supervisor test isolation and document lexical output search	Deferred: no independently portable change selected from metadata; inspect diff if a concrete need arises.
76cabb3aac31b83e9b582721abe8c2672147e7ef	2026-09-05T07:49:51Z	Scope queued analytics to each data root's consent	Excluded by fork guardrail: network, telemetry, updater, or release-signing surface.
1a378f4de8a34a79bb0e248495a98c042c46d943	2026-09-05T09:01:13Z	Remove capture facade dependencies from app configuration	Deferred: no independently portable change selected from metadata; inspect diff if a concrete need arises.
d70496416725bb79fb44e6c1694d449e479d2ff8	2026-09-05T15:34:18Z	fix(swift): preserve event payloads, retry errors, and literal queries	Deferred: no independently portable change selected from metadata; inspect diff if a concrete need arises.
95aaf52561230a2f704ea3a44a769954c6951d19	2026-09-05T17:17:21Z	Preserve durable refresh identity and pending setup status	Excluded by fork guardrail: network, telemetry, updater, or release-signing surface.
7b99c8aa8cf5884453f02b59ad99dd83ebe1be4a	2026-09-05T18:29:56Z	Remove generic locality fields from status and all seven SDKs	Excluded by fork guardrail: SDK/contracts/build or hosted-install/release/marketing surface.
8b644967a57c7a6874250b27212bf8d613671d31	2026-09-05T22:25:06Z	Route stable upgrades through the bridge and complete the first managed pair	Excluded by fork guardrail: network, telemetry, updater, or release-signing surface.
a16a8023dd172ecd88003241bb49c5789a247067	2026-09-05T23:40:06Z	Retire pre-bridge upgrade handling from current releases	Excluded by fork guardrail: network, telemetry, updater, or release-signing surface.
2ba1b48fb4b17bfe34d8b174038df80606ff34b6	2026-09-06T01:51:37Z	fix(semantic): prevent tokenizer truncation of document chunks	Deferred: architecture/product direction is outside this fork’s local CLI/importer scope.
08768312fb0225165a971a72bdadc5de271b27d1	2026-09-06T06:23:06Z	fix(build): require executable Cargo target owners	Deferred: no independently portable change selected from metadata; inspect diff if a concrete need arises.
d5fd46e41e896f4221af793975053dc8c115b1f3	2026-09-06T15:15:38Z	fix(codex): preserve distinct item and call identities	Deferred: provider/import change not selected; no bounded, demonstrated fork gap established in this pass.
8541cbcef538d8f43c29a94859fcba4fe42bc494	2026-09-06T15:28:39Z	Confirm terminal refresh journal durability before completion	Deferred: no independently portable change selected from metadata; inspect diff if a concrete need arises.
1595b89e3de8aed0e76d8901e54a3ddfaee36f4a	2026-09-06T15:38:54Z	fix(search): show and cite the winning semantic passage	Deferred: architecture/product direction is outside this fork’s local CLI/importer scope.
8132bd537e4cfb9ea94a704f09121e8322cd5b93	2026-09-06T18:27:47Z	test(performance): measure startup-owned cold refresh	Deferred: no independently portable change selected from metadata; inspect diff if a concrete need arises.
5bc167b9048d83ec0f61ea2ce49d87e465be3948	2026-09-07T01:14:19Z	test(daemon): capture lifecycle output without pipe backpressure	Deferred: architecture/product direction is outside this fork’s local CLI/importer scope.
ca4840a63c3089d0aa8d36ee173de1daa704b35d	2026-09-07T05:04:35Z	test(release): bind native smoke to current analytics outbox	Excluded by fork guardrail: network, telemetry, updater, or release-signing surface.
1e199c7e95960f48af4d5dbb02f2d259a5aea26c	2026-09-07T17:16:09Z	Clean up failed rebuild candidates and report observed disk pressure	Deferred: no independently portable change selected from metadata; inspect diff if a concrete need arises.
475af9624c70bf54e9a3a44ba49d769fd8408e8e	2026-09-09T22:09:25Z	release: prepare ctx 1.4.0 and SDK contract v2 (#959) [skip ci]	Excluded by fork guardrail: SDK/contracts/build or hosted-install/release/marketing surface.
1dc6d684c62ccfdb86ee1733e69144a824a745f4	2026-09-09T22:41:33Z	fix(release): align Windows imports with post-bridge source (#960) [skip ci]	Deferred: provider/import change not selected; no bounded, demonstrated fork gap established in this pass.
5b3fb3ac63a0ecb66ba943a5d0e9380134320726	2026-09-10T12:15:23Z	fix: restore telemetry recovery reporting in 1.4.1 (#962) [skip ci]	Excluded by fork guardrail: network, telemetry, updater, or release-signing surface.
9e54f79a44bf73827df4e10ed46585b407b876fc	2026-09-10T20:56:36Z	fix(macos): prevent lost watcher stops in 1.4.2 (#964)	Deferred: no independently portable change selected from metadata; inspect diff if a concrete need arises.
f23db93f5a586991958e63357f144baacbd02b0d	2026-09-10T22:49:30Z	fix(release): isolate lzma and retain active build inputs (#965)	Deferred: no independently portable change selected from metadata; inspect diff if a concrete need arises.
2f0e2c0f3bf6cbcb7cbebb7e3d6f30d00d456cd1	2026-09-12T15:17:23Z	fix: recover file-limited readers and report stalled refreshes	Deferred: no independently portable change selected from metadata; inspect diff if a concrete need arises.
93bba06e2003592832d724e59941012173583933	2026-09-12T15:52:28Z	fix: report semantic startup failures and explain runtime installation	Deferred: architecture/product direction is outside this fork’s local CLI/importer scope.
37afd7233fc3b5321bfcb81fa4cfcb371e9660b0	2026-09-12T16:16:39Z	test: repair Cargo subprocess test ownership	Deferred: no independently portable change selected from metadata; inspect diff if a concrete need arises.
b34bec11b087c0de19af78413fe82ce4e2730153	2026-09-12T16:39:57Z	fix: bound semantic manifests with immutable catalog pages	Deferred: architecture/product direction is outside this fork’s local CLI/importer scope.
97410e9bf62017a1a787794bb850f9a85e453e99	2026-09-12T20:06:46Z	fix: restore provider refresh completeness and macOS freshness	Deferred: provider/import change not selected; no bounded, demonstrated fork gap established in this pass.
1f3f198042b666ce844576e2b6bd818e486cda94	2026-09-12T22:11:37Z	fix: preserve SQLite locks while securing semantic files	Deferred: architecture/product direction is outside this fork’s local CLI/importer scope.
00089b8a1c2209c8ad3962ab3a91d665a653ccc2	2026-09-12T22:34:39Z	fix: retain native Cursor turn timestamps	Deferred: provider/import change not selected; no bounded, demonstrated fork gap established in this pass.
4dddeae88ffc4d34b768bbe48b6c6b7ccbc8317c	2026-09-12T23:10:12Z	fix: preserve local usage SQLite lock ownership	Deferred: no independently portable change selected from metadata; inspect diff if a concrete need arises.
e4602f787c55ba9e4ef76e000d47fea9ff4a7344	2026-09-13T00:58:00Z	security: reassess bounded release advisory exceptions	Deferred: no independently portable change selected from metadata; inspect diff if a concrete need arises.
ce1e6cf5cef904925c4ac15db5f585e400ce7db6	2026-09-14T06:37:21Z	fix: qualify tmpfs roots and preserve source rejection reasons	Deferred: no independently portable change selected from metadata; inspect diff if a concrete need arises.
6442e92f34fb3e2b50ddca3ae5ec2dd5a6aeaf4e	2026-09-14T07:53:34Z	fix(doctor): avoid retry advice for rejected records	Deferred: no independently portable change selected from metadata; inspect diff if a concrete need arises.
eca0fa7d77246af48b211bc5e4686534b92c1ea3	2026-09-14T08:24:26Z	fix(mcp): enumerate metadata for large events	Deferred: no independently portable change selected from metadata; inspect diff if a concrete need arises.
a9980606570f659f9ae4ef1a9a44fead3f61fd1c	2026-09-14T14:53:19Z	fix: source-root health and refresh diagnostics for 1.4.3	Deferred: no independently portable change selected from metadata; inspect diff if a concrete need arises.
4cc2cd17b87a96e504ea2e55b7ee5745c74e0576	2026-09-14T21:30:07Z	fix(telemetry): preserve typed refresh cause diagnostics	Excluded by fork guardrail: network, telemetry, updater, or release-signing surface.
002a9c530016339e850b16ef443a2600d7918f5a	2026-09-14T22:32:51Z	build: pin the tested Rust toolchain consistently	Deferred: no independently portable change selected from metadata; inspect diff if a concrete need arises.
d301e3fe05d5cd1a0c043c376da7ecb04d9c3b3e	2026-09-14T22:44:56Z	fix: preserve intermediate Semantic assistant messages	Deferred: architecture/product direction is outside this fork’s local CLI/importer scope.
e623ec993f6afc6c8d3eef5c1f16f82e36db4afb	2026-09-14T23:29:16Z	fix(semantic): restore final-only lite turns	Deferred: architecture/product direction is outside this fork’s local CLI/importer scope.
2ab6faf9062769e147d3293d1a93e368e2cb84b8	2026-09-15T02:29:55Z	docs: clarify Windows source-build prerequisites	Deferred: no independently portable change selected from metadata; inspect diff if a concrete need arises.
b5bc3c2aec6e06cd381e4f66922a73dfc0d5d22a	2026-09-15T03:40:54Z	fix(codex): capture literal facts from JSON string arguments	Deferred: provider/import change not selected; no bounded, demonstrated fork gap established in this pass.
4847bce32cf215d1ec21b747de86f32c39ad4b2f	2026-09-15T05:58:20Z	fix(codex): index literal patch-file references	Deferred: provider/import change not selected; no bounded, demonstrated fork gap established in this pass.
1012e523e02c0c84ee3272bdc09ee29b88258571	2026-09-15T06:53:09Z	Update Rustls for TLS handshake boundary fix (#991)	Deferred: no independently portable change selected from metadata; inspect diff if a concrete need arises.
9c542220823fbe61705733e2e7da72892648f040	2026-09-15T17:00:45Z	Preserve typed telemetry failure reasons across recovery	Excluded by fork guardrail: network, telemetry, updater, or release-signing surface.
fc53b2a4a3eac55ff02b98239dbda1153efcbd52	2026-09-15T18:35:58Z	Fix managed install directory permissions for 1.4.6 (#993)	Deferred: no independently portable change selected from metadata; inspect diff if a concrete need arises.
a6ee08e928b12d25fcb3ece538b3f145ac839003	2026-09-15T18:51:59Z	Preserve recovery bookkeeping while clearing diagnostics	Deferred: no independently portable change selected from metadata; inspect diff if a concrete need arises.
9beaeae5ee74e56db50d4a63195536e20ba27bac	2026-09-16T03:05:07Z	fix(daemon): preserve Linux owners when image inspection is denied	Deferred: architecture/product direction is outside this fork’s local CLI/importer scope.
d4813857b17030e6408490b79d074e3164dcb038	2026-09-16T15:08:18Z	fix(upgrade): format warnings and recover systemd start limits	Excluded by fork guardrail: network, telemetry, updater, or release-signing surface.
721f23656420ae8d8a0fa98b97e4c6d5814710c4	2026-09-16T15:59:39Z	fix(setup): publish initial index before returning (#1004)	Deferred: no independently portable change selected from metadata; inspect diff if a concrete need arises.
9c2e92d93d0cfd6c9d1f3271130935181b4447df	2026-09-16T16:36:19Z	release: prepare 1.4.9 setup patch	Deferred: no independently portable change selected from metadata; inspect diff if a concrete need arises.
fe4a760028fbce504d620096f459ad98527e4ac4	2026-09-16T19:12:46Z	fix(daemon): restore availability after upgrades and shell changes (#1006)	Excluded by fork guardrail: network, telemetry, updater, or release-signing surface.
f6946cba2382406668cd645c58d3d5e39be211a2	2026-09-16T21:50:42Z	fix(daemon): preserve Windows task ownership across upgrades	Excluded by fork guardrail: network, telemetry, updater, or release-signing surface.
31109e1d4fcb8dc522a70a24061c389ab44e42ef	2026-09-16T22:05:54Z	release: prepare 1.4.10 recovery patch	Deferred: no independently portable change selected from metadata; inspect diff if a concrete need arises.
17bbd24128e4419bea63a9d48a9a682eef3fbde5	2026-09-17T15:21:34Z	fix(upgrade): clean obsolete download artifacts (#1010)	Excluded by fork guardrail: network, telemetry, updater, or release-signing surface.
72b2197d523340038b707f34e90c57fa6ca587e6	2026-09-17T18:25:17Z	fix(codex): preserve explicit parents across reverted rollouts (#1011)	Deferred: provider/import change not selected; no bounded, demonstrated fork gap established in this pass.
c3fbd8b4f06ad1e84c5fff7836602cc9f3b04249	2026-09-20T13:23:48Z	fix: restore provider imports and prepare 1.4.11	Deferred: provider/import change not selected; no bounded, demonstrated fork gap established in this pass.
c774cccb39913b5e0457deba874af20fd4390436	2026-09-20T16:20:25Z	release: prepare 1.4.12	Deferred: no independently portable change selected from metadata; inspect diff if a concrete need arises.
73138509b13e26ed1ae565a045eadd52d84fe381	2026-09-21T04:58:32Z	Include native Blame in the public ctx 1.5 product	Deferred: architecture/product direction is outside this fork’s local CLI/importer scope.
137f60fe7e45238d96afeb41103432095aabf8a7	2026-09-21T13:56:10Z	Renew bounded advisories and make Windows install evidence optional	Deferred: no independently portable change selected from metadata; inspect diff if a concrete need arises.
12226c544a0a1c8f13bc4b77f7cff0f1c4dfeb90	2026-09-21T15:38:26Z	fix(deps): resolve service dependency advisories	Deferred: no independently portable change selected from metadata; inspect diff if a concrete need arises.
ca6602a3743dd3b647882f5a0a9d112b2932202d	2026-09-21T16:43:07Z	docs(site): remove commercial pages and describe Blame as core	Deferred: architecture/product direction is outside this fork’s local CLI/importer scope.
1e5aa1e245d5aaf940115cae0b74791071f398a8	2026-09-21T17:01:59Z	Allow installer evidence from an immutable release tag	Excluded by fork guardrail: SDK/contracts/build or hosted-install/release/marketing surface.
ffe973d224468e7a6c17f6f79d67e26ce9d1c3aa	2026-09-21T17:11:29Z	fix(opencode): isolate oversized history rows (#1024)	Related later SQL projection/hydration bound; architecture-specific implementation deferred.
11c94efcbf34d7447ec7229b80273d610ce28edb	2026-09-21T17:14:04Z	Fix portable PowerShell recovery fixture cleanup	Deferred: no independently portable change selected from metadata; inspect diff if a concrete need arises.
45edd87c23357949c42c0876f4449dd9d071b7e9	2026-09-21T17:27:08Z	Accept bounded multiline setup receipts	Deferred: no independently portable change selected from metadata; inspect diff if a concrete need arises.
c84ea28118114afb131cd718bd72bb6770f10be7	2026-09-21T17:50:01Z	Document ctx 1.5.0 in the changelog	Deferred: no independently portable change selected from metadata; inspect diff if a concrete need arises.
030b0ab8d648fc7a71483d05e6d9ee0da433cd43	2026-09-21T20:18:52Z	Add Devin as a history provider (#1017)	Deferred: provider/import change not selected; no bounded, demonstrated fork gap established in this pass.
f9574f906f57b31f7e48529d4a45dbcecb706d44	2026-09-21T21:12:05Z	release: prepare 1.6.0	Deferred: no independently portable change selected from metadata; inspect diff if a concrete need arises.
041fa53d8301ddf4bd2c24782c8f83d4f2e1ad5d	2026-09-22T06:26:26Z	fix: stop low-headroom refresh retry loops (#1032)	Deferred: no independently portable change selected from metadata; inspect diff if a concrete need arises.
8f017f9f59a429613848157ab8c6d2758e7a4134	2026-09-22T07:02:03Z	release: prepare 1.6.1 (#1033)	Deferred: no independently portable change selected from metadata; inspect diff if a concrete need arises.
90c7e1292c0484a587896bde0a31b0a62453dc52	2026-09-22T13:54:17Z	fix(installer): accept pretty hosted transaction receipts (#1037)	Excluded by fork guardrail: SDK/contracts/build or hosted-install/release/marketing surface.
6ba80f7e1a4b0ab091dc8cb043e948c58c4a4f4f	2026-09-22T14:22:21Z	fix(release): accept file-backed macOS signing secrets (#1038)	Excluded by fork guardrail: network, telemetry, updater, or release-signing surface.
280bc394bd7953c6ff88a0b7140706eeee94262f	2026-09-22T17:19:53Z	docs: add ctx 1.6.1 release notes (#1034)	Deferred: no independently portable change selected from metadata; inspect diff if a concrete need arises.
50d99961012163bdaaff203c7aa7fb350b7fac13	2026-09-22T18:46:38Z	fix(history): isolate logical spool overflow (#1040)	Deferred: no independently portable change selected from metadata; inspect diff if a concrete need arises.
23d118ca7d7cce419e0fc70b26dddf2de6a9e90b	2026-09-22T19:08:13Z	release: prepare 1.6.2 (#1041)	Deferred: no independently portable change selected from metadata; inspect diff if a concrete need arises.
a926631f44e571d3160cd69c3cdf8cd3ccba3081	2026-09-22T21:21:52Z	docs: add v1.6.2 changelog (#1042)	Deferred: no independently portable change selected from metadata; inspect diff if a concrete need arises.
14b8c2e412a2513c15cdca83a2c4a69de6623b81	2026-09-22T21:26:41Z	feat: add Blame indexing controls and progress (#1043)	Deferred: architecture/product direction is outside this fork’s local CLI/importer scope.
3225dec7bc92318283fbacbfa2e09ee473276dc3	2026-09-22T22:25:04Z	docs: add 1.6.3 release notes (#1045)	Deferred: no independently portable change selected from metadata; inspect diff if a concrete need arises.
fb7125dfa00498e1b98a608d6aafa5a40593bbc8	2026-09-22T22:55:41Z	Fix Devin lineage imports across compaction and nested delegation (#1044)	Deferred: provider/import change not selected; no bounded, demonstrated fork gap established in this pass.
f94d485b2496665e3dc0fcaf52e747f3e1bfc272	2026-09-24T13:10:46Z	Unify ctx history, graph, and Sift for 2.0	Deferred: architecture/product direction is outside this fork’s local CLI/importer scope.
e469ab36a715d3fc347cd4791e90f6da10d3d752	2026-09-24T14:38:42Z	Allow graph resolver framework in macOS release checks	Deferred: no independently portable change selected from metadata; inspect diff if a concrete need arises.
c8a13bb8c0c13d2d2e38df2736321752e31cc7fb	2026-09-24T14:48:41Z	docs: match README opening to ctx.rs (#1049)	Deferred: no independently portable change selected from metadata; inspect diff if a concrete need arises.
92858a6323813c011cb32abdeccecaf4181f3d31	2026-09-24T14:53:10Z	Allow graph system imports in Windows release check	Deferred: provider/import change not selected; no bounded, demonstrated fork gap established in this pass.
4c22e8b13649ea5ce9906031e3772c0b97038e6b	2026-09-24T15:45:29Z	Accept unified CLI size in release staging (#1051)	Deferred: no independently portable change selected from metadata; inspect diff if a concrete need arises.
61dd74884dd55c0c0709cdb7e92a54f5b789bb4d	2026-09-24T17:06:30Z	Accept ctx 2.0 hosted release publications (#1052)	Deferred: no independently portable change selected from metadata; inspect diff if a concrete need arises.
d7b1da6fe580c2ce757cc9a803e7b7560204dba6	2026-09-24T18:30:00Z	Qualify current installer feed before ctx 2.0	Excluded by fork guardrail: SDK/contracts/build or hosted-install/release/marketing surface.
c103817f25047283c7fd2f47f4a9945714d9cbfe	2026-09-24T19:55:16Z	docs: publish ctx 2.0 changelog	Deferred: no independently portable change selected from metadata; inspect diff if a concrete need arises.
ad18ec3f71a5f8c1f796c9226e307974223a0b9b	2026-09-24T20:44:28Z	Fix 2.0.1 upgrade reconciliation for core-only installs (#1055)	Excluded by fork guardrail: network, telemetry, updater, or release-signing surface.
617374ed5253f42b94f854b7d76bcfb21131aa25	2026-09-24T21:18:06Z	Repair daily telemetry materialization as receipts grow (#1058)	Excluded by fork guardrail: network, telemetry, updater, or release-signing surface.
806ca32d6790434d5fc632e525c78a0d1e222a4c	2026-09-24T21:27:00Z	fix(index): preserve certification when discarding unchanged candidates (#1056)	Deferred: no independently portable change selected from metadata; inspect diff if a concrete need arises.
e43ea957219f50b0b48d50663e771dce2f0bbd29	2026-09-24T21:53:58Z	Make Sift the sole output CLI and unify serde_json (#1059)	Deferred: architecture/product direction is outside this fork’s local CLI/importer scope.
859c41436cd7844f705c5584624b99b18b905b92	2026-09-24T23:36:20Z	Preserve Blame facts when large imports reach size bounds (#1060)	Deferred: architecture/product direction is outside this fork’s local CLI/importer scope.
497b5beb4e20e90b305777c1e10f2b4fc1947358	2026-09-24T23:51:30Z	Prepare ctx 2.0.2 release from current main	Deferred: no independently portable change selected from metadata; inspect diff if a concrete need arises.
c6f672fae568dd8f85afd45b25f19ade2b3ca726	2026-09-25T00:04:14Z	Keep attribution tests outside production source	Deferred: architecture/product direction is outside this fork’s local CLI/importer scope.
cff9cadbd0e86d25f21e0e835f261fef94ee5937	2026-09-25T00:12:57Z	Format Sift CLI sources for 2.0.2 CI	Deferred: architecture/product direction is outside this fork’s local CLI/importer scope.
9e28fe8b2bfb550563373fba50b82a2016f27399	2026-09-25T09:58:22Z	Document ctx 2.0.2 release (#1057)	Deferred: no independently portable change selected from metadata; inspect diff if a concrete need arises.
3975a4cea44cec5dc1653c334afd8403133059bf	2026-09-26T20:03:41Z	Reduce search memory and keep active transcript refresh moving	Deferred: no independently portable change selected from metadata; inspect diff if a concrete need arises.
65f9fcc589b0d17d891a034912064966d4db9d94	2026-09-27T03:20:43Z	Prepare ctx 2.0.3 patch release (#1071)	Deferred: no independently portable change selected from metadata; inspect diff if a concrete need arises.
062165fc7634a0d0a9563466db5e57ab7269b964	2026-09-27T04:05:29Z	Prepare ctx 2.0.4 and account for maintenance release history (#1072)	Deferred: no independently portable change selected from metadata; inspect diff if a concrete need arises.
d33e7f23f57b9dfe578f62dbff96965f57cc1d5c	2026-09-27T15:08:09Z	fix: restore upgrades for older clients (#1073)	Excluded by fork guardrail: network, telemetry, updater, or release-signing surface.
e61850204eb3f2b7b57bb06345630c912b8e9642	2026-09-27T16:03:03Z	fix: admit the reviewed maintenance upgrade bridge (#1074)	Excluded by fork guardrail: network, telemetry, updater, or release-signing surface.
f031972d373dafbc526c6394d152d0064be44e6b	2026-09-28T16:32:30Z	fix(source-io): keep macOS retained file identities stable across reboots (#1075)	Deferred: no independently portable change selected from metadata; inspect diff if a concrete need arises.
add078799081cedc979bb11e312489d2841f2258	2026-09-28T20:31:13Z	Prepare ctx 2.1.0 with scalable Blame and reliable setup	Deferred: architecture/product direction is outside this fork’s local CLI/importer scope.
dcbbe02bdd2a746d3af19bb3f6e981491b588a52	2026-09-28T21:34:56Z	Remove local build paths from release binaries	Deferred: no independently portable change selected from metadata; inspect diff if a concrete need arises.
b1dc797c3c09b414d5a70e3623566a038321bf81	2026-09-28T22:06:51Z	Document ctx 2.1.0	Deferred: no independently portable change selected from metadata; inspect diff if a concrete need arises.
3052b6367efaab7a3a982c9161de5b0994204fd1	2026-09-29T02:53:58Z	Fix history publication, Sift hooks and install recovery for 2.1.1	Deferred: architecture/product direction is outside this fork’s local CLI/importer scope.
de5d1cab0926924902e00b7810ca9468096dcf18	2026-09-29T03:24:24Z	Patch undici in installer and release tooling	Excluded by fork guardrail: SDK/contracts/build or hosted-install/release/marketing surface.
0ba5ef8f6b4ffc0cfbad38cb6594908c13bfae1e	2026-09-29T05:05:41Z	Preserve history verification across candidate merge deletion	Deferred: no independently portable change selected from metadata; inspect diff if a concrete need arises.
ef3f4cf16f4ae304ebed66675d22a54e65de1363	2026-09-29T16:20:24Z	Reduce history refresh CPU and fix SQLite WAL replay	Deferred: no independently portable change selected from metadata; inspect diff if a concrete need arises.
5692d0df0a2a0eb6ec9f4884958593c5ca653bb0	2026-09-29T17:27:56Z	Show readable sizes and actionable disk-space shortfalls	Deferred: no independently portable change selected from metadata; inspect diff if a concrete need arises.
36cd73fdc1fa8b9623854c9820cbb3e99f9ad46a	2026-09-29T17:57:06Z	Fix graph YAML streams and local document error handling	Deferred: no independently portable change selected from metadata; inspect diff if a concrete need arises.
e6207bc397a26e8a9eacba31f506da0a3e709880	2026-09-29T22:19:24Z	Reduce history refresh CPU and explain daemon activity	Deferred: architecture/product direction is outside this fork’s local CLI/importer scope.
24761ff6bad74ae092798af2e2b0b9730e108bda	2026-09-29T23:11:03Z	Fix Undici security advisories in service tooling	Deferred: no independently portable change selected from metadata; inspect diff if a concrete need arises.
bcf10399e4e325d1af0834b7647528e640701824	2026-09-30T00:08:22Z	Use CTX_DATA_ROOT for the complete managed data root (#1091)	Deferred: no independently portable change selected from metadata; inspect diff if a concrete need arises.
5ff0b1e5a8f8dc5f9b4ba43235a355ff0f96c026	2026-09-30T00:44:10Z	Add optional hosted history and portable backups	Deferred: no independently portable change selected from metadata; inspect diff if a concrete need arises.
522e93d09dd0ef9dc5bb15ff4a25c03947cc16ba	2026-09-30T01:22:22Z	release: prepare ctx 2.2.0	Deferred: no independently portable change selected from metadata; inspect diff if a concrete need arises.
a06d03606efd020c22882243bc6f9cc8f677eeae	2026-09-30T10:26:03Z	Fix interrupted upgrades and restore the older-client update path (#1098)	Excluded by fork guardrail: network, telemetry, updater, or release-signing surface.
d8d23fe88bc7610943fe779e453f24bd3ac3c327	2026-09-30T10:54:29Z	Prepare ctx 2.2.2 as the normal-performance recovery release	Deferred: no independently portable change selected from metadata; inspect diff if a concrete need arises.
004896f689eab17c257fb92f3a9c2d729a6da6df	2026-09-30T12:53:41Z	Admit the pinned 2.2.1 compatibility bridge after 2.2.2	Deferred: no independently portable change selected from metadata; inspect diff if a concrete need arises.
9803578ac84953334130b6bfa4436c47cc4d9c07	2026-09-30T16:54:53Z	Fix history import, relocated roots, and refresh recovery for 2.2.3	Deferred: provider/import change not selected; no bounded, demonstrated fork gap established in this pass.
5ae94f20a6574f8d4e3a948226f273e9141d26c9	2026-10-01T00:49:50Z	Add Graph, Sift, and Server telemetry for 2.2.4	Excluded by fork guardrail: network, telemetry, updater, or release-signing surface.
3a7e7a235d4960cc5076343246c8c4b2485a2b2d	2026-10-01T01:41:52Z	fix: retain required release proof after telemetry lock refactor (#1104)	Excluded by fork guardrail: network, telemetry, updater, or release-signing surface.
a70021a34f5b1bf2131252205714f76a90328702	2026-10-01T18:21:58Z	Fix migrated OpenCode imports and primary-session attribution	Deferred: architecture/product direction is outside this fork’s local CLI/importer scope.
7a1e4ae41dc702756c68b7188779ee104f0a740d	2026-10-01T19:16:36Z	Restore ctx skill guidance and prepare 2.2.5	Deferred: no independently portable change selected from metadata; inspect diff if a concrete need arises.
d0885f441fe8a7bb91bc95ce6a046d4f1d7dbc5e	2026-10-02T04:37:31Z	Fix finite import recovery and add incremental catch-up	Deferred: provider/import change not selected; no bounded, demonstrated fork gap established in this pass.
c7a366ab0747c285a782e373d0d4fa312ebb3c63	2026-10-02T14:01:29Z	Retain OpenCode 2 upgrade regression coverage	Excluded by fork guardrail: network, telemetry, updater, or release-signing surface.
85b867acb9b23f1852c7799be41d4ec18b58d1de	2026-10-02T14:37:59Z	fix(telemetry): accept Sift output-hook integration events (#1112)	Excluded by fork guardrail: network, telemetry, updater, or release-signing surface.
c13a92db70147533c256532384fe8baab6f87950	2026-10-02T17:52:19Z	fix(codex): reuse validated ownership on incremental no-op imports (#1114)	Deferred: provider/import change not selected; no bounded, demonstrated fork gap established in this pass.
56aaf35233ce7f8aa739c207525a3d67e6ddddbd	2026-10-05T22:07:27Z	fix: avoid repeated reads during incremental imports (#1118)	Watermark only; no code change selected.
